[
  {
    "Id": "454092",
    "ThreadId": "215631",
    "Html": "<p>I get a null reference exception when I try to snoop my application using source from snoopwpf-47581.&nbsp; The application I am running is a Prism based application. Our application presents a logon window before running the primary window.&nbsp; I can snoop the logon window but after authenticating and the Prism bootstrapper loads the shell and enumerates the modules I get the following null reference exception.</p>\r\n<p>Here is the stack.</p>\r\n<p>System.NullReferenceException occurred<br>&nbsp; Message=Object reference not set to an instance of an object.<br>&nbsp; Source=mscorlib<br>&nbsp; StackTrace:<br>&nbsp;&nbsp;&nbsp;&nbsp;&nbsp;&nbsp; at System.Object.GetType()<br>&nbsp;&nbsp;&nbsp;&nbsp;&nbsp;&nbsp; at System.Diagnostics.FilterElement.RefreshRuntimeObject(TraceFilter filter)<br>&nbsp;&nbsp;&nbsp;&nbsp;&nbsp;&nbsp; at System.Diagnostics.ListenerElement.RefreshRuntimeObject(TraceListener listener)<br>&nbsp;&nbsp;&nbsp;&nbsp;&nbsp;&nbsp; at System.Diagnostics.TraceSource.Refresh()<br>&nbsp;&nbsp;&nbsp;&nbsp;&nbsp;&nbsp; at System.Diagnostics.TraceSource.RefreshAll()<br>&nbsp;&nbsp;&nbsp;&nbsp;&nbsp;&nbsp; at System.Diagnostics.Trace.Refresh()<br>&nbsp;&nbsp;&nbsp;&nbsp;&nbsp;&nbsp; at System.Diagnostics.PresentationTraceSources.Refresh()<br>&nbsp;&nbsp;&nbsp;&nbsp;&nbsp;&nbsp; at Snoop.SnoopUI..ctor() in C:\\Users\\anwalker\\Downloads\\snoopwpf-47581\\WPF4\\Snoop 2.5\\Snoop\\SnoopUI.xaml.cs:line 56<br>&nbsp; InnerException:</p>\r\n<p>There are a few more peculiarities that we deal with.&nbsp; In the Main we check for single instance based upon the file location of the application the user is running.&nbsp;</p>\r\n<p>The odd thing is that I can fix the problem by commenting out all calls to PresentationTraceSources namespace in SnoopUI.xaml,cs and PropertyInformation.cs.&nbsp; After these changes I can successfully snoop the shell window of my application.</p>\r\n<p>I am not sure if I can create a test application that would be helpful in debugging the issue.&nbsp; I am running a 64bit application and 64bit snoop on a Windows 7 64bit box on .NET 4.</p>\r\n<p>Andy</p>",
    "PostedDate": "2010-06-10T09:58:05.6-07:00",
    "UserRole": null,
    "MarkedAsAnswerDate": null
  },
  {
    "Id": "454129",
    "ThreadId": "215631",
    "Html": "<p>Interesting. I've never seen a problem with PresentationTraceSources before.</p>\r\n\r\n<p>Is this a new issue? That is, have previous versions of Snoop worked for you? I speculate that they haven't.</p>\r\n\r\n<p>Can you Snoop if you wait till the main shell has been loaded (meaning ... don't Snoop the login window but wait till the main shell comes up)?</p>\r\n\r\n<p>I know you said it might be difficult, but could you try to create a simple test application? If we find a fix, it is very helpful as I go to integrate that fix. But, besides it would also allow me to take a look at this myself.</p>",
    "PostedDate": "2010-06-10T11:26:51.803-07:00",
    "UserRole": null,
    "MarkedAsAnswerDate": null
  },
  {
    "Id": "454185",
    "ThreadId": "215631",
    "Html": "<p>Well I have tried to put together a similar application but cannot get the same behavior.&nbsp; Makes me concerned about how we are initializing our application.&nbsp; I have a work around for now...&nbsp; If I have any luck tracking down the cause I will pass along the knowledge.</p>\r\n<p>Thanks for the response.</p>",
    "PostedDate": "2010-06-10T14:31:55.657-07:00",
    "UserRole": null,
    "MarkedAsAnswerDate": null
  },
  {
    "Id": "530541",
    "ThreadId": "215631",
    "Html": "\r\n<blockquote style=\"border:solid .1em #ccc; font-style:italic; margin:.25em 1em 0 1em; padding:0 .25em 0 .25em\">\r\n<strong>andywalkers wrote:</strong><br>\r\n<p>Well I have tried to put together a similar application but cannot get the same behavior.&nbsp; Makes me concerned about how we are initializing our application.&nbsp; I have a work around for now...&nbsp; If I have any luck tracking down the cause I will\r\n pass along the knowledge.</p>\r\n<p>Thanks for the response.</p>\r\n</blockquote>\r\n<p style=\"font-size:11pt\">Hi,</p>\r\n<p lang=\"en-GB\" style=\"font-size:11pt\">I encountered exactly the same problem. Are there any new findings concerning this issue? Also I would be happy to hear what caused the issue and what was your workaround.</p>\r\n<p lang=\"en-GB\" style=\"font-size:11pt\">Best regards,<br>\r\nCarsten</p>\r\n",
    "PostedDate": "2010-12-03T01:37:46.473-08:00",
    "UserRole": null,
    "MarkedAsAnswerDate": null
  },
  {
    "Id": "530982",
    "ThreadId": "215631",
    "Html": "\r\n<p>There have been no new findings on this issue ... I would love to get a hold of a simple test harness that illustrates this issue. Can you put one together? If so, I will debug in on it. If you can't, try debugging it yourself.</p>\r\n<p>Post back here, too, if you discover any solutions.</p>\r\n",
    "PostedDate": "2010-12-03T17:20:59.273-08:00",
    "UserRole": null,
    "MarkedAsAnswerDate": null
  },
  {
    "Id": "1325919",
    "ThreadId": "215631",
    "Html": "I am running into almost the same stack trace in .NET 4.0 without using snoop.  We are using an XBAP application hosted in IE.  In looking at the code, there appears to be a problem when the Trace.Refresh() is called at runtime.  Specifically we call this so all Trace's will get notified to refresh themselves due to a configuration change.  I've not be able to resolve this issue yet myself, but it appears to be tied in to the TraceFilters some how.  Don't know if this will help in the case of snoop or not, but believe this is a .NET Framework bug in the Trace code.\r<br />\n<br />\n   at System.Diagnostics.FilterElement.RefreshRuntimeObject(TraceFilter filter)\r<br />\n   at System.Diagnostics.ListenerElement.RefreshRuntimeObject(TraceListener listener)\r<br />\n   at System.Diagnostics.TraceSource.Refresh()\r<br />\n   at System.Diagnostics.TraceSource.RefreshAll()\r<br />\n   at System.Diagnostics.Trace.Refresh()\r<br />\n   at CustomApp.InstrumentationViewModel.UpdateAppSettings()<br />\n",
    "PostedDate": "2014-11-25T06:24:27.32-08:00",
    "UserRole": null,
    "MarkedAsAnswerDate": null
  }
]