[
  {
    "Id": "1054171",
    "ThreadId": "446368",
    "Html": "The <a href=\"http://msdn.microsoft.com/en-us/library/system.componentmodel.typeconverter.aspx\" rel=\"nofollow\">TypeConverter</a> for enums accepts a string of comma-separated names to support setting bit fields through XAML. The property editor in Snoop should allow this too, but currently this is impossible because we can't input custom text -- we only have a static combobox for selecting enum members.<br />\n<br />\nedit:  Turns out you can open another instance of Snoop to inspect the combobox in the first Snoop's property editor, and edit the EnumValueEditor's Value property to a comma-separated string. This surprisingly actually works, updating the enum value in the original app. Of course this is a completely impractical workaround, but too fun not to mention.<br />\n",
    "PostedDate": "2013-06-07T13:09:31.917-07:00",
    "UserRole": null,
    "MarkedAsAnswerDate": null
  },
  {
    "Id": "1054620",
    "ThreadId": "446368",
    "Html": "That is a very good point. I think this is a limitation for some people, and if time permits, we will work on this upon team approval. Would an option to allow the input of a string with comma separated enum values work?\r<br />\n<br />\nAlso, FYI we allow the community to submit features via GitHub, and the team reviews the code and merges it in.<br />\n",
    "PostedDate": "2013-06-09T13:19:37.053-07:00",
    "UserRole": null,
    "MarkedAsAnswerDate": null
  },
  {
    "Id": "1054627",
    "ThreadId": "446368",
    "Html": "Yes, just allowing free-form string input would be enough.<br />\n",
    "PostedDate": "2013-06-09T13:54:49.63-07:00",
    "UserRole": null,
    "MarkedAsAnswerDate": null
  }
]