[
  {
    "Id": "425154",
    "ThreadId": "207711",
    "Html": "<p>It would be nice if we could save the currently selected visual tree as a XAML file.</p>",
    "PostedDate": "2010-03-29T16:16:21.88-07:00",
    "UserRole": null,
    "MarkedAsAnswerDate": null
  },
  {
    "Id": "425429",
    "ThreadId": "207711",
    "Html": "<p>This is a great suggestion ... I'm adding it to the list right now.</p>",
    "PostedDate": "2010-03-30T05:42:42.323-07:00",
    "UserRole": null,
    "MarkedAsAnswerDate": null
  },
  {
    "Id": "431560",
    "ThreadId": "207711",
    "Html": "<p>Yes I would vote for this as well.</p>\r\n<p>Many times you don't know the visual tree of an element (e.g. control), but need to modify it's template slightly. Saving it to XAML file will help a lot.</p>",
    "PostedDate": "2010-04-15T10:17:32.74-07:00",
    "UserRole": null,
    "MarkedAsAnswerDate": null
  },
  {
    "Id": "434376",
    "ThreadId": "207711",
    "Html": "This discussion has been copied to a work item. Click <a href=\"http://snoopwpf.codeplex.com/WorkItem/View.aspx?WorkItemId=4307\">here</a> to go to the work item and continue the discussion.",
    "PostedDate": "2010-04-22T15:28:03.99-07:00",
    "UserRole": null,
    "MarkedAsAnswerDate": null
  }
]