[
  {
    "Id": "1219443",
    "ThreadId": "538027",
    "Html": "First, thank you for this awesome tool. I rely on it heavily!\r<br />\nI have question about binding errors that are fixed when I snoop them.\r<br />\n<br />\nThe situation is that when the control is instantiated, the source for the binding is not yet available so I get an error in the output. When I snoop to the control and look at the property with the broken binding it first shows as broken, highlighted in red, as expected. However, when I delve it or change the value of the property (in this case a bool), the binding expression reevaluates and succeeds and from then on my control works as desired.\r<br />\n<br />\nHow is Snoop doing this and how can I do this in my code to create the same effect?\r<br />\n<br />\nThanks again!<br />\n",
    "PostedDate": "2014-03-05T05:51:10.91-08:00",
    "UserRole": null,
    "MarkedAsAnswerDate": null
  },
  {
    "Id": "1219756",
    "ThreadId": "538027",
    "Html": "This is purely by accident - there is no feature in Snoop that fixes your bindings. Snoop is primarily an inspection tool, and doesn't fix things for you. It just tells you were the errors are. If you have a repro app for this issue, I'd be curious to see it (something tells me that it's a weird binding in your large enterprise app with layers upon layers of UI elements).<br />\n",
    "PostedDate": "2014-03-05T22:50:18.117-08:00",
    "UserRole": null,
    "MarkedAsAnswerDate": null
  },
  {
    "Id": "1219847",
    "ThreadId": "538027",
    "Html": "Thanks. I understand that Snoop doesn't fix bindings. I am trying to find exactly what snoop is doing that causes the bindings to be reevaluated in the target property. Because in the case I described, something that snoop did caused the binding to reevaluate and find the source of the binding. I know that the source is not available when my target control is instantiated. The source of the binding has not been instantiated yet. Programatically, for various reasons, I later put the two controls together at which point the binding expression is valid and should be reevaluated successfully.\r<br />\n<br />\nSpecifically I have a user control that has some properties that allow me to add more controls to it. On one of the added controls I have a RelativeSource binding that should be able to find a control in the parent UserControl. It cannot find the source on its own, but when I Snoop it and delve the binding error, suddenly it finds the source and works as expected.\r<br />\n<br />\nMaybe someone familiar with the source code for Snoop can point me where to look to see exactly what's going on so I can try to do the same thing in my code?<br />\n",
    "PostedDate": "2014-03-06T05:03:40.54-08:00",
    "UserRole": null,
    "MarkedAsAnswerDate": null
  },
  {
    "Id": "1290346",
    "ThreadId": "538027",
    "Html": "We're experiencing the same thing. Anybody know where to look in the code to determine where it causes these bindings to kick in?<br />\n",
    "PostedDate": "2014-08-15T02:54:26.183-07:00",
    "UserRole": null,
    "MarkedAsAnswerDate": null
  },
  {
    "Id": "1343870",
    "ThreadId": "538027",
    "Html": "Count me in. I am also seeing the same behavior. Obviously snoop got nothing to do with the fix, but we need to figure out why the original binding didn't work until snooped.<br />\n",
    "PostedDate": "2015-01-21T10:05:29.283-08:00",
    "UserRole": null,
    "MarkedAsAnswerDate": null
  },
  {
    "Id": "1457158",
    "ThreadId": "538027",
    "Html": "You can use b<a href=\"http://www.traininginsholinganallur.in/informatica-training-in-chennai.html\" rel=\"nofollow\">i</a>nding expressions:\r<br />\n<br />\nprivate void ComboBox_Loaded(object sender, RoutedEventArgs e)\r<br />\n{<br />\n<pre><code>((ComboBox)sender).GetBindingExpression(ComboBox.ItemsSourceProperty)\n                  .UpdateTarget();</code></pre>\n\n}\r<br />\nBut as Blindmeis noted you can also fire change notifications, further if your collection implements INotifyCollect<a href=\"http://www.traininginsholinganallur.in/informatica-training-in-chennai.html\" rel=\"nofollow\">i</a>onChanged (for example implemented in the ObservableCollection&lt;T&gt;) it will synchronize so you do not need to do any of this.\r<br />\n<br />\n<a href=\"http://www.traininginsholinganallur.in/informatica-training-in-chennai.html\" rel=\"nofollow\">informatica training in chennai</a> | <a href=\"http://www.traininginsholinganallur.in/hadoop-training-in-chennai.html\" rel=\"nofollow\">hadoop training in chennai</a><br />\n",
    "PostedDate": "2015-12-24T21:57:00.37-08:00",
    "UserRole": null,
    "MarkedAsAnswerDate": null
  },
  {
    "Id": "1470397",
    "ThreadId": "538027",
    "Html": "why are my comments not appearing?<br />\n",
    "PostedDate": "2016-04-16T11:59:44.49-07:00",
    "UserRole": null,
    "MarkedAsAnswerDate": null
  }
]