[
  {
    "Id": "1107056",
    "ThreadId": "462078",
    "Html": "I'm using Avira and says that snoopinstaller contains a virus. Any comments?<br />\n",
    "PostedDate": "2013-10-14T02:21:50.183-07:00",
    "UserRole": null,
    "MarkedAsAnswerDate": null
  },
  {
    "Id": "1107278",
    "ThreadId": "462078",
    "Html": "Snoop actually injects itself into the WPF process it snoops, so Avira might see this as a security risk (this is just my hypothesis). I have never used Avira, so I have never experienced this issue. However, there shouldn't be any significant security vulnerability with Snoop that we are aware of. If you are truly concerned about the warning from Avira, downloading and building the Snoop source should be straight fairly straightforward.<br />\n",
    "PostedDate": "2013-10-14T11:00:17.707-07:00",
    "UserRole": null,
    "MarkedAsAnswerDate": null
  }
]