[
  {
    "Id": "1053863",
    "ThreadId": "446290",
    "Html": "I receive an error while Snoop tries to attach to a running WPF app.  The app platform target is Any CPU, running on Windows 8.  I'm pretty sure this used to work so I'm at a loss at what has gone wrong.<br />\n<br />\nError message follows:<br />\n<pre><code>There was an error snooping! Message = The type initializer for 'System.Management.Automation.SessionStateScope' threw an exception.\n\nStack Trace:\n   at System.Management.Automation.SessionStateScope.AddSessionStateScopeDefaultVariables()\n\n   at System.Management.Automation.SessionStateScope.GetPrivateVariables()\n\n   at System.Management.Automation.SessionStateScope.SetVariable(String name, Object value, Boolean asValue, Boolean force, SessionStateInternal sessionState, CommandOrigin origin, Boolean fastPath)\n\n   at System.Management.Automation.SessionStateInternal.InitializeSessionStateInternalSpecialVariables(Boolean clearVariablesTable)\n\n   at System.Management.Automation.SessionStateInternal..ctor(SessionStateInternal parent, Boolean linkToGlobal, ExecutionContext context)\n\n   at System.Management.Automation.ExecutionContext.InitializeCommon(AutomationEngine engine, PSHost hostInterface)\n\n   at System.Management.Automation.ExecutionContext..ctor(AutomationEngine engine, PSHost hostInterface, InitialSessionState initialSessionState)\n\n   at System.Management.Automation.AutomationEngine..ctor(PSHost hostInterface, RunspaceConfiguration runspaceConfiguration, InitialSessionState iss)\n\n   at System.Management.Automation.Runspaces.LocalRunspace.DoOpenHelper()\n\n   at System.Management.Automation.Runspaces.LocalRunspace.OpenHelper(Boolean syncCall)\n\n   at System.Management.Automation.Runspaces.RunspaceBase.CoreOpen(Boolean syncCall)\n\n   at System.Management.Automation.Runspaces.RunspaceBase.Open()\n\n   at Snoop.Shell.EmbeddedShellView..ctor()\n\n   at Snoop.SnoopUI.InitShell()\n\n   at Snoop.SnoopUI..ctor()\n\n   at Snoop.SnoopUI.SnoopApplication()\n\n   at Snoop.SnoopUI.GoBabyGo()\n</code></pre>\n\n",
    "PostedDate": "2013-06-06T23:02:33-07:00",
    "UserRole": null,
    "MarkedAsAnswerDate": null
  },
  {
    "Id": "1054621",
    "ThreadId": "446290",
    "Html": "Do the previous versions of snoop work? And does this happen for only certain apps?\r<br />\n<br />\n If possible, repro apps are extremely helpful at troubleshooting these issues. <br />\n",
    "PostedDate": "2013-06-09T13:22:44.427-07:00",
    "UserRole": null,
    "MarkedAsAnswerDate": null
  },
  {
    "Id": "1054670",
    "ThreadId": "446290",
    "Html": "I've been using 2.8 since it came out.  If I can I'll try installing a previous version to test it on, but it's quite difficult as it's on a version of Windows 8 locked down severely by group policy.\r<br />\n<br />\nOther apps are able to be snooped just fine.  The app with the issue is a large internal enterprise app which I can't provide for testing unfortunately.\r<br />\n<br />\nInterestingly, the app with this issue works completely fine when it's run via click-once.  I only experience the problem when I run the app from Visual Studio (using F5 and SHIFT + F5).\r<br />\n<br />\nI wonder if the issue is with the snoop settings.  I'll try clearing those out and see how it goes.<br />\n",
    "PostedDate": "2013-06-09T19:11:47.893-07:00",
    "UserRole": null,
    "MarkedAsAnswerDate": null
  },
  {
    "Id": "1054678",
    "ThreadId": "446290",
    "Html": "Removing the settings file had no effect.<br />\n<br />\nI was able to use 2.8 on a previous branch of the same application.  In the new branch, the main change was an update from .NET 3.5 to .NET 4.  As I said previously, I'm also running on Windows 8 (64 bit) with an AnyCPU target.<br />\n<br />\nI was able to uninstall 2.8 and install 2.71.  2.71 can snoop the application through Visual Studio without any problem.<br />\n<br />\nI uninstalled 2.71 and reinstalled 2.8, but the problem was still there.<br />\n<br />\nI've gone back to 2.71 for the time being so I can continue work.  I'd like to resolve the problem though, so let me know if there's anything else you'd like me to try.<br />\n",
    "PostedDate": "2013-06-09T20:13:26.263-07:00",
    "UserRole": null,
    "MarkedAsAnswerDate": null
  },
  {
    "Id": "1054679",
    "ThreadId": "446290",
    "Html": "Sorry about the inconvenience. From the stack trace, it looks like it's having issues initializing the PowerShell.\r<br />\n<br />\nSee if these steps help:\r<br />\n1) Get the latest source code from GitHub.\r<br />\n2) In the SnoopUI constructor, comment out a call to the InitShell(); method.\r<br />\n3) Try Snooping.\r<br />\n4) If that works, see if a try-catch over that method will work. You won't have the PowerShell, but at least you'll be able to Snoop.\r<br />\n<br />\nIt looks as though there's a conflict between the way your app loads a certain component, and the way Snoop does. I'm curious if this will enable you to start Snooping again using version 2.8.<br />\n",
    "PostedDate": "2013-06-09T20:24:35.207-07:00",
    "UserRole": null,
    "MarkedAsAnswerDate": null
  },
  {
    "Id": "1054685",
    "ThreadId": "446290",
    "Html": "It doesn't seem get that far.  As soon as I try to snoop my application, I get an application crash.  This is even when the InitShell(); line is commented out.\r<br />\n<br />\nI tried running it against a working application to figure out how Snoop starts up (to see if I can help diagnose).  I can't seem to hit a breakpoint past where the Process.Start is called in Injector.Launch(), so I can't find where the crash is happening.<br />\n",
    "PostedDate": "2013-06-09T21:17:14.73-07:00",
    "UserRole": null,
    "MarkedAsAnswerDate": null
  },
  {
    "Id": "1054706",
    "ThreadId": "446290",
    "Html": "Remove references to the assembly &quot;System.Management.Automation&quot;, and see what happens. Comment out the Snoop code that depends on this (again, this is just an experimental troubleshooting step, and not proven).<br />\n",
    "PostedDate": "2013-06-09T23:43:56.937-07:00",
    "UserRole": null,
    "MarkedAsAnswerDate": null
  },
  {
    "Id": "1054709",
    "ThreadId": "446290",
    "Html": "Also, I do not know if you're aware about this, but Snoop runs <em>inside</em> the application being snooped. In other words, when Snoop &quot;attaches&quot;, it programatically injects the Snoop.exe assemblies into the process being Snooped. Therefore, when debugging Snoop, you need to open the Snoop files and put break points in the Visual Studio instance that is debugging your application being Snooped (and <strong>not</strong> the one debugging Snoop).\r<br />\n<br />\nI hope this makes sense...<br />\n",
    "PostedDate": "2013-06-09T23:59:53.55-07:00",
    "UserRole": null,
    "MarkedAsAnswerDate": null
  },
  {
    "Id": "1054732",
    "ThreadId": "446290",
    "Html": "I removed the automation references and commented out the broken code (-lots- of broken code), but I still get the application crash.\r<br />\n<br />\nUsing your tips I managed to attach VS containing the Snoop source to a running instance of the app I want to snoop and put a debug point in GoBabyGo().  On apps I can snoop, this seems to be the earliest point at which I can break the code following injection.  However, on the app I have a problem with, it doesn't get this far.\r<br />\n<br />\nI can only suggest the injection is failing.\r<br />\n<br />\nIs there any logging or system events I can look at that can help?<br />\n",
    "PostedDate": "2013-06-10T01:10:59.947-07:00",
    "UserRole": null,
    "MarkedAsAnswerDate": null
  },
  {
    "Id": "1054981",
    "ThreadId": "446290",
    "Html": "It looks as though the injection is happening when looking at the call stack. The SnoopUI runs inside the application being snooped.  It's the Snooped application that crashes after trying to snoop it, right? That means that the injection probably worked fine. \r<br />\n<br />\nWhen rebuilding Snoop, open the SnoopUI.xaml.cs file in the Visual Studio instance that is debugging your application (NOT in the Visual Studio that's debugging Snoop). If you put a breakpoint in the constructor, you should be able to debug and step through.\r<br />\n<br />\nIt's very strange that after commenting out InitShell, it still crashes. If you look at the call stack you posted, that's where it crashes in the constructor.\r<br />\n<br />\nThere are some <a href=\"https://snoopwpf.codeplex.com/wikipage?title=Troubleshooting\" rel=\"nofollow\">troubleshooting instructions</a> that we posted for the injection process. See if those help...<br />\n",
    "PostedDate": "2013-06-10T10:25:58.273-07:00",
    "UserRole": null,
    "MarkedAsAnswerDate": null
  },
  {
    "Id": "1055160",
    "ThreadId": "446290",
    "Html": "Just so we're clear, I'm getting a different error when running with the Snoop source code to the stack trace at the top.  I get a Win8 &quot;Application has stopped working&quot; error with the following detail:<br />\n<pre><code>Problem signature:\n  Problem Event Name:   APPCRASH\n  Application Name: Shell.exe\n  Application Version:  1.4.0.0\n  Application Timestamp:    51b12699\n  Fault Module Name:    KERNELBASE.dll\n  Fault Module Version: 6.2.9200.16451\n  Fault Module Timestamp:   50988950\n  Exception Code:   c000041d\n  Exception Offset: 00014b32\n  OS Version:   6.2.9200.2.0.0.256.4\n  Locale ID:    3081\n  Additional Information 1: e4bc\n  Additional Information 2: e4bc4ba9396fd7b1319b80f4044aea05\n  Additional Information 3: 4087\n  Additional Information 4: 408714a495f8568bbfd9e2d7c6086e06\n\nRead our privacy statement online:\n  http://go.microsoft.com/fwlink/?linkid=190175\n\nIf the online privacy statement is not available, please read our privacy statement offline:\n  C:\\windows\\system32\\en-US\\erofflps.txt\n</code></pre>\n\nI'm using a slightly different technique to debug as you describe, but it's essentially the same thing:<br />\n<ul>\n<li>Start my application (Shell.exe) from Visual Studio using CTRL + F5 (so the debugger isn't attached)</li>\n<li>In the running SnoopOnly solution, Debug | Attach to process Shell.exe to attach the debugger with full Snoop source code</li>\n<li>\nDrag the Snoop cross hairs over Shell.exe<br />\n</li>\n</ul>\nI have a break point on the first line of the SnoopUI.xaml.cs constuctor, but it doesn't get that far.<br />\n\r<br />\nUsing other breakpoints I can see Appchooser.Snoop() being called, and the Injector.Launch executes without error.  As I step out and back into WindowFinder.AttachSnoop(), the error happens when I attempt to step into _windowUnderCursor.Snoop().\r<br />\n<br />\nI haven't had a chance to look at the troubleshooting instructions yet.  Will do so shortly.<br />\n",
    "PostedDate": "2013-06-10T19:02:10.567-07:00",
    "UserRole": null,
    "MarkedAsAnswerDate": null
  },
  {
    "Id": "1055164",
    "ThreadId": "446290",
    "Html": "Eureka!  I have trapped the error after some help from the troubleshooting instructions.<br />\n<br />\nAs I suspected along the way, the problem is due to group policy in my locked down environment.  After I enabled breaking on all CLR exceptions and disabled &quot;Enable just my code&quot;, I get an exception thrown at the ShowDialog(): in Shell.exe:<br />\n<pre><code>System.Security.Policy.PolicyException occurred\n  HResult=-2146233321\n  Message=Required permissions cannot be acquired.\n  Source=mscorlib\n  StackTrace:\n       at System.Security.SecurityManager.ResolvePolicy(Evidence evidence, PermissionSet reqdPset, PermissionSet optPset, PermissionSet denyPset, PermissionSet&amp; denied, Boolean checkExecutionPermission)\n  InnerException: </code></pre>\n\nNow all I need to understand is what it's after and what to do about it!<br />\n",
    "PostedDate": "2013-06-10T19:19:35.33-07:00",
    "UserRole": null,
    "MarkedAsAnswerDate": null
  },
  {
    "Id": "1055204",
    "ThreadId": "446290",
    "Html": "Progress.\r<br />\n<br />\nI've managed to get past the Policy Exception.  I had to recompile the ManagedInjectorLauncher being used (32-4.0) to conform to the same security rules as it did in .NET 2.0 (fortunately I've had to do this before and realised I just had to add the following code to the AssemblyInfo.cs file:<br />\n<pre><code>[assembly: SecurityRules(SecurityRuleSet.Level1)]</code></pre>\n\n<a href=\"http://msdn.microsoft.com/en-us/library/vstudio/dd233103%28v=vs.100%29.aspx\" rel=\"nofollow\">Here</a>'s an article that covers the subject in depth.\r<br />\n<br />\nNow I'm getting the original error at the top of this discussion, so hopefully I can now diagnose the error.<br />\n",
    "PostedDate": "2013-06-10T22:57:13.363-07:00",
    "UserRole": null,
    "MarkedAsAnswerDate": null
  },
  {
    "Id": "1055209",
    "ThreadId": "446290",
    "Html": "And success.\r<br />\n<br />\nYour theory about Powershell bears out.  If I comment out the InitShell() line it works.  Putting a try/catch around it also works:<br />\n<pre><code>            try\n            {\n                InitShell();\n            }\n            catch {}</code></pre>\n\nI think it will be important for those of us impacted by group policy to enforce the old security rules on ManagedInjectorLauncher32-4.0 and ManagedInjector64-4.0 (the .NET 4 ManagedInjectors).  I don't think this will affect people in more open environments, but if you're nervous about this change maybe these DLLs could be provided as a separate download?\r<br />\n<br />\nAnyhow, I traced the problem to EmbeddedShellView's constructor on line 43 (Open()).  Here's the exception detail:<br />\n<pre><code>System.TypeInitializationException occurred\n  HResult=-2146233036\n  Message=The type initializer for 'System.Management.Automation.SessionStateScope' threw an exception.\n  Source=System.Management.Automation\n  TypeName=System.Management.Automation.SessionStateScope\n  StackTrace:\n       at System.Management.Automation.SessionStateScope.AddSessionStateScopeDefaultVariables()\n  InnerException: System.InvalidOperationException\n       HResult=-2146233079\n       Message=Dynamic operations can only be performed in homogenous AppDomain.\n       Source=System.Core\n       StackTrace:\n            at System.Runtime.CompilerServices.CallSiteBinder.BindCore[T](CallSite`1 site, Object[] args)\n            at System.Dynamic.UpdateDelegates.UpdateAndExecute1[T0,TRet](CallSite site, T0 arg0)\n            at System.Management.Automation.Language.PSVariableAssignmentBinder.ObjectRule(CallSite site, Object obj)\n            at System.Management.Automation.PSVariable.CopyMutableValues(Object o)\n            at System.Management.Automation.PSVariable.SetValueRawImpl(Object newValue, Boolean preserveValueTypeSemantics)\n            at System.Management.Automation.PSVariable..ctor(String name, Object value, ScopedItemOptions options, Collection`1 attributes)\n            at System.Management.Automation.SessionStateScope..cctor()\n       InnerException: </code></pre>\n\nLet me know if you need any more help.  A lot of people at my work will need this fixed once our new Windows 8 SOE rolls out.<br />\n",
    "PostedDate": "2013-06-10T23:29:46.87-07:00",
    "UserRole": null,
    "MarkedAsAnswerDate": null
  },
  {
    "Id": "1245471",
    "ThreadId": "446290",
    "Html": "So, I am getting the same (original error) on my personal machine and Snoop 2.8.0. \r<br />\n<br />\nSnoop 2.7.1 runs fine and I use it to debug frequently.<br />\n",
    "PostedDate": "2014-05-14T13:00:03.973-07:00",
    "UserRole": null,
    "MarkedAsAnswerDate": null
  }
]