[
  {
    "Id": "854943",
    "ThreadId": "361268",
    "Html": "\r\n<p>Hi guys!</p>\r\n<p>&nbsp;</p>\r\n<p>First of all, thanks for 2.7.1, the speed of the app is just awesome. I'm in love with snoop again :)</p>\r\n<p>&nbsp;</p>\r\n<p>Second, I always have the Multiple Dispatcher dialog popping when snopping my apps although I don't have multiple dispatchers in my app. Even snoop opens only one dialog, when in fact it should open multiple since it told me I had multiple dispatchers...</p>\r\n<p>So, two questions:</p>\r\n<p>1. Is this a bug?</p>\r\n<p>2. If not, is it possible to add a &quot;Remind and do not ask me again&quot; in the dialog?</p>\r\n<p>Thanks!</p>\r\n",
    "PostedDate": "2012-06-28T05:17:09.447-07:00",
    "UserRole": null,
    "MarkedAsAnswerDate": null
  },
  {
    "Id": "855048",
    "ThreadId": "361268",
    "Html": "<p>Glad to hear that you are seeing a performance improvement ... but I'm curious exactly what you are seeing. Are you saying that it is faster to type in the filter text boxes? If so, we did do some work there. Other than that, I'm a little bewildered. What was the version you used before? If it was prior to 2.7.0, you might be talking about the crosshairs functionality ... since now we don't iterate through all the running apps, checking to see if each is a WPF app before putting it in combo box.</p>\r\n<p>Anyways, would love to hear more on exactly what you're enthused about.</p>\r\n<p>As to your issue ... I just took a look at the code ... and there might be a bug here. Can you post a sample app which illustrates the issue?</p>\r\n<p>I will create a work item ... to which you can attach the sample app.</p>",
    "PostedDate": "2012-06-28T08:03:16.567-07:00",
    "UserRole": null,
    "MarkedAsAnswerDate": null
  },
  {
    "Id": "855049",
    "ThreadId": "361268",
    "Html": "This discussion has been copied to a work item. Click <a href=\"http://snoopwpf.codeplex.com/workitem/7928\">here</a> to go to the work item and continue the discussion.",
    "PostedDate": "2012-06-28T08:04:21.633-07:00",
    "UserRole": null,
    "MarkedAsAnswerDate": null
  }
]