[
  {
    "Id": "850631",
    "ThreadId": "360061",
    "Html": "\r\n<p>I have a WPF application (following MVVM). Now I need to create a tool (preferably Commnad app) which will run in the background.</p>\r\n<p>Once my WPF app is launched; I will snoop this running app through my tool&nbsp;and will examine the UI (View) and find out the ViewModel instance of that.</p>\r\n<p>I was thinking to use the Snoop dlls to do that.</p>\r\n<p>But I am not sure how can I do that progrmmatically?</p>\r\n<p>If anyone has already done this then let me know or any idea is welcome.</p>\r\n<p>One more thing to add - the tool I am trying to build is for testing this WPF application. So even if someone has any idea using Coded UI or other tool; then also please let me know.</p>\r\n<p>Actually my tool will load the WPF App; then by inspecting/snooping it's View I will reach out to ViewModel. Using ViewModel; I will write my tests.</p>\r\n<hr>\r\n<hr>\r\n",
    "PostedDate": "2012-06-18T18:25:28.703-07:00",
    "UserRole": null,
    "MarkedAsAnswerDate": null
  },
  {
    "Id": "851034",
    "ThreadId": "360061",
    "Html": "\r\n<p>Hi sinhaar,</p>\r\n<p>I'm not sure if I understand your question correctly, but I will try my best to answer it anyway. I think what will help you achieve what you want is if you understand the Snoop injection process. When Snoop &quot;attaches&quot; to your process, it is actually injecting\r\n itself <em>into</em>&nbsp;the WPF process. It does this by launching the ManagedInjectorLauncher. This C# code uses the managed C&#43;&#43; library (ManagedInjector) to do the injection. You can start by recompiling Snoop, and putting this statement:<br>\r\nDebugger.Break();<br>\r\nAt the beginning of the ManagedInjectorLauncher program. This statement will basically prompt you to attach a debugger to the program, and from there on you can step through the injection process. After knowing how snoop works and knowing where to step through\r\n the code, it should be very easy to extract whatever&nbsp;snippet&nbsp;you may need from Snoop, and use it into your own programs or libraries.</p>\r\n<p>I hope this helps.</p>\r\n<p>&nbsp;- Maciek&nbsp;</p>\r\n",
    "PostedDate": "2012-06-19T10:46:56.273-07:00",
    "UserRole": null,
    "MarkedAsAnswerDate": null
  },
  {
    "Id": "851058",
    "ThreadId": "360061",
    "Html": "<p>Thanks for your input Maciek.</p>\r\n<p>I have downloaded the code base of Snoop. Let me try this out in ManagedInjectorLauncher32-4.0 project.</p>\r\n<p>Hopefully, if I directly use the codebase in my project, there should not be any issue as this is open source.</p>\r\n<p>Regards,</p>\r\n<p>Arindam</p>",
    "PostedDate": "2012-06-19T11:33:29.733-07:00",
    "UserRole": null,
    "MarkedAsAnswerDate": null
  },
  {
    "Id": "851267",
    "ThreadId": "360061",
    "Html": "<p>Hi Maciek,</p>\r\n<p>I am able to attach/inject my application and Snoop as you mentioned.</p>\r\n<p>It's almost like the same code ~\\Snoop\\Injector.cs (method Launch).</p>\r\n<p>Now once my utility starts the process of ManagedInjectorLauncher (with proper parameters), is there a way my utility gets the control back with instance of Snoop classes. Using those instance I want to get the Window object.</p>\r\n<p>Or what's the way to get the Window object back?</p>",
    "PostedDate": "2012-06-19T18:15:14.073-07:00",
    "UserRole": null,
    "MarkedAsAnswerDate": null
  },
  {
    "Id": "851315",
    "ThreadId": "360061",
    "Html": "<p>Hi Arindam,</p>\r\n<p>After the injection process, Snoop actually runs <em>inside</em>&nbsp;the application which had the code injected. The rest of your code will be running inside the application that had the assemblies injected. That being said, you will need to do the rest of your processing inside the application.&nbsp;</p>\r\n<p>For further ideas of what to do, examine what snoop does. Put a breakpoint in the method, GoBabyGo inside SnoopUI.xaml.cs. This code will run inside the application being snooped, so you will need to open this file in the IDE that's debugging the application being snooped. If you are unable to hit this breakpoint, put in the Debugger.Break() command in this method as you did in the managed injector launcher program. Stepping through the snoop code, and seeing how everything is done will teach you a lot :-).</p>\r\n<p>&nbsp;</p>\r\n<p>&nbsp;- Maciek</p>",
    "PostedDate": "2012-06-19T20:59:01.387-07:00",
    "UserRole": null,
    "MarkedAsAnswerDate": null
  },
  {
    "Id": "851383",
    "ThreadId": "360061",
    "Html": "<p>Thanks Maciek. I am on it and could see the light at end of tunnel.</p>\r\n<p>Perfect. This is really a good learning experience.</p>\r\n<p>&nbsp;</p>\r\n<p>Arindam</p>",
    "PostedDate": "2012-06-20T00:46:36.843-07:00",
    "UserRole": null,
    "MarkedAsAnswerDate": null
  }
]