[
  {
    "Id": "558460",
    "ThreadId": "244079",
    "Html": "\r\n<p>Hi ,</p>\r\n<p>I have a modal window which i wnat to snoop . but snoop utiltiy is able to show only parent window ? Is there any work around for that ?</p>\r\n",
    "PostedDate": "2011-01-31T20:48:38.117-08:00",
    "UserRole": null,
    "MarkedAsAnswerDate": null
  },
  {
    "Id": "558902",
    "ThreadId": "244079",
    "Html": "\r\n<p>Yes, you can Snoop a modal dialog ... if you Snoop <em>after</em>&nbsp;you bring up the modal dialog. Also, please be aware that if you ctrl-shift mouse over elements in the modal dialog ... the visual tree in the Snoop UI will update and even refresh ...\r\n so you make sure you try that.</p>\r\n<p>Also, please note that there is often limited keyboard support in these scenarios ... meaning ... that you might have to copy/paste text into the Snoop interface (which is annoying, I admit, but at least it works).</p>\r\n",
    "PostedDate": "2011-02-01T12:11:22.543-08:00",
    "UserRole": null,
    "MarkedAsAnswerDate": null
  },
  {
    "Id": "814750",
    "ThreadId": "244079",
    "Html": "<p>This is not working. If I snoop even after openning the model window I see the parent one, not the child.</p>",
    "PostedDate": "2012-03-23T10:07:31.637-07:00",
    "UserRole": null,
    "MarkedAsAnswerDate": null
  },
  {
    "Id": "814905",
    "ThreadId": "244079",
    "Html": "<p>Hi somos,</p>\r\n<p>Would it be possible to attach a sample app that reproduces this issue? Or perhaps you could let us know the circumstances under which this happens. A repro app would be the most beneficial, and will probably enable us to fix the problem 100%.</p>\r\n<p>Thanks for posting.</p>\r\n<p>&nbsp;- Maciek</p>",
    "PostedDate": "2012-03-23T16:20:05.43-07:00",
    "UserRole": null,
    "MarkedAsAnswerDate": null
  },
  {
    "Id": "815812",
    "ThreadId": "244079",
    "Html": "<p>Hello,</p>\n<p>I just made a WPF Window (Window1.xaml) with a button on it that OnClick created a second empty window (Window2.xaml). On Snoop I only was able to see the Window with title Window1 whatever I did.</p>\n<p>I have the app at work, I can summit it tomorrow, now its really lake. Where should I send it?</p>",
    "PostedDate": "2012-03-26T15:20:25.887-07:00",
    "UserRole": null,
    "MarkedAsAnswerDate": null
  },
  {
    "Id": "816678",
    "ThreadId": "244079",
    "Html": "<p>If you could create a work item for this issue (you can do this here:&nbsp;<a href=\"http://snoopwpf.codeplex.com/workitem/list/basic\"><a href=\"http://snoopwpf.codeplex.com/WorkItem/Create\">http://snoopwpf.codeplex.com/WorkItem/Create</a></a>), that would be totally awesome. You can attach files to work items as well. I'm glad you're corresponding because I'm curious to see what the issue is.</p>",
    "PostedDate": "2012-03-28T10:48:23.253-07:00",
    "UserRole": null,
    "MarkedAsAnswerDate": null
  },
  {
    "Id": "816747",
    "ThreadId": "244079",
    "Html": "<p>I just figured out that an easier way to do this would be to just click on \"<a href=\"http://snoopwpf.codeplex.com/WorkItem/Create?ForumPostId=816678\">Copy to work item</a>\" at the side, and just attach the file(s) there. Hopefully it should take about 30 seconds or so.</p>",
    "PostedDate": "2012-03-28T12:11:51.707-07:00",
    "UserRole": null,
    "MarkedAsAnswerDate": null
  },
  {
    "Id": "816752",
    "ThreadId": "244079",
    "Html": "<p>Click this link:&nbsp;<a href=\"http://snoopwpf.codeplex.com/WorkItem/Create?ForumPostId=558460\">Copy to work item</a>&nbsp;instead (This link will create the proper text for the work item as opposed to the one above - \"Copy to work item\" copies the comment on the left as the description, so I just used the link at the top, and pasted it here for your convenience).</p>",
    "PostedDate": "2012-03-28T12:16:26.663-07:00",
    "UserRole": null,
    "MarkedAsAnswerDate": null
  },
  {
    "Id": "816777",
    "ThreadId": "244079",
    "Html": "This discussion has been copied to a work item. Click <a href=\"http://snoopwpf.codeplex.com/workitem/7846\">here</a> to go to the work item and continue the discussion.",
    "PostedDate": "2012-03-28T12:56:25.47-07:00",
    "UserRole": null,
    "MarkedAsAnswerDate": null
  },
  {
    "Id": "817291",
    "ThreadId": "244079",
    "Html": "<p>So I downloaded the repro app, and was able to Snoop the second window just fine. First thing I did (as you probably already know) is that I snooped the window <em>after</em>&nbsp;it was shown (so I clicked on 'Button' and <em>then&nbsp;</em>snooped the second window). I then set focus to the modal dialog window, and pressed CTRL + Shift over it.</p>\r\n<p>However, one thing that did happen when I did this was that the popped-up modal window went to the back of the main window after snooping the application. In fact, it seems like whenever you set focus to the snoop dialog, the popped-up modal window goes to the background (yes, I know it's annoying). Could that be the source of confusion? There were times when I myself had problems with modal windows going to the background. It just seemed like the application was in a deadlock.&nbsp;</p>\r\n<p>PS: I saw the Stock Analyzer application on your profile, and when I get some free time I'd like to play with it. It looks interesting.</p>",
    "PostedDate": "2012-03-29T10:18:58.46-07:00",
    "UserRole": null,
    "MarkedAsAnswerDate": null
  },
  {
    "Id": "817388",
    "ThreadId": "244079",
    "Html": "<p>Well, after all I was able to workaround my problem as I told you on the TFS task so I haven't it anymore. Feel free to come to the Stock Analyzer project when you want but its not an application for a weekend, not sure if you know what I mean :)</p>",
    "PostedDate": "2012-03-29T13:53:32.233-07:00",
    "UserRole": null,
    "MarkedAsAnswerDate": null
  },
  {
    "Id": "824568",
    "ThreadId": "244079",
    "Html": "<p>I'm having a similar problem but it's a bit different. When I snoop the modal window, I can't move the scrollbar and I can't drill into font colors (something that's key for me), until I close the modal window.</p>\r\n<p>Our app is mostly modal windows, which means that trying to fully snoop all of our overlays is a serious chore. Any workarounds? I'm mostly looking to document font specs right now.</p>",
    "PostedDate": "2012-04-16T14:02:35.767-07:00",
    "UserRole": null,
    "MarkedAsAnswerDate": null
  },
  {
    "Id": "825106",
    "ThreadId": "244079",
    "Html": "<p>@somos, for the record ... I also downloaded your test harness and verified that the Ctrl-Shift Mouse Over trick indeed works. In other words, I don't think you need to do such a crazy workaround ... to get at visuals in your dialog.</p>\r\n<p>I also noticed that the modal dialog window switched to the background when I Snooped it.</p>",
    "PostedDate": "2012-04-17T14:28:36.55-07:00",
    "UserRole": null,
    "MarkedAsAnswerDate": null
  },
  {
    "Id": "825109",
    "ThreadId": "244079",
    "Html": "<p>@kblock, I have had intermittent success with modal dialogs.</p>\r\n<p>See my first reply in this discussion ... that is make sure you Snoop after you have brought up the dialog ... and use the Ctrl-Shift Mouse Over trick.</p>\r\n<p>Where is the font color that you are trying to drill into? Is it a property on a visual ... that is on the dialog? If so, you should be able to delve (drill) into that color. If you are unable to ... I suggest that you create a test harness and attach it to an issue which you can create from this discussion (from the 'Copy to work item' link).</p>\r\n<p>If the font color is on a visual on the main window ... and yet you've Snooped the dialog ... then Snoop will definitely not let you drill into that. That is definitely an unsupported scenario.</p>\r\n<p>Do you understand the distinction?</p>\r\n<p>Hope this helps.</p>",
    "PostedDate": "2012-04-17T14:38:29.783-07:00",
    "UserRole": null,
    "MarkedAsAnswerDate": null
  }
]