[
  {
    "Id": "288215",
    "ThreadId": "83925",
    "Html": "<p>Hi,</p>\r\n<p>I just tried downloading the sources &amp; building in the VS2010 RC. I had to comment out all the WINDOWPLACEMENT stuff (not sure if/how that ever worked), but otherwise it seems at first glance to work just fine against a .Net 4 application that we're developing (also build with the VS2010 RC).</p>\r\n<p>Do you know of any problems (I've no idea how the C++ bit works, for example), or is this all I need to do?</p>\r\n<p>If you need any help fixing anything, we should probably be able to lend a bit of a hand. It was a bit of a shock to lose Snoop when we switched to .Net 4!</p>\r\n<p>James Chaldecott</p>",
    "PostedDate": "2010-02-10T05:41:52.923-08:00",
    "UserRole": null,
    "MarkedAsAnswerDate": null
  },
  {
    "Id": "288233",
    "ThreadId": "83925",
    "Html": "<p>BTW, I realised that the WINDOWPLACEMENT problem appeared to just be a case of VS2010 altering the settings class to have string properties instead of WINDOWPLACEMENT ones. That was an easy fix.</p>",
    "PostedDate": "2010-02-10T06:24:32.123-08:00",
    "UserRole": null,
    "MarkedAsAnswerDate": null
  },
  {
    "Id": "290139",
    "ThreadId": "83925",
    "Html": "<p>Hi James,</p>\r\n<p>Yes, all I really had to do for .NET 4.0/WPF 4.0 was recompile and fix the WINDOWPLACEMENT stuff. <strong>I'm not aware of anything else.</strong></p>\r\n<p>I wanted to get it checked in to CodePlex first, so I could branch for WPF 4.0 ... such that any fixes I made for WPF 3.5 would be easy to merge for WPF 4.0.</p>\r\n<p>I'll definitely keep you in mind once we start opening the project to others and their contributions.</p>\r\n<p>Cory</p>",
    "PostedDate": "2010-02-12T07:43:46.723-08:00",
    "UserRole": null,
    "MarkedAsAnswerDate": null
  }
]