[
  {
    "Id": "83925",
    "Title": "Any known issues on .Net 4?",
    "LatestDate": "2010-02-12T07:43:46.723-08:00"
  },
  {
    "Id": "85284",
    "Title": "Snoop and Silverlight",
    "LatestDate": "2010-02-13T16:00:44.81-08:00"
  },
  {
    "Id": "85319",
    "Title": "Snoop works for VS2010 RC WPF 4 for x86 and x64",
    "LatestDate": "2010-02-15T20:42:52.907-08:00"
  },
  {
    "Id": "85326",
    "Title": "How feasible is it to allow Snoop to work on interop apps?",
    "LatestDate": "2010-03-02T06:19:04.86-08:00"
  },
  {
    "Id": "85596",
    "Title": "Feature request: Minimise",
    "LatestDate": "2010-02-18T04:36:44.027-08:00"
  },
  {
    "Id": "155550",
    "Title": "Snoop 64-bit WPF 3.5 Requires Elevated Privileges",
    "LatestDate": "2010-03-11T09:39:41.24-08:00"
  },
  {
    "Id": "197445",
    "Title": "SNOOP-ing crashes app",
    "LatestDate": "2010-06-07T08:38:57.073-07:00"
  },
  {
    "Id": "203621",
    "Title": "Red Highlighted Property?",
    "LatestDate": "2011-03-02T07:40:51.93-08:00"
  },
  {
    "Id": "207711",
    "Title": "Saving visual tree as XAML",
    "LatestDate": "2010-04-22T15:28:03.99-07:00"
  },
  {
    "Id": "209379",
    "Title": "Using Snoop on an Outlook Add-In",
    "LatestDate": "2010-04-15T16:19:09.203-07:00"
  },
  {
    "Id": "209968",
    "Title": "Need admin on Windows XP",
    "LatestDate": "2010-04-22T14:03:52.77-07:00"
  },
  {
    "Id": "212451",
    "Title": "Feature Request: Filter program list",
    "LatestDate": "2010-05-17T09:40:12.59-07:00"
  },
  {
    "Id": "212914",
    "Title": "Product Matrix?",
    "LatestDate": "2010-05-17T09:19:38.413-07:00"
  },
  {
    "Id": "213113",
    "Title": "Problems using Snoop with WPF 4 App",
    "LatestDate": "2010-05-25T09:37:26.463-07:00"
  },
  {
    "Id": "213306",
    "Title": "Properties like VerticalAlignment",
    "LatestDate": "2010-06-07T07:19:18.173-07:00"
  },
  {
    "Id": "214002",
    "Title": "32-bit download brings 64-bit version -- bogus report",
    "LatestDate": "2010-05-27T07:12:09.483-07:00"
  },
  {
    "Id": "214900",
    "Title": "SNOOP with Integration.ElementHost control",
    "LatestDate": "2010-06-03T15:16:19.31-07:00"
  },
  {
    "Id": "215200",
    "Title": "Suggestion for WPF4 version",
    "LatestDate": "2010-06-23T07:40:17.623-07:00"
  },
  {
    "Id": "215631",
    "Title": "PresentationTraceSources null reference exception",
    "LatestDate": "2014-11-25T06:24:27.32-08:00"
  },
  {
    "Id": "215765",
    "Title": "popups not Snoopable?",
    "LatestDate": "2010-06-11T17:04:23.673-07:00"
  },
  {
    "Id": "216556",
    "Title": "property values not displaying?",
    "LatestDate": "2010-07-08T09:32:09.403-07:00"
  },
  {
    "Id": "217193",
    "Title": "\"Calling thread\" issue",
    "LatestDate": "2010-06-24T06:26:26.583-07:00"
  },
  {
    "Id": "218005",
    "Title": "About non main windows in WPF application",
    "LatestDate": "2010-07-01T08:34:42.117-07:00"
  },
  {
    "Id": "219933",
    "Title": "Snoop Snoops Snoop (instead of my application)",
    "LatestDate": "2010-07-19T14:40:50.723-07:00"
  },
  {
    "Id": "224059",
    "Title": "Could not snoop a non Main Window",
    "LatestDate": "2010-08-20T10:02:17.387-07:00"
  },
  {
    "Id": "224222",
    "Title": "Building Snoop from sources",
    "LatestDate": "2010-09-20T01:13:58.85-07:00"
  },
  {
    "Id": "227237",
    "Title": "Snoop utility for WPF apps not working - does it support WPF 4?",
    "LatestDate": "2010-09-18T08:34:29.273-07:00"
  },
  {
    "Id": "229587",
    "Title": "Catching events inside of a combobox",
    "LatestDate": "2010-10-05T14:46:38.557-07:00"
  },
  {
    "Id": "233241",
    "Title": "Not able to snoop 4.0 application",
    "LatestDate": "2010-11-04T13:05:17.877-07:00"
  },
  {
    "Id": "233578",
    "Title": "snoop also crashes my .NET 4 app",
    "LatestDate": "2010-11-08T14:10:07.017-08:00"
  },
  {
    "Id": "236335",
    "Title": "snoop not showing any applications",
    "LatestDate": "2010-12-16T09:45:33.297-08:00"
  },
  {
    "Id": "236503",
    "Title": "snoop show app, but can't snoop",
    "LatestDate": "2011-05-18T02:07:28.103-07:00"
  },
  {
    "Id": "238395",
    "Title": "Install Location",
    "LatestDate": "2010-12-15T07:26:02.063-08:00"
  },
  {
    "Id": "240615",
    "Title": "Snoop 2010",
    "LatestDate": "2011-01-06T07:57:55.61-08:00"
  },
  {
    "Id": "240879",
    "Title": "Snoop window never appears on Windows 7 x64 under Terminal Services",
    "LatestDate": "2014-03-13T12:45:13.13-07:00"
  },
  {
    "Id": "242687",
    "Title": "Snoop doesn't show all windows in the tree",
    "LatestDate": "2011-01-21T11:08:08.487-08:00"
  },
  {
    "Id": "243366",
    "Title": "Excellent tool",
    "LatestDate": "2011-01-26T07:41:23.58-08:00"
  },
  {
    "Id": "244079",
    "Title": "How to snoop the modal window ?",
    "LatestDate": "2012-04-17T14:38:29.783-07:00"
  },
  {
    "Id": "245179",
    "Title": "logo",
    "LatestDate": "2011-02-08T13:39:42.247-08:00"
  },
  {
    "Id": "245502",
    "Title": "Using snoop on 64bit .NET 4",
    "LatestDate": "2011-02-11T06:35:53.99-08:00"
  },
  {
    "Id": "252086",
    "Title": "Snooping on a different thread",
    "LatestDate": "2011-11-24T07:37:27.033-08:00"
  },
  {
    "Id": "253862",
    "Title": "Highlighting selected item",
    "LatestDate": "2011-04-14T06:46:56.53-07:00"
  },
  {
    "Id": "265886",
    "Title": "Snoop not recognizing application",
    "LatestDate": "2011-07-20T08:16:58.687-07:00"
  },
  {
    "Id": "272563",
    "Title": "Snoop snoops on itself rather than expected app",
    "LatestDate": "2014-03-04T08:39:59.783-08:00"
  },
  {
    "Id": "275665",
    "Title": "binaries",
    "LatestDate": "2011-10-12T15:58:14.283-07:00"
  },
  {
    "Id": "277666",
    "Title": "Can't run in WINXP(.net1.1,.net2.0,.net4.0)",
    "LatestDate": "2011-11-02T11:56:09.633-07:00"
  },
  {
    "Id": "277855",
    "Title": "What exactly is the dog in the logo smelling?",
    "LatestDate": "2014-08-25T12:14:13.847-07:00"
  },
  {
    "Id": "278212",
    "Title": "How does Snoop find UI elements?",
    "LatestDate": "2012-04-20T17:29:56.74-07:00"
  },
  {
    "Id": "278355",
    "Title": "Exception: Configuration System failed to initialize",
    "LatestDate": "2012-04-20T17:33:15.92-07:00"
  },
  {
    "Id": "281048",
    "Title": "Snooping a MessageBox",
    "LatestDate": "2011-12-05T09:04:51.587-08:00"
  },
  {
    "Id": "282085",
    "Title": "Copy/Backup Filter Sets",
    "LatestDate": "2012-03-23T19:09:55.047-07:00"
  },
  {
    "Id": "287272",
    "Title": "Snoop opens with height of 1 pixel",
    "LatestDate": "2012-01-24T15:10:09.91-08:00"
  },
  {
    "Id": "343707",
    "Title": "InteractionBehaviors",
    "LatestDate": "2012-02-29T12:15:17.253-08:00"
  },
  {
    "Id": "346754",
    "Title": "Snoop v2.7.0 exceptions",
    "LatestDate": "2012-02-29T17:50:01.37-08:00"
  },
  {
    "Id": "347266",
    "Title": "Copy tag to clipboard",
    "LatestDate": "2012-03-05T11:47:27.26-08:00"
  },
  {
    "Id": "347872",
    "Title": "Red Highlighted property without Databinding error",
    "LatestDate": "2012-04-19T08:22:37.367-07:00"
  },
  {
    "Id": "348843",
    "Title": "Upgrade Snoop easy to use",
    "LatestDate": "2012-03-16T09:02:04.343-07:00"
  },
  {
    "Id": "349121",
    "Title": "Possibility of another release?",
    "LatestDate": "2012-03-21T08:19:37.69-07:00"
  },
  {
    "Id": "352008",
    "Title": "Cannot create an abstract class Exception",
    "LatestDate": "2012-04-15T03:27:42.133-07:00"
  },
  {
    "Id": "352724",
    "Title": "Snoop Possibly Moving to GitHub, Like It? Or Not?",
    "LatestDate": "2012-05-12T04:27:20.26-07:00"
  },
  {
    "Id": "353344",
    "Title": "Reference null exception in 2.7.0",
    "LatestDate": "2012-04-24T04:32:04.273-07:00"
  },
  {
    "Id": "355771",
    "Title": "Method tab to execute custom methods",
    "LatestDate": "2012-05-21T19:44:21.007-07:00"
  },
  {
    "Id": "357771",
    "Title": "Couple videos and script on using Snoop in the O2 Platform",
    "LatestDate": "2012-06-03T17:12:00.47-07:00"
  },
  {
    "Id": "357772",
    "Title": "Using Snoop to inject a C# dll into another managed process",
    "LatestDate": "2012-06-03T17:06:17.98-07:00"
  },
  {
    "Id": "360061",
    "Title": "Running WPF Application - Snooping Programmatically ",
    "LatestDate": "2012-06-20T00:46:36.843-07:00"
  },
  {
    "Id": "360227",
    "Title": "Is there a way to search for all binding errors?",
    "LatestDate": "2012-06-19T17:38:52.813-07:00"
  },
  {
    "Id": "361268",
    "Title": "Multiple dispatcher dialog",
    "LatestDate": "2012-06-28T08:04:21.633-07:00"
  },
  {
    "Id": "401295",
    "Title": "Can't Snoop",
    "LatestDate": "2012-10-30T15:51:44.737-07:00"
  },
  {
    "Id": "402378",
    "Title": "Changing properties via Snoop - sometime works, sometimes not",
    "LatestDate": "2012-11-09T00:04:16.04-08:00"
  },
  {
    "Id": "404907",
    "Title": "Can't Snoop with VS2012",
    "LatestDate": "2012-11-28T14:34:07.063-08:00"
  },
  {
    "Id": "428298",
    "Title": "Snoop for Windows Store apps?",
    "LatestDate": "2013-01-04T12:36:28.697-08:00"
  },
  {
    "Id": "431547",
    "Title": "no snooplog.txt / Enable logging",
    "LatestDate": "2013-01-31T09:45:19.76-08:00"
  },
  {
    "Id": "436435",
    "Title": "Snoop an winforms app with multiple ElementHost",
    "LatestDate": "2014-03-19T04:50:16.003-07:00"
  },
  {
    "Id": "438440",
    "Title": "Snoop Tray? - Feature request",
    "LatestDate": "2013-04-01T17:45:06.853-07:00"
  },
  {
    "Id": "438769",
    "Title": "Snoop Events",
    "LatestDate": "2013-04-02T03:13:50.51-07:00"
  },
  {
    "Id": "441911",
    "Title": "Export tree",
    "LatestDate": "2015-10-04T23:35:30.46-07:00"
  },
  {
    "Id": "445046",
    "Title": "Feature Request: Colour Picker for editing colour values",
    "LatestDate": "2013-06-09T19:24:26.21-07:00"
  },
  {
    "Id": "446290",
    "Title": "Error snooping (some) apps on a Group Policy restricted Windows 8 Environment",
    "LatestDate": "2014-05-14T13:00:03.973-07:00"
  },
  {
    "Id": "446368",
    "Title": "feature request: support setting flags enums",
    "LatestDate": "2013-06-09T13:54:49.63-07:00"
  },
  {
    "Id": "451550",
    "Title": "Custom attached events not snoopable?",
    "LatestDate": "2013-08-07T13:59:29.453-07:00"
  },
  {
    "Id": "452867",
    "Title": "Love the App. New to WPF. Need Help.",
    "LatestDate": "2013-08-13T13:00:23.07-07:00"
  },
  {
    "Id": "453924",
    "Title": "Can't start a snoop session",
    "LatestDate": "2013-09-02T07:32:03.913-07:00"
  },
  {
    "Id": "455222",
    "Title": "Please support property filtering by keyword",
    "LatestDate": "2013-09-05T00:16:31.003-07:00"
  },
  {
    "Id": "462078",
    "Title": "Setup.exe or Snoop.msi detected as virus",
    "LatestDate": "2013-10-14T11:00:17.707-07:00"
  },
  {
    "Id": "470560",
    "Title": "File location info",
    "LatestDate": "2013-11-20T02:05:22.347-08:00"
  },
  {
    "Id": "470566",
    "Title": "Please support expandable treenodes in property grid for complex types",
    "LatestDate": "2013-11-21T11:27:40.277-08:00"
  },
  {
    "Id": "470735",
    "Title": "Snooping templates and styles",
    "LatestDate": "2013-11-21T07:22:21.64-08:00"
  },
  {
    "Id": "473475",
    "Title": "Please support keyboard navigation in tree panel",
    "LatestDate": "2013-12-29T09:47:13.593-08:00"
  },
  {
    "Id": "528488",
    "Title": "please add clickonce install option if possible",
    "LatestDate": "2014-02-03T09:56:37.877-08:00"
  },
  {
    "Id": "538027",
    "Title": "Snoop causes binding to reevaluate... how?",
    "LatestDate": "2016-04-16T11:59:44.49-07:00"
  },
  {
    "Id": "539363",
    "Title": "What happened to my Snoop????",
    "LatestDate": "2014-03-18T08:54:54.107-07:00"
  },
  {
    "Id": "542519",
    "Title": "Snoop issues with Prism applications",
    "LatestDate": "2014-04-17T20:56:31.407-07:00"
  },
  {
    "Id": "545034",
    "Title": "XBAP (PRISM) based application - Snoop not recognizing the application..",
    "LatestDate": "2014-05-11T21:46:38.293-07:00"
  },
  {
    "Id": "546916",
    "Title": "Snoop shows only SnoopUI when I select app",
    "LatestDate": "2014-05-29T07:02:33.463-07:00"
  },
  {
    "Id": "567722",
    "Title": "What does an orange row in the propertygrid mean?",
    "LatestDate": "2014-09-17T14:57:36.36-07:00"
  },
  {
    "Id": "569955",
    "Title": "Snoop not working",
    "LatestDate": "2014-11-17T17:52:59.14-08:00"
  },
  {
    "Id": "570854",
    "Title": "Export window contents as vector graphic",
    "LatestDate": "2014-10-29T11:51:20.33-07:00"
  },
  {
    "Id": "642288",
    "Title": "Is there an API Interface?",
    "LatestDate": "2015-08-03T15:13:07.553-07:00"
  },
  {
    "Id": "646531",
    "Title": "SILENT INSTALLATION + CONFIGURATION",
    "LatestDate": "2015-10-24T09:45:17.42-07:00"
  },
  {
    "Id": "646737",
    "Title": "How can i change text and back colors on snoop?",
    "LatestDate": "2015-10-31T13:51:27.02-07:00"
  },
  {
    "Id": "652677",
    "Title": "Successful injection but nothing after",
    "LatestDate": "2016-03-21T07:51:26.557-07:00"
  },
  {
    "Id": "654777",
    "Title": "Edit / Add Binding",
    "LatestDate": "2016-05-18T03:56:50.037-07:00"
  },
  {
    "Id": "660354",
    "Title": "Chrome says Snoop is malicious",
    "LatestDate": "2016-12-27T07:20:37.813-08:00"
  },
  {
    "Id": "661073",
    "Title": "Windows 10 compatibility of CodePlex Snoop v2.8.0",
    "LatestDate": "2017-02-01T02:13:57.683-08:00"
  }
]