[
  {
    "Id": "552946",
    "ThreadId": "242687",
    "Html": "\r\n<p>In our app we can create a second window by double clicking an item in the main window. While Snoop only shows the first window in the left hand side tree it lets me &nbsp;delve into all the windows from the main application downwards, from the &nbsp;right\r\n had side grid. Is there any way to get snoop to display all the windows under the application tree and drill down from there please?</p>\r\n<p>&nbsp;</p>\r\n<p>You can see a screen shot here:&nbsp;<a href=\"http://i.imgur.com/UoXXk.png\">http://i.imgur.com/UoXXk.png</a></p>\r\n",
    "PostedDate": "2011-01-20T19:05:37.69-08:00",
    "UserRole": null,
    "MarkedAsAnswerDate": null
  },
  {
    "Id": "553385",
    "ThreadId": "242687",
    "Html": "\r\n<p>Are you aware that you can Ctrl-Shift mouse over a separate window ... and the main Snoop UI will update automatically to reflect what is under the mouse pointer?</p>\r\n<p>If you use the Ctrl-Shift mouse-over functionality, you don't need to delve the Windows collection.</p>\r\n<p>Let me know if that helps.</p>\r\n<p>&nbsp;</p>\r\n",
    "PostedDate": "2011-01-21T11:08:08.487-08:00",
    "UserRole": null,
    "MarkedAsAnswerDate": null
  }
]