[
  {
    "Id": "564162",
    "ThreadId": "245502",
    "Html": "\r\n<p>HI</p>\r\n<p>Can anybody make available to me a snoop build that includes the source code&nbsp;changes since at&nbsp; least changeset# 59979? My .NET 4 apps are not showing and I'm restricted from byulding the code myself. I've been a long time snoop user and I don't\r\n think I can wait for the next offical drop.</p>\r\n<p>Big thanks if you can</p>\r\n<p>Bryan</p>\r\n",
    "PostedDate": "2011-02-10T12:11:58.443-08:00",
    "UserRole": null,
    "MarkedAsAnswerDate": null
  },
  {
    "Id": "564164",
    "ThreadId": "245502",
    "Html": "\r\n<p>I am happy to do so. Where can I send it?</p>\r\n<p>You also bring up a good point ... maybe the .NET 4 troubles ... are worth a release. Hmmm.</p>\r\n",
    "PostedDate": "2011-02-10T12:17:23.57-08:00",
    "UserRole": null,
    "MarkedAsAnswerDate": null
  },
  {
    "Id": "564166",
    "ThreadId": "245502",
    "Html": "\r\n<p>I tried to contact you via your CodePlex profile ... but you have the 'do not contact me' option set. If you give me an email address ... I'll send it. My email is my first name followed by my last name at gmail.com.</p>\r\n",
    "PostedDate": "2011-02-10T12:19:45.08-08:00",
    "UserRole": null,
    "MarkedAsAnswerDate": null
  },
  {
    "Id": "564205",
    "ThreadId": "245502",
    "Html": "\r\n<p>Ok, I just cracked out a quick minor release for you:&nbsp;<a href=\"http://snoopwpf.codeplex.com/releases/view/49037\">http://snoopwpf.codeplex.com/releases/view/49037</a></p>\r\n<p>Enjoy!</p>\r\n<p>And please let me know if that fixes the problem where your .NET 4 applications aren't showing up ...</p>\r\n",
    "PostedDate": "2011-02-10T13:36:09.897-08:00",
    "UserRole": null,
    "MarkedAsAnswerDate": null
  },
  {
    "Id": "564222",
    "ThreadId": "245502",
    "Html": "\r\n<p>Diamond!</p>\r\n<p>Thanks very much.And I'll let you know tomorrow</p>\r\n<p>Bryan</p>\r\n",
    "PostedDate": "2011-02-10T13:55:52.583-08:00",
    "UserRole": null,
    "MarkedAsAnswerDate": null
  },
  {
    "Id": "564495",
    "ThreadId": "245502",
    "Html": "<p>I'm afraid applications&nbsp;still aren't&nbsp;appearing in the list of applications.</p>\r\n<p>I'm using&nbsp;a standard&nbsp;Windows 7 64bit Professional and VS2010 professional targeting .NET4. Nothing exotic. If it helps</p>\r\n<p>Bryan</p>\r\n<p>&nbsp;</p>",
    "PostedDate": "2011-02-11T02:02:55.903-08:00",
    "UserRole": null,
    "MarkedAsAnswerDate": null
  },
  {
    "Id": "564579",
    "ThreadId": "245502",
    "Html": "<p>Bryan,</p>\r\n<p>Maybe it is a simple matter where you have a mismatch of security levels ... are you running either Snoop or VS 2010 in elevated mode? If so, make sure that you run the one that is not ... as Administrator.</p>\r\n<p>That is ... Snoop due to security reasons ... can not Snoop applications that are running as Administrator ... if Snoop is not running as Administrator itself.</p>\r\n<p>I bet this is your problem ... again, let me know if it is.</p>\r\n<p>Cory</p>",
    "PostedDate": "2011-02-11T05:25:28.203-08:00",
    "UserRole": null,
    "MarkedAsAnswerDate": null
  },
  {
    "Id": "564608",
    "ThreadId": "245502",
    "Html": "<p>Cory</p>\r\n<p>You're spot on, by evening out the permissions, I was able to see and open the application.</p>\r\n<p>Thanks for all the help again</p>\r\n<p>Bryan</p>",
    "PostedDate": "2011-02-11T06:20:27.807-08:00",
    "UserRole": null,
    "MarkedAsAnswerDate": null
  },
  {
    "Id": "564615",
    "ThreadId": "245502",
    "Html": "<p>Glad to hear it ... I was starting to get scared that there was yet another WPF 4.0 issue lurking around.</p>\r\n<p>Thanks for sparking me to release ... it was long overdue.</p>",
    "PostedDate": "2011-02-11T06:35:53.99-08:00",
    "UserRole": null,
    "MarkedAsAnswerDate": null
  }
]