[
  {
    "Id": "1022890",
    "ThreadId": "438440",
    "Html": "I would love to see Snoop provide a drop-able tray icon that will mimic the snoop crosshairs.  I have 4 monitors and the application is sometimes very hard to find on my screens.  Would any one else find this useful.<br />\n",
    "PostedDate": "2013-03-29T06:50:20.357-07:00",
    "UserRole": null,
    "MarkedAsAnswerDate": null
  },
  {
    "Id": "1023879",
    "ThreadId": "438440",
    "Html": "Hi Jared,<br />\n<br />\nWhile the snoop tray isn't specifically in the works, there is another feature being investigated that will probably solve your problem. It's the Snoop Addin. After debugging your WPF application using Visual Studio, you would simply go to the tools menu, and choose &quot;Snoop Application&quot; and it will immediately Snoop the currently debugged application. <br />\n<br />\nThis addin would also allow for keyboard shortcuts so after starting your application, you would simply press &quot;CTRL + Shift + Z&quot; (or another shortcut we can think of that's available), and it would immediately start Snooping the current application.<br />\n<br />\nIf you are interested in this experimental feature, let us know and we can upload it here for you to test. Testing would also be appreciated.<br />\n<br />\nMaciek<br />\n",
    "PostedDate": "2013-04-01T11:59:19.193-07:00",
    "UserRole": null,
    "MarkedAsAnswerDate": null
  },
  {
    "Id": "1023894",
    "ThreadId": "438440",
    "Html": "Maciek,\r<br />\nI'll give it a try.  I don't usually use Snoop when I'm debugging.  I feel I benefit most from the tool when I am able to set run-time values (mostly to layouts and visibility, etc.) and modify the applications' xaml while my app is running. <br />\n",
    "PostedDate": "2013-04-01T12:38:55.573-07:00",
    "UserRole": null,
    "MarkedAsAnswerDate": null
  },
  {
    "Id": "1023994",
    "ThreadId": "438440",
    "Html": "I see. So in your case, you use Snoop when you're running the stand along executable, so the add-in probably wouldn't help much. Some people requested keyboard shortcuts, so the add-in would help in that case. Most people I know tend to use Snoop mainly to see the visual tree as well as to view the properties on the view/viewmodel during runtime without having to break into the debugger<br />\n",
    "PostedDate": "2013-04-01T17:45:06.853-07:00",
    "UserRole": null,
    "MarkedAsAnswerDate": null
  }
]