[
  {
    "Id": "691238",
    "ThreadId": "277666",
    "Html": "\r\n<p>I installed Snoop in my virtual machine which running in Virtual box,the system environment is Win XP with Sp3,.net1.1,.net2.0,.net4.0. When i started the application ,it said that an error occurred when start the application.</p>\r\n",
    "PostedDate": "2011-10-29T21:34:00.223-07:00",
    "UserRole": null,
    "MarkedAsAnswerDate": null
  },
  {
    "Id": "692890",
    "ThreadId": "277666",
    "Html": "<p>This is likely because currently Snoop is a WPF 3.5 application ... and so .NET 3.5 is required for it to run.</p>\r\n<p>So, sorry! The only .NET Framework that you don't have installed is needed!</p>\r\n<p>This is the case ... &nbsp;so that Snoop can Snoop both WPF 3.0/3.5 applications ... and WPF 4.0 applications.</p>\r\n<p>Let me know if it is something else.</p>",
    "PostedDate": "2011-11-02T11:56:09.633-07:00",
    "UserRole": null,
    "MarkedAsAnswerDate": null
  }
]