[
  {
    "Id": "812260",
    "ThreadId": "349121",
    "Html": "\r\n<p>2.7.0 is pretty good, but it really gives me fits on some applications (Null reference exceptions and occasional access violations). I suspect some of the patches made since Sept 2 might resolve these problems.</p>\r\n<p>I don't currently have C&#43;&#43; installed (and cannot at this time, due to some compat issues that are out of my control), and so cannot build my own local version with the latest pull from the source repo.</p>\r\n<p>Are there any plans to publish a newer build in the near future?</p>\r\n",
    "PostedDate": "2012-03-18T15:35:02.12-07:00",
    "UserRole": null,
    "MarkedAsAnswerDate": null
  },
  {
    "Id": "813465",
    "ThreadId": "349121",
    "Html": "<p>Good point about the crashes ... and the need for a release.</p>\r\n<p>I plan doing a bunch of stuff (including a release) ... beginning in April.</p>\r\n<p>If that isn't fast enough for you, an idea would be to build on a different machine (possibly a virtual one) that you do/can control ... and then copy the bits/files to the machine where you can't.</p>",
    "PostedDate": "2012-03-21T05:25:59.613-07:00",
    "UserRole": null,
    "MarkedAsAnswerDate": null
  },
  {
    "Id": "813555",
    "ThreadId": "349121",
    "Html": "<p>I managed to get through it for now. Most of the crashes seemed to happen when Snoop attempts to show a tooltip while hovering over items in the treeview (when it would normally show a graphical preview of the visual tree at that node). I could avoid most of the crashes (not all) by just not lingering over any single treenode long enough to display the tooltip.</p>\r\n<p>A new release would be good though, I will watch for one next month.</p>\r\n<p>Thanks!</p>",
    "PostedDate": "2012-03-21T08:19:37.69-07:00",
    "UserRole": null,
    "MarkedAsAnswerDate": null
  }
]