[
  {
    "Id": "982437",
    "ThreadId": "428298",
    "Html": "\r\n<p>I tried to write a simple Windows Store app using XAML and tried to inspect the UI using Snoop, but it didn't work.</p>\r\n<p>Are there any initiatives/work scheduled to support Windows Store apps for SNOOP?</p>\r\n<p>&nbsp;</p>\r\n",
    "PostedDate": "2013-01-02T13:05:20.16-08:00",
    "UserRole": null,
    "MarkedAsAnswerDate": null
  },
  {
    "Id": "983172",
    "ThreadId": "428298",
    "Html": "\r\n<p>Hi Radhey,</p>\r\n<p>Currently there are no organized efforts to make Snoop work for Windows Store Apps. The issue is being looked at, but at the moment the effort is tentative.&nbsp;</p>\r\n<div>However, some of us have dabbled with Windows Store apps, and looked at what needed to be changed with Snoop to make it work. It seems as though the effort will be quite challenging since Windows Store apps use a lighter version of the .NET Framework,\r\n whereas Snoop is built with the full .NET framework. As you may already know, Snoop runs inside the application being snooped (and therefore relies that the application being snooped to have all of Snoop's dependencies).</div>\r\n<div></div>\r\n<div></div>\r\n<div>That being said, how do you see Snoop being used for snooping Windows Store apps? When I was debugging a Windows Store app, it would run outside of the desktop, in its own compartment (if that makes sense). In a normal case scenario, the user would drag\r\n the cross-hairs button and drag it onto the application to Snoop (or in the older version, the user would select the process from the drop down and click the binoculars).</div>\r\n<div>&nbsp;</div>\r\n<div>&nbsp;- Maciek</div>\r\n",
    "PostedDate": "2013-01-04T12:36:28.697-08:00",
    "UserRole": null,
    "MarkedAsAnswerDate": null
  }
]