[
  {
    "Id": "683421",
    "ThreadId": "275665",
    "Html": "\r\n<p>Can we get a zip with just the binaries in addition to the installer? This would be nice. What does the installer do other than copy the binaries?</p>\r\n",
    "PostedDate": "2011-10-12T15:38:56.257-07:00",
    "UserRole": null,
    "MarkedAsAnswerDate": null
  },
  {
    "Id": "683423",
    "ThreadId": "275665",
    "Html": "<p>Yes, I forgot about this. The last release had a .zip.</p>\r\n<p>The installer is pretty basic.</p>\r\n<p>I will promptly upload a .zip.</p>",
    "PostedDate": "2011-10-12T15:48:01.923-07:00",
    "UserRole": null,
    "MarkedAsAnswerDate": null
  },
  {
    "Id": "683425",
    "ThreadId": "275665",
    "Html": "<p>Thanks! Can you also include a copy of the license with the zip? It would be nice to keep that along with the binaries.</p>",
    "PostedDate": "2011-10-12T15:56:45.633-07:00",
    "UserRole": null,
    "MarkedAsAnswerDate": null
  },
  {
    "Id": "683427",
    "ThreadId": "275665",
    "Html": "<p>Justin: It's up now.&nbsp;Can you download it and make sure it runs as expected. I have no concerns ... it would just be nice to know. Thanks!</p>",
    "PostedDate": "2011-10-12T15:57:28.233-07:00",
    "UserRole": null,
    "MarkedAsAnswerDate": null
  },
  {
    "Id": "683428",
    "ThreadId": "275665",
    "Html": "<p>Good idea about the license ... I will do that now.</p>",
    "PostedDate": "2011-10-12T15:58:14.283-07:00",
    "UserRole": null,
    "MarkedAsAnswerDate": null
  }
]