[
  {
    "Id": "1201197",
    "ThreadId": "528488",
    "Html": "please add clickonce install option if possible. if there is restriction to setup programs clickonce is  good solution<br />\n",
    "PostedDate": "2014-01-30T23:13:20.25-08:00",
    "UserRole": null,
    "MarkedAsAnswerDate": null
  },
  {
    "Id": "1202139",
    "ThreadId": "528488",
    "Html": "Thank you for your feedback. We will certainly keep this in mind, and bring this up to the developers that work on the setup program. Meanwhile, if you're able to build Snoop, that would probably help you be more productive in the long run. If there are any strange edge-case issues with Snoop (as others have encountered), you will be able to change the code and move on quickly (as well as contribute to this project). The time between releases is also on the longer side.\r<br />\n<br />\n<br />\nMaciek<br />\n",
    "PostedDate": "2014-02-03T09:56:37.877-08:00",
    "UserRole": null,
    "MarkedAsAnswerDate": null
  }
]