[
  {
    "Id": "545528",
    "ThreadId": "240879",
    "Html": "\r\n<p>The application consumes roughly 20% CPU indefinitely, but no UI ever shows.</p>\r\n<p>There is another discussion here about problems running under Terminal Services that suggests that the UI appears after several minutes. So I let it run all night and still no UI.</p>\r\n<p>I will try downloading the sources and running in the debugger to see where the application gets stuck, and contribute a code fix if I am able to resolve the issue. I am curious if anyone else had had similar experiences.</p>\r\n",
    "PostedDate": "2011-01-07T10:13:39.01-08:00",
    "UserRole": null,
    "MarkedAsAnswerDate": null
  },
  {
    "Id": "546799",
    "ThreadId": "240879",
    "Html": "\r\n<p>Hmm. What do you mean by Terminal Services?</p>\r\n<p>When I remote desktop into another machine (mstsc.exe ... or Microsoft Terminal Services Client) ... I have no problems bringing up Snoop and seeing the properties window when I Snoop a particular app.</p>\r\n",
    "PostedDate": "2011-01-10T08:56:34.293-08:00",
    "UserRole": null,
    "MarkedAsAnswerDate": null
  },
  {
    "Id": "547496",
    "ThreadId": "240879",
    "Html": "\r\n<p>Yes, Remote Desktop.</p>\r\n<p>In this specific situation, I am connecting through a Citrix gateway that launches Remote Desktop Connection on an XP machine. Then I connect to my dev machine that is running Win 7 x64. I doubt that part is relevant.</p>\r\n<p>In the Issue Tracker, there is another user that reports problems running on Terminal Services (which is the old name for the tech that powers Remote Desktop Connection and a lot of people still call it that).</p>\r\n",
    "PostedDate": "2011-01-11T11:44:46.83-08:00",
    "UserRole": null,
    "MarkedAsAnswerDate": null
  },
  {
    "Id": "547497",
    "ThreadId": "240879",
    "Html": "\r\n<p>Here is a link to the issue I was referring to: <a href=\"http://snoopwpf.codeplex.com/workitem/4311\">\r\nhttp://snoopwpf.codeplex.com/workitem/4311</a></p>\r\n",
    "PostedDate": "2011-01-11T11:46:06.91-08:00",
    "UserRole": null,
    "MarkedAsAnswerDate": null
  },
  {
    "Id": "547536",
    "ThreadId": "240879",
    "Html": "\r\n<p>Thanks for posting a link to that old issue. I had forgotten about it.</p>\r\n<p>This might go without saying, but ... you might try using his code snippet to see if it improves the situation at all. Although, if you let it run all night ... it's probably hung somewhere.</p>\r\n<p>One question ... do you ever see the Snoop application chooser (the thin blue UI that allows you to choose which app to Snoop) ... or is it ... that you don't see the main Snoop UI after trying to Snoop a particular app?</p>\r\n<p>Please post back on what you find ... I haven't had any issues, otherwise I would take a look myself.</p>\r\n",
    "PostedDate": "2011-01-11T12:47:41.673-08:00",
    "UserRole": null,
    "MarkedAsAnswerDate": null
  },
  {
    "Id": "547543",
    "ThreadId": "240879",
    "Html": "\r\n<p>I&nbsp;never see any UI at all.</p>\r\n<p>Using the exact same entry setup described above, if I remote into my XP machine, I am able to run snoop with no problems. So I am thinking it is probably a platform API thing.</p>\r\n<p>As soon as I have time, I will try running the code in debug mode and see if I can find the problem. In the meantime, I am intereseted in whether this affects anyone else on Win 7 or Vista in either x32 or x64.</p>\r\n",
    "PostedDate": "2011-01-11T12:54:20.973-08:00",
    "UserRole": null,
    "MarkedAsAnswerDate": null
  },
  {
    "Id": "547560",
    "ThreadId": "240879",
    "Html": "\r\n<p>Hmm. So ... XP to XP works ... but XP to Win 7 x64 doesn't.&nbsp;Interesting.</p>\r\n",
    "PostedDate": "2011-01-11T13:12:19.667-08:00",
    "UserRole": null,
    "MarkedAsAnswerDate": null
  },
  {
    "Id": "640631",
    "ThreadId": "240879",
    "Html": "<p>BTW, this issue is fixed by retargeting the Snoop project to .NET 4 Client Profile. The rendering issue over Terminal Services was fixed in .NET 4.0.</p>\r\n<p>Regards,</p>",
    "PostedDate": "2011-07-11T12:56:40.163-07:00",
    "UserRole": null,
    "MarkedAsAnswerDate": null
  },
  {
    "Id": "658862",
    "ThreadId": "240879",
    "Html": "<p>I'm seeing this issue with Snoop&nbsp;2.6.1 on my Windows 7 x64&nbsp;system as well.&nbsp;Sometimes I can get the Snoop UI if I load a second version, but more than not, it never shows up.</p>\n<p>Windows 7 x64 Enterprise<br />Snoop 2.6.1<br />.NET 2.0, 3.0, 3.5, 4.0<br />VS 2010 SP1<br />12gb Memory<br />2TB HDD space.<br />All windows updates as of 8/15/2011.</p>\n<p>Update: I found the problem! All of my dev systems are on a switchbox. The system I was having issues with is a recent addition, and has a video card with two display ports as outputs. Since my switchbox does not support display port, I have to make sure that when I reboot the system, that I switch the input on my monitor to the display port, or I get no video output displayed&nbsp;on the monitor. Apparently this server was rebooted recently causing this scenario with no video. However,&nbsp;I can RDP to the system and use it fine which is how I do most of my work. When the display is not initialized on reboot, this apparently causes Snoop to have issues with its UI initialization. I rebooted the system and got the video initialized, then RDP'ed into the system again, fired up Snoop, and UI on the first load! WOOT! Its gonna be a good day! :)</p>",
    "PostedDate": "2011-08-16T07:49:14.897-07:00",
    "UserRole": null,
    "MarkedAsAnswerDate": null
  },
  {
    "Id": "1222503",
    "ThreadId": "240879",
    "Html": "<strong>MarkSmeltzer wrote:</strong><br />\n<blockquote>\nBTW, this issue is fixed by retargeting the Snoop project to .NET 4 Client Profile. The rendering issue over Terminal Services was fixed in .NET 4.0. Regards,<br />\n</blockquote>\nI know this is several years old ... but thanks Mark for your reply ... I just ran into this issue myself. Shows why forums can be useful!<br />\n",
    "PostedDate": "2014-03-13T12:45:13.13-07:00",
    "UserRole": null,
    "MarkedAsAnswerDate": null
  }
]