[
  {
    "Id": "1135430",
    "ThreadId": "473475",
    "Html": "Hi \r<br />\n<br />\nI would like standard keybord navigation in tree panel i.e.:\r<br />\n down: next node\r<br />\n up: previous node\r<br />\n right: expand node\r<br />\n left: collaps node or if already collapsed go to parent\r<br />\n<br />\nThanks<br />\n",
    "PostedDate": "2013-12-13T02:53:36.11-08:00",
    "UserRole": null,
    "MarkedAsAnswerDate": null
  },
  {
    "Id": "1136558",
    "ThreadId": "473475",
    "Html": "Hi,\r<br />\n<br />\nIt seems that for a standard WPF application, the keyboard navigation works as any default tree view would. i.e. left collapses the node, right expands it, up goes up a node, etc... \r<br />\n<br />\nAre you saying that standard keyboard navigation does not work for any app, or just yours? And did you also make sure that the tree view was in focus, and all that stuff? If you have problems, feel free to post an app that reproduces the problem and we will be happy to take a look.\r<br />\n<br />\n<br />\nThanks,\r<br />\n<br />\nMaciek<br />\n",
    "PostedDate": "2013-12-15T21:45:17.937-08:00",
    "UserRole": null,
    "MarkedAsAnswerDate": null
  },
  {
    "Id": "1143720",
    "ThreadId": "473475",
    "Html": "Hi\r<br />\n<br />\nMy mistake seems like my application somehow eats the keystrokes before they reach Snoop\r<br />\n<br />\nThanks<br />\n",
    "PostedDate": "2013-12-29T09:47:13.593-08:00",
    "UserRole": null,
    "MarkedAsAnswerDate": null
  }
]