[
  {
    "Id": "1235056",
    "ThreadId": "542519",
    "Html": "Just wondering if anyone has seen an issue when snooping a WPF application that is usign prism? when I drop the cross hairs on any of its windows, it does not go much further than displaying the shell and the grid inside it. I can't drill down any more to resolve any of the windows that make up the app.<br />\n<br />\nI tried both snoop 2.7.1 and the latest 2.8 release. I am new to this team and It does not appear that they are fully using prism in the implementation (other than the bootstrapping and event aggregator) ... there does not seem to be any traces of using regions. They do use a Shell in the app.<br />\n",
    "PostedDate": "2014-04-17T07:09:13.23-07:00",
    "UserRole": null,
    "MarkedAsAnswerDate": null
  },
  {
    "Id": "1235164",
    "ThreadId": "542519",
    "Html": "That is interesting. I get this issue, but not on WPF applications. It happens when I'm snooping a Windows Phone emulator. It just gets the outer shell, but the other stuff seems to run in another process or appdomain. My first question would be this: Is this a regular WPF application? It really shouldn't matter if you're using PRISM.\r<br />\n<br />\nSecond, do you think it's possible for you to send a sample app that reproduces the problem? We always love it when we get repro apps because it enables us to fix the problem extremely quickly. However, most of the time it seems to be some weird edge-case scenario with a large enterprise app where it's mixing in some things (by accident) that don't mesh well together.\r<br />\n<br />\nAlso, the size and complexity of the application should not matter for Snoop. We are able to Snoop Visual Studio itself as well as Expression Blend. We encounter no difference when Snooping these very-large applications (and I doubt that many people's applications are larger scale than those).<br />\n",
    "PostedDate": "2014-04-17T11:56:58.2-07:00",
    "UserRole": null,
    "MarkedAsAnswerDate": null
  },
  {
    "Id": "1235207",
    "ThreadId": "542519",
    "Html": "Yes it is a native WPF application. Unfortunately, I can't post the code due to company restrictions. It is a fairly sizable enterprise level application.\r<br />\n<br />\nI have never tried (knowingly) snooping a prism based application before. Yes I have looked at Visual studio in snoop, and it works great there. I have some sample WPF-Prism applications that I was playing with at home, i will try to snoop those and see if I get the same issue.  I suspect those will work, and as you suggest, the issue is probably some weird edge case.<br />\n",
    "PostedDate": "2014-04-17T13:28:36.76-07:00",
    "UserRole": null,
    "MarkedAsAnswerDate": null
  },
  {
    "Id": "1235288",
    "ThreadId": "542519",
    "Html": "Let us know what you find when/if you get a chance to test on your own time.<br />\n",
    "PostedDate": "2014-04-17T20:56:31.407-07:00",
    "UserRole": null,
    "MarkedAsAnswerDate": null
  }
]