[
  {
    "Id": "1087522",
    "ThreadId": "455222",
    "Html": "I can see that Snoop supports adding filter categories. But it does not support(or not working) keyword filtering. Can you please support this ?\r<br />\n<br />\nThanks for the great tool ! I use it every day.<br />\n",
    "PostedDate": "2013-09-02T21:58:20.41-07:00",
    "UserRole": null,
    "MarkedAsAnswerDate": null
  },
  {
    "Id": "1088620",
    "ThreadId": "455222",
    "Html": "Hi zebajap,<br />\n<br />\nI think I may be unfamiliar with the term &quot;filter category&quot;. Do you mean the filter sets? Or do you mean the standard property filters? Or the name filters? If you are having problems, I definitely want to get to the bottom of it, and make all your snoop features usable.<br />\n<br />\nMaciek<br />\n",
    "PostedDate": "2013-09-05T00:16:31.003-07:00",
    "UserRole": null,
    "MarkedAsAnswerDate": null
  }
]