[
  {
    "Id": "1437097",
    "ThreadId": "642288",
    "Html": "Our team is using UIAutomation to collect data on the elements, however, we cannot get the detailed level of properties you seem to have uncovered with  your app.  We would like to be able to pass an element to your app and get the property objects back to interact with them during our UI testing. \r<br />\n<br />\nHow would I be able to do that?\r<br />\n<br />\nNote: we use C# and prefer a managed solution for this.<br />\n",
    "PostedDate": "2015-08-03T15:13:07.553-07:00",
    "UserRole": null,
    "MarkedAsAnswerDate": null
  }
]