[
  {
    "Id": "445453",
    "ThreadId": "213306",
    "Html": "<p>Hi,</p>\r\n<p>the old snoop version from http://blois.us/Snoop/ have displayed ALL available properties,<br>the latest version (x86, WPF 3.5) does'nt.</p>\r\n<p>why?</p>",
    "PostedDate": "2010-05-20T08:39:17.667-07:00",
    "UserRole": null,
    "MarkedAsAnswerDate": null
  },
  {
    "Id": "445460",
    "ThreadId": "213306",
    "Html": "<p>ok, solved... the problem is simple explained in this picture:</p>\r\n<p>http://blois.us/Snoop/pics/PropertyViewD.PNG</p>\r\n<p>best regards^^</p>",
    "PostedDate": "2010-05-20T08:55:59.557-07:00",
    "UserRole": null,
    "MarkedAsAnswerDate": null
  },
  {
    "Id": "445461",
    "ThreadId": "213306",
    "Html": "<p>Glad you figured it out.</p>\r\n<p>My first reaction was surprise ... meaning that I have never noticed a situation where I can't see a particular property ... with either the old version or the current versions.&nbsp;</p>",
    "PostedDate": "2010-05-20T08:58:42.403-07:00",
    "UserRole": null,
    "MarkedAsAnswerDate": null
  },
  {
    "Id": "445469",
    "ThreadId": "213306",
    "Html": "<p>The problem was, that i clicked on the button (which has no caption^^) and dont noticed that the filter was active.</p>\r\n<p>can you add a caption or tooltip (or documentation :P) please?</p>\r\n<p>best regards</p>",
    "PostedDate": "2010-05-20T09:19:44.617-07:00",
    "UserRole": null,
    "MarkedAsAnswerDate": null
  },
  {
    "Id": "448380",
    "ThreadId": "213306",
    "Html": "<p>I just added a caption for that button and tool tips everywhere. It will be in the next version of Snoop (v2.5.2).</p>",
    "PostedDate": "2010-05-27T13:49:26.277-07:00",
    "UserRole": null,
    "MarkedAsAnswerDate": null
  },
  {
    "Id": "452448",
    "ThreadId": "213306",
    "Html": "<p>i've seen your replay some days ago, now i will thank you :)</p>\r\n<p>best regards,<br>Bernhard</p>",
    "PostedDate": "2010-06-07T06:51:35.657-07:00",
    "UserRole": null,
    "MarkedAsAnswerDate": null
  },
  {
    "Id": "452457",
    "ThreadId": "213306",
    "Html": "Glad to help. Anything I can do make Snoop more usable! I also plan on getting some documentation on how to use the tool ... on this CodePlex site ... eventually.\r\n\r\nLittle by little ... :)",
    "PostedDate": "2010-06-07T07:19:18.173-07:00",
    "UserRole": null,
    "MarkedAsAnswerDate": null
  }
]