[
  {
    "Id": "597110",
    "ThreadId": "253862",
    "Html": "\r\n<p>Hi</p>\r\n<p>Normally, if you select an item in the treeview, the element is adorned with a pink border. I have one app however where this feature has stopped working. What could cause this?</p>\r\n<p>The app shows a world map that consists of a large number of canvasses and polygons. The one thing I thought could cause this, was the Panel.ZIndex that is set on certain shapes.</p>\r\n<p>Ctrl-Shift click to select an element works perfectly, but the pink border never appears.</p>\r\n<p>The following is in the trace file if that helps:</p>\r\n<p>System.Windows.ResourceDictionary Warning: 9 : Resource not found; ResourceKey='noBreakpointDrawingImage'</p>\r\n<p>&nbsp;</p>\r\n",
    "PostedDate": "2011-04-14T02:53:15.17-07:00",
    "UserRole": null,
    "MarkedAsAnswerDate": null
  },
  {
    "Id": "597205",
    "ThreadId": "253862",
    "Html": "<p>pvl,</p>\r\n<p>One thing that you could check is to see ... if you can find the AdornerLayer (or AdornerDecorator) that is the highlighting rectangle ... on the visual tree (in Snoop). If you can find it, but can't see it ... you may indeed have a ZIndex issue.</p>\r\n<p>The trace statement is something else entirely and not related.</p>\r\n<p>Let me know what you find out,</p>\r\n<p>Cory</p>",
    "PostedDate": "2011-04-14T06:46:56.53-07:00",
    "UserRole": null,
    "MarkedAsAnswerDate": null
  }
]