[
  {
    "Id": "1305733",
    "ThreadId": "567722",
    "Html": "I'm getting an error where opacity is 1 but the element still does not show. Snoop highlights the row but I can't find any help on what it means.\r<br />\n<br />\n<img src=\"http://i.imgur.com/HDqyBKh.png\" alt=\"Screenshot\" /><br />\n",
    "PostedDate": "2014-09-17T14:20:04.22-07:00",
    "UserRole": null,
    "MarkedAsAnswerDate": null
  },
  {
    "Id": "1305737",
    "ThreadId": "567722",
    "Html": "It means that it is being animated.\r<br />\n<br />\nMore info:\r<br />\nLightGreen means that it is an expression (often a data binding).\r<br />\nLightSalmon (orange above) means that the property is being animated.\r<br />\nRed means an invalid data binding.\r<br />\nYellow means that it has changed recently.<br />\n",
    "PostedDate": "2014-09-17T14:43:44.153-07:00",
    "UserRole": null,
    "MarkedAsAnswerDate": null
  },
  {
    "Id": "1305741",
    "ThreadId": "567722",
    "Html": "Ty sir.<br />\n",
    "PostedDate": "2014-09-17T14:57:36.36-07:00",
    "UserRole": null,
    "MarkedAsAnswerDate": null
  }
]