[
  {
    "Id": "454591",
    "ThreadId": "215765",
    "Html": "<p>I have a control with a Windows.Controls.Primitive.Popup on it resizing strangely. Wanting to see why... I tried to Snoop it. But while I see everything from the base application down to the textbox it's coming off of, I can't actually see the popup anywhere.</p>\r\n<p>Is there a way to Snoop popups which I'm missing?</p>",
    "PostedDate": "2010-06-11T14:12:47.57-07:00",
    "UserRole": null,
    "MarkedAsAnswerDate": null
  },
  {
    "Id": "454605",
    "ThreadId": "215765",
    "Html": "<p>I just tried it and it works just fine.</p>\r\n\r\n<p>I thought maybe that you might have to set StaysOpen (on the Popup) to true so that you can mouse over it (without it collapsing) ... but you don't even have to do that. Snoop works on Popups both for StaysOpen = false and StaysOpen = true (the Popup doesn't collapse unless you mouse down somewhere).</p>\r\n\r\n<p>Note that Popup(s) aren't part of the same visual tree ... from where they are popping  up ... and that you must use the ctrl-shift mouse trick over the Popup ... before Snoop will refresh the tree view and load the visual tree for the Popup.</p>\r\n\r\n<p>Maybe you are unaware of the ctrl-shift, mouse trick? If you hold down the ctrl and shift keys and then mouse over the visuals in a WPF application, Snoop will find the element in the tree view that the mouse is over.</p>\r\n\r\n<p>Hope that helps.</p>",
    "PostedDate": "2010-06-11T14:55:48.517-07:00",
    "UserRole": null,
    "MarkedAsAnswerDate": null
  },
  {
    "Id": "454610",
    "ThreadId": "215765",
    "Html": "<p>Ah, perfect. That does find exactly what I was trying to find. I didn't know the cool ctrl+shift mouse-over trick. Thanks.</p>\r\n<p>And finding it showed me the cause of the weirdness, so I'm happy. Thank you, Sir.</p>",
    "PostedDate": "2010-06-11T15:13:57.687-07:00",
    "UserRole": null,
    "MarkedAsAnswerDate": null
  },
  {
    "Id": "454631",
    "ThreadId": "215765",
    "Html": "<p>Wonderful ... and glad it was that simple.</p>\r\n<p>I do plan on working on the documentation area of http://snoopwpf.codeplex.com/&nbsp;... and adding a 'tip' feature so that users of Snoop can learn about its features.</p>\r\n<p>Check out&nbsp;<a href=\"http://blois.us/Snoop/\">http://blois.us/Snoop/</a>&nbsp;... as it has some information on how to use it ... just scroll down a little.</p>",
    "PostedDate": "2010-06-11T17:04:23.673-07:00",
    "UserRole": null,
    "MarkedAsAnswerDate": null
  }
]