[
  {
    "Id": "363384",
    "ThreadId": "155550",
    "Html": "<p>Hi, just downloaded&nbsp;<a id=fileDownload1 style=\"text-decoration:underline;color:#3e62a6\" tabindex=9 href=\"http://snoopwpf.codeplex.com/releases/view/40484#DownloadId=106152\">Snoop 64-bit Installer for WPF 3.5</a>&nbsp;and ran it but it couldn't detect my app at first. So I ran it with elevated privileges and it detects my application fine. Just an FYI.</p>",
    "PostedDate": "2010-02-23T13:44:40.847-08:00",
    "UserRole": null,
    "MarkedAsAnswerDate": null
  },
  {
    "Id": "363401",
    "ThreadId": "155550",
    "Html": "<p>Hmm. That's odd. I've never had a problem with that ... and typically don't run Snoop with elevated privileges.</p>\r\n<p>Just to clarify, Snoop was able to run fine (when not elevated) ... it just couldn't detect your app, right?</p>\r\n<p>Has anyone else seen this?</p>",
    "PostedDate": "2010-02-23T14:13:11.843-08:00",
    "UserRole": null,
    "MarkedAsAnswerDate": null
  },
  {
    "Id": "363495",
    "ThreadId": "155550",
    "Html": "<p>Yeah thats it. I've done some more researching and it detects my application fine when I open it with windows, but when I run it with the debugger in visual studio it wont detect it. Running it with elevated privileges detects it.</p>",
    "PostedDate": "2010-02-23T19:01:25.083-08:00",
    "UserRole": null,
    "MarkedAsAnswerDate": null
  },
  {
    "Id": "416556",
    "ThreadId": "155550",
    "Html": "<p>same here</p>",
    "PostedDate": "2010-03-10T12:21:09.753-08:00",
    "UserRole": null,
    "MarkedAsAnswerDate": null
  },
  {
    "Id": "416581",
    "ThreadId": "155550",
    "Html": "<p>Boy, I'm at a loss here. I've never seen this ... but obviously there are some situations where it happens.</p>\r\n<p>I would encourage you all to try and diagnose what is going on (as I can't reproduce it). In particular, take a look at the AppChooser code (specifically the code that determines what applications you can Snoop).</p>\r\n<p>If you figure out anything, let me know.</p>",
    "PostedDate": "2010-03-10T13:06:13.377-08:00",
    "UserRole": null,
    "MarkedAsAnswerDate": null
  },
  {
    "Id": "416921",
    "ThreadId": "155550",
    "Html": "<p>I've found out what's going on. When snooping an elevated process from snoop that is not elevated you get a Win32Exception (Access Denied). This comes from when trying to read the modules loaded within a process in the AppChooser code. Unfortunately there's no way round this other than running snoop in elevated mode. The only way I can think of is to find an alternative method of identifying&nbsp;whether&nbsp;an application is WPF based.</p>",
    "PostedDate": "2010-03-11T05:32:17.497-08:00",
    "UserRole": null,
    "MarkedAsAnswerDate": null
  },
  {
    "Id": "417051",
    "ThreadId": "155550",
    "Html": "<p>Ah. That makes perfect sense. Thanks for posting your finding back here leetreveil ... I'm sure it will help others.</p>\r\n<p>For now, I think it is fair to expect you to run Snoop elevated, if the application you are Snooping is elevated. Maybe when I start toying around with some ideas I have (in regards to how you select the application you want to Snoop) ... maybe a better solution will fall out at that time. I'll keep it mind.</p>",
    "PostedDate": "2010-03-11T09:39:41.24-08:00",
    "UserRole": null,
    "MarkedAsAnswerDate": null
  }
]