[
  {
    "Id": "691982",
    "ThreadId": "277855",
    "Html": "\r\n<p>What exactly is the dog in the logo smelling? I have an idea but I hope I'm wrong...</p>\r\n",
    "PostedDate": "2011-11-01T01:06:08.393-07:00",
    "UserRole": null,
    "MarkedAsAnswerDate": null
  },
  {
    "Id": "692243",
    "ThreadId": "277855",
    "Html": "<p>poop</p>",
    "PostedDate": "2011-11-01T10:12:11.84-07:00",
    "UserRole": null,
    "MarkedAsAnswerDate": null
  },
  {
    "Id": "692244",
    "ThreadId": "277855",
    "Html": "<p>I like to think that the Snoop dog is helping you to sniff out all the problem areas in your code.</p>",
    "PostedDate": "2011-11-01T10:14:09.173-07:00",
    "UserRole": null,
    "MarkedAsAnswerDate": null
  },
  {
    "Id": "1293218",
    "ThreadId": "277855",
    "Html": "If Snoop is a WPF sniffer, are you guys saying that WPF is poop?<br />\n",
    "PostedDate": "2014-08-25T11:49:33.843-07:00",
    "UserRole": null,
    "MarkedAsAnswerDate": null
  },
  {
    "Id": "1293226",
    "ThreadId": "277855",
    "Html": "It's humor, people. Kind of like what's in the bio here: <a href=\"https://www.codeplex.com/site/users/view/codeplexuser242\" rel=\"nofollow\">https://www.codeplex.com/site/users/view/codeplexuser242</a>\r<br />\n<br />\n:-)<br />\n",
    "PostedDate": "2014-08-25T12:14:13.847-07:00",
    "UserRole": null,
    "MarkedAsAnswerDate": null
  }
]