[
  {
    "Id": "1250863",
    "ThreadId": "546916",
    "Html": "I am trying to debug my Visual Studio WPF app using snoop, if I select the process AVR HMI -AVRHmi.vshost [7472] as I am debugging under VS, but when I select and click on the Binoculars, or drag the cross hair to the app, in snoop the app it offers me is SnoopUI and obviously only shows the contents of the snoop window\r<br />\n<br />\nAny help appreciated!<br />\n",
    "PostedDate": "2014-05-29T07:02:33.463-07:00",
    "UserRole": null,
    "MarkedAsAnswerDate": null
  }
]