[
  {
    "Id": "451358",
    "ThreadId": "214900",
    "Html": "<p>I am not all that surprised, but SNOOP does not work on a WPF control that is hosted in a System.Windows.Forms.Integration.ElementHost.&nbsp; It would be a very nice feature to add at some point in time.</p>\r\n<p>Sam</p>",
    "PostedDate": "2010-06-03T12:28:44.32-07:00",
    "UserRole": null,
    "MarkedAsAnswerDate": null
  },
  {
    "Id": "451362",
    "ThreadId": "214900",
    "Html": "<p>Actually, it should work. This is exactly the scenario that motivated me to work on Snoop in the first place.</p>\r\n<p>Maybe I missing something though. Do you have a simple test harness that illustrates how Snoop is not working for you? If so, email it to me at my first name followed by my last name at gmail.com.</p>",
    "PostedDate": "2010-06-03T12:32:52.607-07:00",
    "UserRole": null,
    "MarkedAsAnswerDate": null
  },
  {
    "Id": "451376",
    "ThreadId": "214900",
    "Html": "<p>Sort of funny, what I am trying to test&nbsp;is my test harness.&nbsp;The test harness is anything but trivial, though.&nbsp; I can think of two things that might be an issue:</p>\r\n<p>I am implemented my own System.Windows.Forms.ApplicationContext: To get to the WinForms dialog that contains the WPF, one must go through three other WinForm dialogs.&nbsp; Rather than simply stacking dialogs on top of each other, which I simply HATE, the custom implementation of ApplicationContext creates a dialog, hooks the FormClosed of the form.&nbsp; When the event fires, then it determines if it should be exiting or opening the next form.</p>\r\n<p>I am using a 3rd party set of WPF Controls.</p>\r\n<p>I would not imagine either of these being an issue.&nbsp; Since this is open source, any suggestions on how I can debug this?</p>\r\n<p>Sam</p>",
    "PostedDate": "2010-06-03T13:15:49.403-07:00",
    "UserRole": null,
    "MarkedAsAnswerDate": null
  },
  {
    "Id": "451383",
    "ThreadId": "214900",
    "Html": "<p>Hmmm. I wonder if you have a situation where Application.MainWindow is no longer valid ... since it was one of the first forms in a sequence ... before you actually got to the WPF part. The only thing you need to keep in mind if you are debugging this yourself ... is that Snoop injects its main Snoop UI (the window with the property grid) into the Snoop(ed) or spied upon process.</p>\r\n<p>Thus, you need to do the following:</p>\r\n<ol>\r\n<li>Launch the application that you want to Snoop. </li>\r\n<li>Launch Snoop (only the application chooser ... don't try to Snoop anything just yet). </li>\r\n<li>Bring up the Snoop project inside of Visual Studio and Debug/Attach to Process on the application you want to Snoop (the thing you launched in #1). </li>\r\n<li>Set a breakpoint somewhere in the Snoop code. I would suggest SnoopUI.GoBabyGo. </li>\r\n<li>Finally, use Snoop's application chooser to select and Snoop the application you've been trying to Snoop (again, the thing you launched in #1). </li>\r\n<li>Your breakpoint should get hit. </li>\r\n</ol>\r\n<p>Good luck, I hope you figure it out.</p>\r\n<p>If you do, I will still be wanting a test harness so that I can verify any bug fixes that I end up integrating. The hope, of course, is that once you figure it out, it might be very easy to create a simple test harness ... and one that doesn't have any dependency on a 3rd party set of WPF Controls (so that I can check it in to the source code here too).</p>",
    "PostedDate": "2010-06-03T13:28:59.773-07:00",
    "UserRole": null,
    "MarkedAsAnswerDate": null
  },
  {
    "Id": "451405",
    "ThreadId": "214900",
    "Html": "<p>Actually, it wasn't that Application.MainWindow was no longer valid, it was that Application.MainWindow was never set!&nbsp; Thank you!</p>",
    "PostedDate": "2010-06-03T14:09:24.477-07:00",
    "UserRole": null,
    "MarkedAsAnswerDate": null
  },
  {
    "Id": "451418",
    "ThreadId": "214900",
    "Html": "So are you good then?\r\n\r\nAre you changing your application? If so, how? I don't think we had to worry about manually setting the Application.MainWindow manually in our scenario (but I could be wrong on that).",
    "PostedDate": "2010-06-03T14:34:06.8-07:00",
    "UserRole": null,
    "MarkedAsAnswerDate": null
  },
  {
    "Id": "451448",
    "ThreadId": "214900",
    "Html": "<p>Sorry, you are correct, I am good now.&nbsp; In the Application class there was one function which wired up all the events on the form and showed the form, I simply set the Application.MainWindow there, too.&nbsp; All is golden now!</p>\r\n<p>As far as the rules around Application.MainWindow, I am not sure.&nbsp; In the constructor of my derived Application class is where I first called the function I modified, then as the form closes, I determine what form comes next, if none, I called Application.ExitThread().&nbsp; Oh, and when I called Run from the static main, I ran my Application class, not a form, which is why I don't think Application.MainWindow ever got set.&nbsp; When you call Run on a actual form, I think the default Application class sets the MainWindow for you.</p>\r\n<p>Sam</p>",
    "PostedDate": "2010-06-03T15:16:19.31-07:00",
    "UserRole": null,
    "MarkedAsAnswerDate": null
  }
]