[
  {
    "Id": "482196",
    "ThreadId": "224059",
    "Html": "<p>I am using Snoop&nbsp;(Change set 51211) &nbsp;on a x64 window 7 machine and&nbsp;could only snoop the MainWindow. If I show&nbsp;other Windows or Dialogs the Snoop Window is frozen. When I click with Ctrl Shift on an element&nbsp;of the new Window the TreeView in the Snoop window is filled with elemtens but it still is frozen.</p>\r\n<p>Any ideas?</p>",
    "PostedDate": "2010-08-19T01:43:49.283-07:00",
    "UserRole": null,
    "MarkedAsAnswerDate": null
  },
  {
    "Id": "482375",
    "ThreadId": "224059",
    "Html": "Hmmm, this is odd. Change set 51211 was specifically to fix the scenario of Snooping dialogs and non main windows.\r\n<p>\r\nNote that the events tab only works with main windows only, this is actually already an issue: http://snoopwpf.codeplex.com/workitem/4984\r\n<p>\r\nCan you send me a test harness which reproduces the problem? My email is my first name and then my last name (all together, no space) at gmail.com.",
    "PostedDate": "2010-08-19T08:44:12.8-07:00",
    "UserRole": null,
    "MarkedAsAnswerDate": null
  },
  {
    "Id": "482624",
    "ThreadId": "224059",
    "Html": "<p>Cory,</p>\r\n<p>I developed a simple test harness with a button that starts&nbsp;a dialog, but with this app everything works fine.&nbsp;</p>\r\n<p>But when I open Blend 4 and go to the Tools\\Options dialog the same effect takes place. I could not do anything int the snoop window. (Ctrl Shift changes the TreeView selection but the window did not react on any mouse click).</p>",
    "PostedDate": "2010-08-20T00:39:29.023-07:00",
    "UserRole": null,
    "MarkedAsAnswerDate": null
  },
  {
    "Id": "482636",
    "ThreadId": "224059",
    "Html": "<p>I discovered that the ResizeMode property of the dialog window has to be set to &ldquo;NoResize&rdquo;.</p>\r\n<p>You have to attach to the Process with Snoop before&nbsp;open the Dialog and then Ctrl Shift click on it. When attaching to the running dialog everything works fine.</p>\r\n<p>When I close the dialog then the Snoop window reacts normal again, I can navigate in the TreeView and look at all elements.</p>\r\n<p>I sent you a test harness.</p>",
    "PostedDate": "2010-08-20T01:26:48.497-07:00",
    "UserRole": null,
    "MarkedAsAnswerDate": null
  },
  {
    "Id": "482860",
    "ThreadId": "224059",
    "Html": "<p>Thanks for the test harness.&nbsp;What I'm observing is that NoResize has nothing to do with it.</p>\r\n<p>It seems to solely dependent on when you click 'Snoop this application' from the application chooser. If you Snoop first, launch the dialog, and then try to inspect, you will not be able to change any properties. However, if you launch the dialog first, then Snoop, you will be able to inspect AND are able to change properties.</p>\r\n<p>What I've also noticed is that my previous fix ... did not fix the ability to Snoop dialogs at all! I must have been confused due to the ordered nature of how you must Snoop dialogs. Well, I will be rolling back the so-called fix in changeset 51211. :)</p>\r\n<p>Can you confirm that you're seeing what I'm seeing as well?</p>",
    "PostedDate": "2010-08-20T09:46:07.473-07:00",
    "UserRole": null,
    "MarkedAsAnswerDate": null
  },
  {
    "Id": "482867",
    "ThreadId": "224059",
    "Html": "<p>I think the nature of this issue is around the event loop. Meaning, that a potential workaround for people ... is to launch their Dialogs with Show ... instead of ShowDialog ... just for the time it takes to Snoop and evaluate what's going on.</p>\r\n<p>If you use Show, then it doesn't matter whether you Snoop before or after you have launched the dialog (non main window).</p>",
    "PostedDate": "2010-08-20T09:56:31.207-07:00",
    "UserRole": null,
    "MarkedAsAnswerDate": null
  },
  {
    "Id": "482873",
    "ThreadId": "224059",
    "Html": "<p>You are right ResizeMode has nothing to do with it.</p>",
    "PostedDate": "2010-08-20T10:02:17.387-07:00",
    "UserRole": null,
    "MarkedAsAnswerDate": null
  }
]