[
  {
    "Id": "671729",
    "ThreadId": "272563",
    "Html": "\r\n<p>Hi,</p>\r\n<p>I have a .NET 4.0 WPF application that I am trying to snoop upon, however when I select it from the drop-down list or use the crosshair selection the resulting magnifier/snoop dialogue seems to show the SnoopUI rather than my application; i.e. snoop is snooping\r\n on itself! Has anyone else encountered this? I've had a quick search through the discussions but couldn't find any similar issue, I've tried running as administrator, etc, same result.</p>\r\n<p>Using v2.7.0</p>\r\n<p>Thanks,</p>\r\n<p>Alex</p>\r\n",
    "PostedDate": "2011-09-14T07:35:18.573-07:00",
    "UserRole": null,
    "MarkedAsAnswerDate": null
  },
  {
    "Id": "680906",
    "ThreadId": "272563",
    "Html": "<p>Hi Alex,</p>\r\n<p>Have you tried to press CTRL + Shift over the window you want to snoop? I got this once before, but I was able to snoop the correct window by simply pressing CTRL + Shift over the window I want to Snoop. If you get a chance to try, let me know what happens.</p>\r\n<p>&nbsp;- Maciek</p>",
    "PostedDate": "2011-10-06T10:26:44.593-07:00",
    "UserRole": null,
    "MarkedAsAnswerDate": null
  },
  {
    "Id": "707665",
    "ThreadId": "272563",
    "Html": "<p>I see the same behavior. It doesn't matter whether I select my app in the drop down menu or I use the crosshair. Snoop keeps hooking itself...</p>\r\n<p>Hitting Ctrl+Shift has no effect.</p>",
    "PostedDate": "2011-12-05T10:16:04.237-08:00",
    "UserRole": null,
    "MarkedAsAnswerDate": null
  },
  {
    "Id": "707825",
    "ThreadId": "272563",
    "Html": "<p>Is it possible to send a sample application which illustrates the issue?</p>\r\n<p><em>You could create an issue in the Issue Tracker and from there attach the sample project.</em></p>",
    "PostedDate": "2011-12-05T15:30:07.457-08:00",
    "UserRole": null,
    "MarkedAsAnswerDate": null
  },
  {
    "Id": "708749",
    "ThreadId": "272563",
    "Html": "<p>I'm on my way to China, but I'll try take a look at making a repro of this when I get back. I've noticed that if I use the crosshair to select my app, I can at least get the control events to print in Snoop, and from there I can drill into the actual control hierarchy.</p>",
    "PostedDate": "2011-12-07T05:09:43.427-08:00",
    "UserRole": null,
    "MarkedAsAnswerDate": null
  },
  {
    "Id": "1219063",
    "ThreadId": "272563",
    "Html": "Got the same and using CTRL + Shift solve it.\r<br />\nThanks!<br />\n",
    "PostedDate": "2014-03-04T08:39:59.783-08:00",
    "UserRole": null,
    "MarkedAsAnswerDate": null
  }
]