[
  {
    "Id": "822771",
    "ThreadId": "352008",
    "Html": "\r\n<p>Hello Snoop WPF team!<br>\r\n<br>\r\nI am using your outstanding tool to debug all sorts of WPF apps, both commercial and not-for-profit, however I noticed a problem with it on one app in particular.</p>\r\n<p>If you have the time to test this out, please download the installer for <a href=\"http://www.scichart.com\" target=\"_blank\">\r\nSciChart - a High Performance WPF Chart</a>. The installer contains a compiled WPF example application (under Start -&gt; Abt Software -&gt; SciChart -&gt; Launch SciChart WPF Example) which when run, if you snoop the X or Y Axis crashes with the message &quot;Cannot\r\n create an abstract class&quot;</p>\r\n<p>Here is a screenshot of the problem:</p>\r\n<p><img src=\"http://i137.photobucket.com/albums/q217/andyb1979/SnoopWPFError.jpg\" alt=\"\"></p>\r\n<p>the class hierarchy is as follows</p>\r\n<p>ContentControl</p>\r\n<p>^</p>\r\n<p>&lt;&lt;abstract&gt;&gt; AxisBase</p>\r\n<p>^</p>\r\n<p>NumericAxis</p>\r\n<p>&nbsp;</p>\r\n<p>I'd prefer to keep AxisBase abstract if possible. is there anything else I can do to help this?</p>\r\n",
    "PostedDate": "2012-04-12T00:38:54.767-07:00",
    "UserRole": null,
    "MarkedAsAnswerDate": null
  },
  {
    "Id": "823269",
    "ThreadId": "352008",
    "Html": "<p>Hi Andy,</p>\r\n<p>We're glad you like Snoop (a guy by the name of Pete Blois was the original author though). I see what the problem is. We will put in a patch this weekend (hopefully). It looks like it's related to this issue:</p>\r\n<p><a href=\"http://snoopwpf.codeplex.com/workitem/6258\">http://snoopwpf.codeplex.com/workitem/6258</a></p>\r\n<p>However, after I installed a certain update (I forget which one), the issue wasn't happening anymore. However, I'm pretty sure we can still fix this issue.</p>\r\n<p>Thank you for posting, and you should hear back very soon.</p>",
    "PostedDate": "2012-04-13T00:06:22.52-07:00",
    "UserRole": null,
    "MarkedAsAnswerDate": null
  },
  {
    "Id": "823271",
    "ThreadId": "352008",
    "Html": "<p>&nbsp;</p>\n<p>Hey there, no problem and glad to hear you can fix this! Kudos to you guys. Snoop is a fantastic tool and used worldwide by individuals and corporations alike.</p>\n<p>I'm in no rush, just thought I'd raise the issue. <br /> <br /> You know this crash bug got me thinking a useful feature would be a \"DontSnoopMe\" attribute, to prevent people looking in parts of your code you don't want to see ^_^</p>",
    "PostedDate": "2012-04-13T00:10:15.66-07:00",
    "UserRole": null,
    "MarkedAsAnswerDate": null
  },
  {
    "Id": "823941",
    "ThreadId": "352008",
    "Html": "<p>Hi Andy,</p>\r\n<p>I made a fix to the issue. The issue your application causes used to happen, but does not anymore (<a href=\"http://snoopwpf.codeplex.com/workitem/6258\">http://snoopwpf.codeplex.com/workitem/6258</a>). I think it may be an update, although I am not sure. Nevertheless, I did fix the issue to account for not having the latest framework, and checked in the code. However, you'll have to build the code (which should be very easy), or wait for the next build.</p>\r\n<p>Thank you for bringing up these issues. We are happy to assist in any issues you are having.</p>",
    "PostedDate": "2012-04-15T00:02:29.727-07:00",
    "UserRole": null,
    "MarkedAsAnswerDate": null
  },
  {
    "Id": "823967",
    "ThreadId": "352008",
    "Html": "<p>That's great news, thanks for the update!</p>",
    "PostedDate": "2012-04-15T03:27:42.133-07:00",
    "UserRole": null,
    "MarkedAsAnswerDate": null
  }
]