[
  {
    "Id": "291530",
    "ThreadId": "85596",
    "Html": "<p>Is it possible to put a minimise button on the interface, or otherwise allow the user to minimise from the TaskBar button?</p>\r\n<p>The Snoop window constantly gets in my way.&nbsp; Currently the only options I have are to move it (which means it gets in the way later on) or close it.</p>",
    "PostedDate": "2010-02-16T19:10:03.383-08:00",
    "UserRole": null,
    "MarkedAsAnswerDate": null
  },
  {
    "Id": "291686",
    "ThreadId": "85596",
    "Html": "<p>I think that is a great suggestion and will add it to the list. Thanks for the review too!</p>",
    "PostedDate": "2010-02-17T05:25:02.613-08:00",
    "UserRole": null,
    "MarkedAsAnswerDate": null
  },
  {
    "Id": "292110",
    "ThreadId": "85596",
    "Html": "<p>No problem.&nbsp; Snoop is an essential part of the way I develop on WPF, but also (and more importantly?) it's a&nbsp;brilliant tool that helps me step in and help others.</p>\r\n<p>Thank you so much for continuing development of it!</p>",
    "PostedDate": "2010-02-18T04:36:44.027-08:00",
    "UserRole": null,
    "MarkedAsAnswerDate": null
  }
]