[
  {
    "Id": "805246",
    "ThreadId": "347266",
    "Html": "\r\n<p>One of the first questions I get from people when I introduce them to snoop is something along the lines of: this is great, I can change things while its running! Can I get that information back somehow so that I can update my xaml without having to remember\r\n everything I changed?</p>\r\n<p>I've written a fairly basic copy tag to clipboard into the context menu of the tree. &nbsp;It won't do bindings and stuff right now (just basic properties) but it will get you most of the properties that you're likely to change (at least in my experience)\r\n when tweaking a layout.</p>\r\n<p>Any interest in actually getting it into the source tree?&nbsp;</p>\r\n",
    "PostedDate": "2012-03-04T12:00:43.78-08:00",
    "UserRole": null,
    "MarkedAsAnswerDate": null
  },
  {
    "Id": "805299",
    "ThreadId": "347266",
    "Html": "<p>Would love to see this in Snoop!!</p>",
    "PostedDate": "2012-03-04T16:13:41.347-08:00",
    "UserRole": null,
    "MarkedAsAnswerDate": null
  },
  {
    "Id": "805726",
    "ThreadId": "347266",
    "Html": "<p>Me too, especially if the code for it is already written!</p>",
    "PostedDate": "2012-03-05T11:10:42.49-08:00",
    "UserRole": null,
    "MarkedAsAnswerDate": null
  },
  {
    "Id": "805737",
    "ThreadId": "347266",
    "Html": "This discussion has been copied to a work item. Click <a href=\"http://snoopwpf.codeplex.com/workitem/7784\">here</a> to go to the work item and continue the discussion.",
    "PostedDate": "2012-03-05T11:45:55.773-08:00",
    "UserRole": null,
    "MarkedAsAnswerDate": null
  },
  {
    "Id": "805738",
    "ThreadId": "347266",
    "Html": "<p>Hey, I would love to take a look at what you've done ... I've created a work item for you ... to attach your implementation to.</p>\r\n<p>Thanks for being willing to share your mods back with the wider community!</p>",
    "PostedDate": "2012-03-05T11:47:27.26-08:00",
    "UserRole": null,
    "MarkedAsAnswerDate": null
  }
]