[
  {
    "Id": "851196",
    "ThreadId": "360227",
    "Html": "\r\n<p>Is there a way to search for all binding errors? If not, would this feature be easy to add? I would certainly find it useful.</p>\r\n",
    "PostedDate": "2012-06-19T16:09:07.723-07:00",
    "UserRole": null,
    "MarkedAsAnswerDate": null
  },
  {
    "Id": "851235",
    "ThreadId": "360227",
    "Html": "<p>Hi casterle,</p>\r\n<p>There actually is a way to currently do this. The Visuals filter on the top left hand corner is actually a combo box. Choose the option \"Show only visuals with binding errors\". That should show only the visuals with binding errors in your application.</p>\r\n<p>&nbsp;- Maciek</p>",
    "PostedDate": "2012-06-19T17:38:52.813-07:00",
    "UserRole": null,
    "MarkedAsAnswerDate": null
  }
]