[
  {
    "Id": "462151",
    "ThreadId": "218005",
    "Html": "<p>I'm sorry maybe it is dumb question. But I didn't find nothing in Discussions about it.</p>\r\n<p>If I create in my application other window which is not main window. Then show/open it.</p>\r\n<p>Snoop can follow&nbsp;the visual tree of this new window&nbsp;and shows all properties OK. But what about routed events?</p>\r\n<p>I start snooping when 2d window opened then when it&nbsp;closed and no matter. Snoop window shows routed events which happened in MainWindow only.</p>\r\n<p>I use the latest version 2.6 and WPF 4.0.</p>\r\n<p>&nbsp;</p>",
    "PostedDate": "2010-07-01T05:31:17.363-07:00",
    "UserRole": null,
    "MarkedAsAnswerDate": null
  },
  {
    "Id": "462214",
    "ThreadId": "218005",
    "Html": "Not a dumb question at all. This doesn't seem to work ... and is either a bug or a limitation with Snoop.\r\n\r\nI'm going to create a work item so that it can be looked into at some point.",
    "PostedDate": "2010-07-01T08:29:23.763-07:00",
    "UserRole": null,
    "MarkedAsAnswerDate": null
  },
  {
    "Id": "462218",
    "ThreadId": "218005",
    "Html": "This discussion has been copied to a work item. Click <a href=\"http://snoopwpf.codeplex.com/workitem/4984\">here</a> to go to the work item and continue the discussion.",
    "PostedDate": "2010-07-01T08:34:42.117-07:00",
    "UserRole": null,
    "MarkedAsAnswerDate": null
  }
]