[
  {
    "Id": "693354",
    "ThreadId": "278212",
    "Html": "\r\n<p>I'm attempting to use UI Automation to develop automated tests. &nbsp;I'm finding that some of my controls are invisible to my code and Inspect (a utility similar to Snoop in function). &nbsp;Snoop, on the other hand, has no problem seeing these controls.\r\n &nbsp;If I know how Snoop finds them, perhaps it will help me get around this&nbsp;impasse. &nbsp;Thanks.</p>\r\n<p>P.S. I have discovered that by moving my mouse over the control or clicking on it, it suddenly becomes visible to Inspect and my code. &nbsp;This does not help if one wants to do automated testing, though.</p>\r\n",
    "PostedDate": "2011-11-03T07:57:00.673-07:00",
    "UserRole": null,
    "MarkedAsAnswerDate": null
  },
  {
    "Id": "826748",
    "ThreadId": "278212",
    "Html": "<p>Sorry for my late reply ... I'm just now getting around to some posts that have escaped my attention.</p>\r\n<p>In regards to your issue, please note that Snoop is open source ... feel free to download the source code and take a look yourself at how it works ... and how it may be the same and/or different from your application.</p>\r\n<p>You can download the code from <a href=\"http://snoopwpf.codeplex.com/SourceControl/list/changesets\">here</a>.</p>",
    "PostedDate": "2012-04-20T17:29:56.74-07:00",
    "UserRole": null,
    "MarkedAsAnswerDate": null
  }
]