[
  {
    "Id": "589994",
    "ThreadId": "252086",
    "Html": "\r\n<p>My application uses different threads for different windows, and when I Snoop the application, if I attempt to select a window on a different thread, I get an InvalidOperationException &quot;The calling thread cannot access this object because a different thread\r\n owns it.&quot; .</p>\r\n<p>Is there a way to Snoop on a different thread? or a different way to get Snoop to start on that window's thread?</p>\r\n<p>Thanks!</p>\r\n",
    "PostedDate": "2011-03-31T22:48:39.107-07:00",
    "UserRole": null,
    "MarkedAsAnswerDate": null
  },
  {
    "Id": "590190",
    "ThreadId": "252086",
    "Html": "<p>Is your issue the same as&nbsp;<a href=\"http://snoopwpf.codeplex.com/workitem/6334\">http://snoopwpf.codeplex.com/workitem/6334</a>? If you could look into it and let me know ...</p>\r\n<p>Maciek Rakowski has submitted a patch for this issue ... that I haven't had a chance to evaluate yet ... but if it is the same issue, you might want to try and download the patch and try it out yourself.</p>",
    "PostedDate": "2011-04-01T06:30:51.51-07:00",
    "UserRole": null,
    "MarkedAsAnswerDate": null
  },
  {
    "Id": "598764",
    "ThreadId": "252086",
    "Html": "<p>This is essentially what I am seeing. I'll see about the patch...</p>",
    "PostedDate": "2011-04-17T14:26:10.32-07:00",
    "UserRole": null,
    "MarkedAsAnswerDate": null
  },
  {
    "Id": "599095",
    "ThreadId": "252086",
    "Html": "<p>Interesting ... let me know what you find out ...</p>",
    "PostedDate": "2011-04-18T07:03:49.99-07:00",
    "UserRole": null,
    "MarkedAsAnswerDate": null
  },
  {
    "Id": "600198",
    "ThreadId": "252086",
    "Html": "<p>Hi,</p>\n<p>There are a couple ways to run the patch. One way is to go to the patch website (<a href=\"http://snoopwpf.codeplex.com/SourceControl/list/patches\">http://snoopwpf.codeplex.com/SourceControl/list/patches</a>), and download the entire 2.6 solution for the  patch related to work item 6334. However, when I ran this on Windows 7 I needed to run Visual Studio as administrator. You may need to reload all the non-install projects.</p>\n<p>If you don't want to compile the solution, and your application is built on the .NET 4.0 framework, you can run the patch out of the box. Simply download the patch and run the Snoop.exe program located in the binaries directory. Make sure you're running Snoop  as administrator. The patch contains only the binaries to snoop .NET 4.0 applications.</p>\n<p>If your application is built on the .NET 3.5 framework, you'll need to merge the binaries in the patch with those on your machine. Make a backup of the snoop.exe program, and replace it with the one in the patch. Here are the steps I had in mind:</p>\n<ol>\n<li>Download the patch (<a href=\"http://snoopwpf.codeplex.com/SourceControl/list/patches\">http://snoopwpf.codeplex.com/SourceControl/list/patches</a>) for work item 6334. </li>\n<li>Extract the zipped items somewhere. </li>\n<li>Go to your snoop directory on your machine (usually \"C:\\Program Files (x86)\\Snoop\" on Windows 7). </li>\n<li>Make a backup of the Snoop.exe program on your machine (in the directory in step 3). </li>\n<li>Replace the Snoop.exe file on your machine (usually in the directory \"C:\\Program Files (x86)\\Snoop\") with the \"\\binaries\\Snoop.exe\" file in the patch. </li>\n<li>Try snooping. </li>\n</ol>\n<p>See if this patch solves the problem of snooping on a different dispatcher thread.</p>",
    "PostedDate": "2011-04-19T23:56:26.023-07:00",
    "UserRole": null,
    "MarkedAsAnswerDate": null
  },
  {
    "Id": "667613",
    "ThreadId": "252086",
    "Html": "<p>I tried the instructions above (.NET 4 on Win7) and ran Snoop, and I still encounter \"The calling thread cannot access this object because a different thread  owns it.\"</p>",
    "PostedDate": "2011-09-05T01:15:10.513-07:00",
    "UserRole": null,
    "MarkedAsAnswerDate": null
  },
  {
    "Id": "667682",
    "ThreadId": "252086",
    "Html": "<p>The above fix has been integrated into the latest Snoop 2.7.0 <a href=\"http://snoopwpf.codeplex.com/releases/view/60745\">release</a>. Try installing that and seeing if you still get that error.</p>\r\n<p>If you do, download the latest source code, build it ... and see if you can get us a stack of where the crash is coming from.</p>\r\n<p>Note, to debug Snoop ... you actually attach to the process you are trying to Snoop ... not Snoop itself ... since Snoop injects itself into the Snooped process.</p>\r\n<p>Let me know how it goes!</p>",
    "PostedDate": "2011-09-05T05:23:31.133-07:00",
    "UserRole": null,
    "MarkedAsAnswerDate": null
  },
  {
    "Id": "667832",
    "ThreadId": "252086",
    "Html": "<p>While I was able to snoop the new threads, when I went back to the main thread using CTRL SHIFT click, I got a threading error once, but now I am not seeing this error.</p>",
    "PostedDate": "2011-09-05T12:23:59.303-07:00",
    "UserRole": null,
    "MarkedAsAnswerDate": null
  },
  {
    "Id": "668370",
    "ThreadId": "252086",
    "Html": "<blockquote style=\"border: solid .1em #ccc; font-style: italic; margin: .25em 1em 0 1em; padding: 0 .25em 0 .25em;\"><strong>thenonhacker wrote:</strong><br />\r\n<p>I tried the instructions above (.NET 4 on Win7) and ran Snoop, and I still encounter \"The calling thread cannot access this object because a different thread owns it.\"</p>\r\n</blockquote>\r\n<p>Hi,</p>\r\n<p>Have you gotten a chance to test with the latest build? And if so, did it fix the problem?</p>",
    "PostedDate": "2011-09-06T19:11:09.087-07:00",
    "UserRole": null,
    "MarkedAsAnswerDate": null
  },
  {
    "Id": "700341",
    "ThreadId": "252086",
    "Html": "<p>Hi,</p>\r\n<p>I've tested it with 2.7.0 release version (revision 69858 - all line numbers below are from that revision). Still the same error.</p>\r\n<p>I debugged it, the exception occurs at</p>\r\n<p>&nbsp;&nbsp;&nbsp; Snoop.exe!Snoop.SnoopUI.FindRoot() Line 648 + 0x3b bytes&nbsp;&nbsp;&nbsp; C#<br />&nbsp;&nbsp;&nbsp; Snoop.exe!Snoop.SnoopUI.Inspect() Line 330 + 0xa bytes&nbsp;&nbsp;&nbsp; C#<br />&nbsp;&nbsp;&nbsp; Snoop.exe!Snoop.SnoopUI.GoBabyGo() Line 111 + 0x10 bytes&nbsp;&nbsp;&nbsp; C#</p>\r\n<p>The problem is that this stack trace (actually, call to Inspect on second line) occurs before checking if Snoop needs multithreaded mode (which is at lines 125-161, right after call to Inspect). FindRoot (first line on stack trace) depends on the fact that SnoopModes.MultipleDispatcherMode already correctly determined. Thus said, if I add line</p>\r\n<p>SnoopModes.MultipleDispatcherMode = true;</p>\r\n<p>at the beginning of GoBabyGo() thus effectively hardcoding it - FindRoot() doesn't throw (it is still warns user about absence of root visual in my case, but returns without exception) and snooping works - i.e. dialog about multithreaded UI appears and afterwards everything seems working.</p>",
    "PostedDate": "2011-11-18T10:56:20.697-08:00",
    "UserRole": null,
    "MarkedAsAnswerDate": null
  },
  {
    "Id": "700348",
    "ThreadId": "252086",
    "Html": "<p>&lt;oops, my bad. This message should be deteled :) &gt;</p>",
    "PostedDate": "2011-11-18T11:17:27.533-08:00",
    "UserRole": null,
    "MarkedAsAnswerDate": null
  },
  {
    "Id": "700387",
    "ThreadId": "252086",
    "Html": "<p>Hi,</p>\r\n<p>First off, thank you for bringing this to our attention. We want more people to let us know when they experience problems.</p>\r\n<p>I'd like to fix this issue. Is there any way you can send or upload a test application that reproduces this issue? I'll look at it over the weekend (since my job doesn't like me working on non-work related stuff).</p>\r\n<p>&nbsp;</p>\r\n<p>Thanks,</p>\r\n<p>Maciek</p>\r\n<div></div>",
    "PostedDate": "2011-11-18T12:32:02.877-08:00",
    "UserRole": null,
    "MarkedAsAnswerDate": null
  },
  {
    "Id": "700393",
    "ThreadId": "252086",
    "Html": "<p>Unfortunalety we have a proprietary framework here, so I can't share working example. In our concrete case the simplest fix that I did (and checked it works of course) is to refactor lines 125-161 to 'private static void DetermineMultipleDispatcherMode(Dispatcher defaultDispatcher)' method and call it just before snoop.Inspect() call at line 111 instead of end of GoBabyGo() method.</p>\r\n<p>&nbsp;</p>\r\n<p>And due to specifics of our framework - main UI thread doesn't have any visuals, thus FindRoot() warns about 'Can't find a current application or a PresentationSource root visual!'. It is correct message, but not very useful because other UI threads do have visuals. So that after warning message Snoop window is opened and working (didn't tested extensively, but visual tree walking is ok).</p>",
    "PostedDate": "2011-11-18T12:46:52.577-08:00",
    "UserRole": null,
    "MarkedAsAnswerDate": null
  },
  {
    "Id": "702815",
    "ThreadId": "252086",
    "Html": "<p>Hi&nbsp;idanilov,</p>\r\n<p>I looked into the issue further, and made a fix very similar to what you suggested. I have the <a href=\"http://snoopwpf.codeplex.com/SourceControl/list/changesets\">latest version</a> checked in, so if you get a chance, please test it to make sure it fixes the problem. I made a simple test application that does what you said (no Visuals on the main UI thread), but I'm not sure how close it is to the one you're using at work. If I get a chance, I'll upload the test harness to see if it's the same approach you're using.</p>\r\n<p>Thank you for taking the time to give us valuable feedback, and thank you for your contribution.</p>\r\n<p>Maciek</p>",
    "PostedDate": "2011-11-24T01:23:41.897-08:00",
    "UserRole": null,
    "MarkedAsAnswerDate": null
  },
  {
    "Id": "702985",
    "ThreadId": "252086",
    "Html": "<p>Hi Maciek,</p>\r\n<p>&nbsp;</p>\r\n<p>Thanks for your work! This version works for us. I noticed though minor issue. When you're clicking 'Snoop' button for the first time - everything goes as it should. But if you'll close snoop window that appeared and click 'Snoop' button again on the same application - it warns about no root visuals again. I suppose it is because on the second call SnoopModes.MultipleDispatcherMode is already true, so logic takes another branch in the FindRoot() method at line 689.</p>\r\n<p>&nbsp;</p>\r\n<p>Nevertheless, thank you for the quick resolve of blocker issue and for implementation of multithreaded UI snooping logic in the first place. :)</p>\r\n<p>&nbsp;</p>\r\n<p>Regards,</p>\r\n<p>Ivan Danilov</p>",
    "PostedDate": "2011-11-24T07:37:27.033-08:00",
    "UserRole": null,
    "MarkedAsAnswerDate": null
  }
]