[
  {
    "Id": "457381",
    "ThreadId": "216556",
    "Html": "<p>Is Snoop supposed to show useful property value information? For instance, the name of a style instead of System.Windows.Style, so you can see the style that's being picked up?</p>\r\n<p>&nbsp;</p>",
    "PostedDate": "2010-06-18T12:11:39.773-07:00",
    "UserRole": null,
    "MarkedAsAnswerDate": null
  },
  {
    "Id": "457389",
    "ThreadId": "216556",
    "Html": "<p>Ha! I hope it shows useful property information for the most part!</p>\r\n<p>But, yes, you are right, it doesn't show the value of x:Name or the x:Key attributes. This is something to look into adding to Snoop. I might just create a work item for that.</p>\r\n<p>(By the way, Snoop does show the Name property from FrameworkElement and FrameworkContentElement ... but because Style is derived from DispatcherObject, it doesn't use that property as the RuntimeNameProperty.)</p>\r\n<p>One thing that I do personally ... to help me determine what style is being picked up ... is to right-click on the Style property and select 'Delve'. This causes Snoop to put the current inspection context on a stack, and then to inspect the Style property itself. You can then continue delving into the Setters collection and then into each particular Setter to see what property is getting set ... and what value is getting set on that property. Note that there is another button in the Snoop interface to pop the stack, replacing the previous inspection context as the current one.</p>\r\n<p>I hope that helps!</p>",
    "PostedDate": "2010-06-18T12:39:23.82-07:00",
    "UserRole": null,
    "MarkedAsAnswerDate": null
  },
  {
    "Id": "457392",
    "ThreadId": "216556",
    "Html": "This discussion has been copied to a work item. Click <a href=\"http://snoopwpf.codeplex.com/workitem/4919\">here</a> to go to the work item and continue the discussion.",
    "PostedDate": "2010-06-18T12:41:26.77-07:00",
    "UserRole": null,
    "MarkedAsAnswerDate": null
  },
  {
    "Id": "464946",
    "ThreadId": "216556",
    "Html": "<p>Thanks for making the work item and the explanation. Non-developers don't understand many of these details and they use these tools also.</p>",
    "PostedDate": "2010-07-08T09:32:09.403-07:00",
    "UserRole": null,
    "MarkedAsAnswerDate": null
  }
]