[
  {
    "Id": "1082585",
    "ThreadId": "453924",
    "Html": "Hi,\r<br />\n<br />\nSnoop found my app, I selected it and clicked the snoop button and it did nothing.  I checked the program files snoop dir for a log file and there was nothing.  I tried debugging the app with throw on all CLR exceptions set but no exceptions were thrown when pressing the snoop button.\r<br />\n<br />\nAny ideas on what to try next?\r<br />\n<br />\nThanks\r<br />\nJeremy<br />\n",
    "PostedDate": "2013-08-20T02:42:27.77-07:00",
    "UserRole": null,
    "MarkedAsAnswerDate": null
  },
  {
    "Id": "1082804",
    "ThreadId": "453924",
    "Html": "Hi Jeremy,\r<br />\n<br />\nTry Snooping by dragging the white button beside the binoculars onto the application to be Snooped (it's been a new way of snooping). Also make sure you're running Snoop as administrator.\r<br />\n<br />\n Maciek<br />\n",
    "PostedDate": "2013-08-20T11:21:21.833-07:00",
    "UserRole": null,
    "MarkedAsAnswerDate": null
  },
  {
    "Id": "1084230",
    "ThreadId": "453924",
    "Html": "Same issue here.   Run as admin also didn't work.    I am testing fresh installed Windows7 x64 in VirtualBox VM-- Never had this problem with snoop before, but never tried in a VM.    No log file I could find from listed troubleshooting instructions.   It acts like its trying to attach (using the locator next to the binoculars) for about 5 seconds and then nothing happens.  I also tried selecting from the combobox but it does not attach to the process.  Tried installing D3D drivers and WDDM but that didn't help.   Was running the executable over UNC to my build directory, didn't work, copied locally, didn't work.   I think that log file is key, how do we turn it on?  That will help identify what is going on.   BTW, this is a tool that should be in any WPF developers toolbox.  Fantastic program.<br />\n",
    "PostedDate": "2013-08-23T09:47:29.493-07:00",
    "UserRole": null,
    "MarkedAsAnswerDate": null
  },
  {
    "Id": "1084235",
    "ThreadId": "453924",
    "Html": "Found the solution.... Installed 2010 SP1 ++ Runtimes... and it worked.   Request: Could you static compile the runtimes with Snoop?  Hope this helps someone else!<br />\n",
    "PostedDate": "2013-08-23T09:59:32.133-07:00",
    "UserRole": null,
    "MarkedAsAnswerDate": null
  },
  {
    "Id": "1084682",
    "ThreadId": "453924",
    "Html": "@maciekrakowski - I tried but no joy unfortunately\r<br />\n@TravisWhidden - Thanks that sounds promising - will try this when I'm back in the office<br />\n",
    "PostedDate": "2013-08-25T10:27:24.033-07:00",
    "UserRole": null,
    "MarkedAsAnswerDate": null
  },
  {
    "Id": "1086476",
    "ThreadId": "453924",
    "Html": "@TravisWhidden, thanks for the reply. I hope it helps. \r<br />\n<br />\nAlso, @jaorme, have you tried compiling Snoop and debugging it?<br />\n",
    "PostedDate": "2013-08-29T22:56:53.46-07:00",
    "UserRole": null,
    "MarkedAsAnswerDate": null
  },
  {
    "Id": "1087354",
    "ThreadId": "453924",
    "Html": "Sadly, installing the runtime made no difference for me and I don't have any more time to investigate right now but when I need snoop again (probably in the near future) I'll try building &amp; debugging it - thanks for your help :)<br />\n",
    "PostedDate": "2013-09-02T07:32:03.913-07:00",
    "UserRole": null,
    "MarkedAsAnswerDate": null
  }
]