[
  {
    "Id": "1313956",
    "ThreadId": "569955",
    "Html": "Installed Snoop. Gave it administrative privileges. Ran it. It detects one WPF app, which I wrote. App name is visible in the snoop text box. Click the binoculars. Nothing happens.\r<br />\n<br />\nWhat could be wrong?<br />\n",
    "PostedDate": "2014-10-16T06:21:48.31-07:00",
    "UserRole": null,
    "MarkedAsAnswerDate": null
  },
  {
    "Id": "1313961",
    "ThreadId": "569955",
    "Html": "Have you tried dragging the crosshairs to the right of the binoculars ... on top of the app you want to Snoop?<br />\n",
    "PostedDate": "2014-10-16T06:43:05.03-07:00",
    "UserRole": null,
    "MarkedAsAnswerDate": null
  },
  {
    "Id": "1319634",
    "ThreadId": "569955",
    "Html": "2.8.0 doesn't work for me too. Started as administrator or not, detects all wpf apps and shows them in combo. But can't snoop them. By clicking on binocular or dragging the crosshairs to the app shows instantly the snoop window, which ... inspects the snoop properties window itself :)<br />\n",
    "PostedDate": "2014-11-06T04:58:55.167-08:00",
    "UserRole": null,
    "MarkedAsAnswerDate": null
  },
  {
    "Id": "1323192",
    "ThreadId": "569955",
    "Html": "Hi av,<br />\n<br />\nIs it still not working for you? We would really like to get to the bottom of your issue. I do have a couple questions.<br />\n<br />\n1) Does this happen on every WPF app on your machine, or just your production app? In other words, do you exhibit this problem when you make a blank WPF app, and try snooping that one?<br />\n<br />\n2) If it happens on only your production app, would it be possible for you to make a smaller WPF app that reproduces the problem?<br />\n<br />\n3) Have you tried following the troubleshooting instructions on the codeplex page?<br />\n<br />\n<br />\nWe really appreciate you posting your concern, and hope to get to the bottom of it since other developers may be experiencing the same issue.<br />\n",
    "PostedDate": "2014-11-17T17:52:59.14-08:00",
    "UserRole": null,
    "MarkedAsAnswerDate": null
  }
]