[
  {
    "Id": "938447",
    "ThreadId": "402378",
    "Html": "\r\n<p>Sometimes, editing a property via the Snoop GUI will immediately change the target elements property and sometimes not.</p>\r\n<p>Can anyone suggest why this would be?</p>\r\n<p>I have two identical elements (lines) on a canvas and am able to manipulate the ones stroke brush but not the others.</p>\r\n",
    "PostedDate": "2012-11-08T03:50:14.69-08:00",
    "UserRole": null,
    "MarkedAsAnswerDate": null
  },
  {
    "Id": "938460",
    "ThreadId": "402378",
    "Html": "<p>Odd.</p>\r\n<p>Does the app being Snooped ... somehow stop that second property from changing ... by reverting the value back to what it was?</p>\r\n<p>Does target property <em>ever</em>&nbsp;change? That is, can you get it to change after a few tries?</p>\r\n<p>Is the second element (that doesn't change) in a dialog? We have discovered that Snoop works best if you Snoop (inject) after you bring up the dialog ... if you don't do it in that order, sometimes is seems as if the Snoop message pump is locked to the app's message pump ... which is halted due to the dialog that is up ... and therefore you can't even type. It doesn't seem like this is your case but I thought I would still mention it.</p>",
    "PostedDate": "2012-11-08T04:16:35.68-08:00",
    "UserRole": null,
    "MarkedAsAnswerDate": null
  },
  {
    "Id": "938992",
    "ThreadId": "402378",
    "Html": "<p>It is odd - not sure what I'm missing</p>\r\n<p>It's not a dialog. It's a canvas that can be resized with two lines in it. What's interesting is that when I resize, the line that refuses to change its properties does change!</p>\r\n<p>1 - I snoop on the canvas</p>\r\n<p>2 - I change properties on line1 and they change immediately.&nbsp;</p>\r\n<p>3 - I change properties on line2 and nothing happens.</p>\r\n<p>4 - I resize the canvas and the changes on line2 show up!</p>\r\n<p>There is no reverting happening from the app. I am unable to attach a sample project due to the data sensitivity and am unable to reproduce a simple example.</p>\r\n<p>Any thoughts would be appreciated.</p>",
    "PostedDate": "2012-11-09T00:04:16.04-08:00",
    "UserRole": null,
    "MarkedAsAnswerDate": null
  }
]