[
  {
    "Id": "516186",
    "ThreadId": "233241",
    "Html": "\r\n<p>I recently upgraded our WPF 3.5 application to WPF 4.&nbsp; I had been using Snoop 2.6.0 (downloaded from CodePlex) for quite some time prior to upgrading.&nbsp; Since the upgrade our application does not appear in the list of snoop-able applications.&nbsp;\r\n Any help in getting Snoop to work would be greatly appreciated as I have come to depend on it.</p>\r\n<p>Some additional information:&nbsp; <br>\r\n1. Our application is not 100% .Net 4.&nbsp; All of the WPF assemblies are 4.0, but we have some assemblies that are still 3.5 and will be for some time.<br>\r\n2. Our app is set to build x86 instead of Any CPU.&nbsp; I seem to recall playing with WPF 4 at one point and this played a role, but I could be remembering wrong.<br>\r\n3. Clicking Refresh in Snoop sometimes causes a strange app to be listed.&nbsp; It comes up as &quot; - Idle[0]&quot;.&nbsp; Don't remember ever seeing this in the list before.<br>\r\n4. Running on Win 7 64</p>\r\n<p>Ok.&nbsp; I hate submitting questions like this if I haven't tried fixing it myself at least a little bit.&nbsp; I tried running our application from Windows Explorer.&nbsp; That appears to work.&nbsp; So, I cannot snoop our application when I run it in\r\n debug mode from Visual Studio.&nbsp; Perhaps that will help someone narrow it down.&nbsp; I am at least relieved that I can snoop again, but would love to be able to once again snoop from debug.</p>\r\n<p>Thanks,<br>\r\nDavid Martin</p>\r\n",
    "PostedDate": "2010-11-02T16:10:01.56-07:00",
    "UserRole": null,
    "MarkedAsAnswerDate": null
  },
  {
    "Id": "516446",
    "ThreadId": "233241",
    "Html": "\r\n<p>The likely cause of your problem is that Visual Studio is running as administrator ... and therefore when you launch your application from Visual Studio ... it is also running as administrator.</p>\r\n<p>You can only Snoop elevated applications, if you first run Snoop elevated.</p>\r\n<p>So, run Snoop as administrator, and then try and Snoop the application you've launched from Visual Studio. Or ... don't run Visual Studio as administrator, and Snoop normally.</p>\r\n<p>Let me know, if this was indeed your problem. If not, we'll dive deeper on it.</p>\r\n",
    "PostedDate": "2010-11-03T06:55:44.683-07:00",
    "UserRole": null,
    "MarkedAsAnswerDate": null
  },
  {
    "Id": "517281",
    "ThreadId": "233241",
    "Html": "\r\n<p>Yes, thank you very much.&nbsp; This worked perfectly.&nbsp; And I doubt I would have tried that tack.</p>\r\n",
    "PostedDate": "2010-11-04T12:50:14.973-07:00",
    "UserRole": null,
    "MarkedAsAnswerDate": null
  },
  {
    "Id": "517300",
    "ThreadId": "233241",
    "Html": "\r\n<p>Excellent. Glad it worked!</p>\r\n",
    "PostedDate": "2010-11-04T13:05:17.877-07:00",
    "UserRole": null,
    "MarkedAsAnswerDate": null
  }
]