[
  {
    "Id": "290628",
    "ThreadId": "85319",
    "Html": "<p>Great! I set the project to .NET Framework 4 and recompile it by using VS2010 RC. It works perfectly for WPF 4 application.</p>\r\n<p>Tony</p>",
    "PostedDate": "2010-02-14T08:01:56.3-08:00",
    "UserRole": null,
    "MarkedAsAnswerDate": null
  },
  {
    "Id": "290634",
    "ThreadId": "85319",
    "Html": "<p>Good to hear! You didn't have to change anything for&nbsp;Snoop.WINDOWPLACEMENT? If so, that might be a change in how Visual Studio 2010 converts things ... relative to beta 2 (I still have beta 2 on my machine).</p>\r\n<p>I just branched to WPF 4, and will <strong>soon</strong> put a WPF 4 version of Snoop up as a downloadable release ... so people don't have to compile it themselves.</p>",
    "PostedDate": "2010-02-14T09:00:08.957-08:00",
    "UserRole": null,
    "MarkedAsAnswerDate": null
  },
  {
    "Id": "290646",
    "ThreadId": "85319",
    "Html": "<p>I just put the WPF 4.0 versions up ... there are even installers.</p>\r\n<p>If you are willing to lend a hand, download the source code, and try rebuilding them ... in VS2010 RC. I did everything with Visual Studio 2010 Beta 2 ... and it would be good to know if there are problems.</p>",
    "PostedDate": "2010-02-14T11:24:38.313-08:00",
    "UserRole": null,
    "MarkedAsAnswerDate": null
  },
  {
    "Id": "291089",
    "ThreadId": "85319",
    "Html": "<p>I tried snoop 2.5 (Both x64 and x86) in RC environment. It works great!</p>\r\n<p>Thanks!</p>\r\n<p>Tony</p>\r\n<p>&nbsp;</p>",
    "PostedDate": "2010-02-15T20:42:52.907-08:00",
    "UserRole": null,
    "MarkedAsAnswerDate": null
  }
]