[
  {
    "Id": "405900",
    "ThreadId": "197445",
    "Html": "<p>I am currently trying to SNOOP into a WinForms application hosting a WPF dll. &nbsp;I can Magnify the UI fine, but when ever I try to SNOOP it, my app crashes with the following error:</p>\r\n<p>&nbsp;</p>\r\n<div id=\"_mcePaste\" style=\"left:-10000px;top:0px;width:1px;height:1px;overflow-x:hidden;overflow-y:hidden\">An unhandled exception of type 'System.Reflection.TargetInvocationException' occurred in mscorlib.dll</div>\r\n<div id=\"_mcePaste\" style=\"left:-10000px;top:0px;width:1px;height:1px;overflow-x:hidden;overflow-y:hidden\">Additional information: Exception has been thrown by the target of an invocation.</div>\r\n<p>An unhandled exception of the type 'System.Reflection.TargetInvocationExceptio' occurred in mscorlib.dll. &nbsp;I have tried debugging SNOOP and the exception occurs on line 84 of Injector.cpp.</p>\r\n<p>&nbsp;</p>\r\n<p>Thanks&nbsp;</p>\r\n<p>Aaron</p>\r\n<p>&nbsp;</p>",
    "PostedDate": "2010-02-25T10:48:56.247-08:00",
    "UserRole": null,
    "MarkedAsAnswerDate": null
  },
  {
    "Id": "406848",
    "ThreadId": "197445",
    "Html": "<p>Hmm. I haven't seen that before ... and one of my first modifications to Snoop was to get it working in the exact scenario you mention.</p>\r\n<p>If you draft up a small repro project and send it to me, I'll take a look.</p>\r\n<p>My email is my first name, Cory, followed by my last name, Plotts, (no space) at gmail.com.</p>",
    "PostedDate": "2010-02-25T14:32:47.103-08:00",
    "UserRole": null,
    "MarkedAsAnswerDate": null
  },
  {
    "Id": "413150",
    "ThreadId": "197445",
    "Html": "<p>Just wanted to add some details here in case others have/do run into this situation:</p>\r\n<p>The app I am trying to SNOOP is a Winforms application hosting an activeX dll whose main class is a System.Windows.Form.UserControl who uses a System.Windows.Forms.Integration.ElementHost to display the wpf usercontrols.  I have started creating a wpf host for my dll, which SNOOP can sorta successfully snoop.  I can successfully snoop into my wpf host application it does not show(snoop or magnify) any of the objects under the ElementHost, which it does when I magnify the forms based host.</p>\r\n<p>I have communicated with Cory and he admits this is more complex than they had tested, but will try to investigate when he has time.</p>",
    "PostedDate": "2010-03-02T05:32:50.363-08:00",
    "UserRole": null,
    "MarkedAsAnswerDate": null
  },
  {
    "Id": "413172",
    "ThreadId": "197445",
    "Html": "<p>Just to clarify, Snoop should work with straightforward Windows Forms interop. I have not (personally) tried any interop scenarios with ActiveX.</p>\r\n<p>However, I would love to add that support ... if someone figures out what is wrong!</p>",
    "PostedDate": "2010-03-02T06:11:22.797-08:00",
    "UserRole": null,
    "MarkedAsAnswerDate": null
  },
  {
    "Id": "452475",
    "ThreadId": "197445",
    "Html": "<p>I am having the exact same problem, i.e. pressing the snoop button causes my application to crash. I am trying to snoop an application built on .net fw 4.0 and in my case there is no WinForms involved at all. Using the magnifier works for me as well but snooping doesn't. It would be great if it had worked. There is absolutely a need for such an application when developing applications using WPF.</p>\r\n<p>Error message:</p>\r\n<p>Problem signature:<br>&nbsp; Problem Event Name:&nbsp;&nbsp; &nbsp;CLR20r3<br>&nbsp; Problem Signature 01:&nbsp;&nbsp;&nbsp; xxxxxxxxxxxxxxxxxxxxxxxx<br>&nbsp; Problem Signature 02:&nbsp;&nbsp; &nbsp;1.0.0.0<br>&nbsp; Problem Signature 03:&nbsp;&nbsp; &nbsp;4c0896e2<br>&nbsp; Problem Signature 04:&nbsp;&nbsp; &nbsp;Snoop<br>&nbsp; Problem Signature 05:&nbsp;&nbsp; &nbsp;2.5.1.0<br>&nbsp; Problem Signature 06:&nbsp;&nbsp; &nbsp;4bf70b49<br>&nbsp; Problem Signature 07:&nbsp;&nbsp; &nbsp;47<br>&nbsp; Problem Signature 08:&nbsp;&nbsp; &nbsp;2a<br>&nbsp; Problem Signature 09:&nbsp;&nbsp; &nbsp;System.NullReferenceException<br>&nbsp; OS Version:&nbsp;&nbsp; &nbsp;6.1.7600.2.0.0.256.4<br>&nbsp; Locale ID:&nbsp;&nbsp; &nbsp;1053<br>&nbsp; Additional Information 1:&nbsp;&nbsp; &nbsp;0a9e<br>&nbsp; Additional Information 2:&nbsp;&nbsp; &nbsp;0a9e372d3b4ad19135b953a78882e789<br>&nbsp; Additional Information 3:&nbsp;&nbsp; &nbsp;0a9e<br>&nbsp; Additional Information 4:&nbsp;&nbsp; &nbsp;0a9e372d3b4ad19135b953a78882e789<br><br></p>\r\n<p>&nbsp;</p>",
    "PostedDate": "2010-06-07T07:54:20.763-07:00",
    "UserRole": null,
    "MarkedAsAnswerDate": null
  },
  {
    "Id": "452484",
    "ThreadId": "197445",
    "Html": "Gripenstedt: sounds like your problem is different than Aaron's above (at least no Windows Forms). Why did you reply to this thread ... does your application host WPF in an ActiveX control?\r\n\r\nOne thing you could try ... is to download Snoop yourself, build it, and see exactly where it is crashing. To do so, follow these steps:\r\n\r\n<ol>\r\n<li>Launch the application that you want to Snoop. </li>\r\n<li>Launch Snoop (only the application chooser ... don't try to Snoop anything just yet). </li>\r\n<li>Bring up the Snoop project inside of Visual Studio and Debug/Attach to Process on the application you want to Snoop (the thing you launched in #1). </li>\r\n<li>Set a breakpoint somewhere in the Snoop code. I would suggest SnoopUI.GoBabyGo. </li>\r\n<li>Finally, use Snoop's application chooser to select and Snoop the application you've been trying to Snoop (again, the thing you launched in #1). </li>\r\n<li>Your breakpoint should get hit. </li>\r\n</ol>",
    "PostedDate": "2010-06-07T08:05:11.06-07:00",
    "UserRole": null,
    "MarkedAsAnswerDate": null
  },
  {
    "Id": "452485",
    "ThreadId": "197445",
    "Html": "<blockquote style=\"border:solid .1em #ccc;font-style:italic;margin:.25em 1em 0 1em;padding:0 .25em 0 .25em\"><strong>agrahamatfes wrote:</strong><br><p>Just wanted to add some details here in case others have/do run into this situation:</p>\r\n<p>The app I am trying to SNOOP is a Winforms application hosting an activeX dll whose main class is a System.Windows.Form.UserControl who uses a System.Windows.Forms.Integration.ElementHost to display the wpf usercontrols.  I have started creating a wpf host for my dll, which SNOOP can sorta successfully snoop.  I can successfully snoop into my wpf host application it does not show(snoop or magnify) any of the objects under the ElementHost, which it does when I magnify the forms based host.</p>\r\n<p>I have communicated with Cory and he admits this is more complex than they had tested, but will try to investigate when he has time.</p></blockquote>\r\n\r\n<p>\r\nAaron: I've been working on bug fixes lately. If you could create a simple test harness which illustrates your scenario and problem (in particular, ActiveX being in the middle of things) ... I will take a look.\r\n</p>",
    "PostedDate": "2010-06-07T08:07:38.167-07:00",
    "UserRole": null,
    "MarkedAsAnswerDate": null
  },
  {
    "Id": "452488",
    "ThreadId": "197445",
    "Html": "\r\n\r\n<div class=Section1>\r\n\r\n<p class=MsoNormal><span style=\"font-size:11.0pt;font-family:'Calibri','sans-serif';color:#1F497D\">Unfortunately I have moved on to a new project already so I do\r\nnot have time to do this.  If I have any future projects that lead that way I\r\nwill try again.</span></p>\r\n\r\n<p class=MsoNormal><span style=\"font-size:11.0pt;font-family:'Calibri','sans-serif';color:#1F497D\">Thanks for your support.</span></p>\r\n\r\n<p class=MsoNormal><span style=\"font-size:11.0pt;font-family:'Calibri','sans-serif';color:#1F497D\">Aaron</span></p>\r\n\r\n<p class=MsoNormal><span style=\"font-size:11.0pt;font-family:'Calibri','sans-serif';color:#1F497D\"> </span></p>\r\n\r\n<div>\r\n\r\n<div style=\"border:none;border-top:solid #B5C4DF 1.0pt;padding:3.0pt 0in 0in 0in\">\r\n\r\n<p class=MsoNormal><b><span style=\"font-size:10.0pt;font-family:'Tahoma','sans-serif'\">From:</span></b><span style=\"font-size:10.0pt;font-family:'Tahoma','sans-serif'\"> cplotts\r\n[mailto:notifications@codeplex.com] <br>\r\n<b>Sent:</b> Monday, June 07, 2010 11:08 AM<br>\r\n<b>To:</b> Aaron Graham<br>\r\n<b>Subject:</b> Re: SNOOP-ing crashes app [snoopwpf:197445]</span></p>\r\n\r\n</div>\r\n\r\n</div>\r\n\r\n<p class=MsoNormal> </p>\r\n\r\n<p><span style=\"font-size:9.0pt;font-family:'Verdana','sans-serif'\">From:\r\ncplotts</span></p>\r\n\r\n<div style=\"margin-bottom:24.0pt\" id=ThreadNotificationPostBody>\r\n\r\n<blockquote style=\"border:solid #CCCCCC 1.5pt;padding:0in 3.0pt 0in 3.0pt;margin-left:12.0pt;margin-top:3.0pt;margin-right:12.0pt\">\r\n\r\n<p class=MsoNormal><strong><i><span style=\"font-size:9.0pt;font-family:'Verdana','sans-serif'\">agrahamatfes\r\nwrote:</span></i></strong><i><span style=\"font-size:9.0pt;font-family:'Verdana','sans-serif'\"></span></i></p>\r\n\r\n<p><i><span style=\"font-size:9.0pt;font-family:'Verdana','sans-serif'\">Just\r\nwanted to add some details here in case others have/do run into this situation:</span></i></p>\r\n\r\n<p><i><span style=\"font-size:9.0pt;font-family:'Verdana','sans-serif'\">The app\r\nI am trying to SNOOP is a Winforms application hosting an activeX dll whose\r\nmain class is a System.Windows.Form.UserControl who uses a\r\nSystem.Windows.Forms.Integration.ElementHost to display the wpf usercontrols. I\r\nhave started creating a wpf host for my dll, which SNOOP can sorta successfully\r\nsnoop. I can successfully snoop into my wpf host application it does not\r\nshow(snoop or magnify) any of the objects under the ElementHost, which it does\r\nwhen I magnify the forms based host.</span></i></p>\r\n\r\n<p><i><span style=\"font-size:9.0pt;font-family:'Verdana','sans-serif'\">I have\r\ncommunicated with Cory and he admits this is more complex than they had tested,\r\nbut will try to investigate when he has time.</span></i></p>\r\n\r\n</blockquote>\r\n\r\n<p><span style=\"font-size:9.0pt;font-family:'Verdana','sans-serif'\">Aaron: I've\r\nbeen working on bug fixes lately. If you could create a simple test harness\r\nwhich illustrates your scenario and problem (in particular, ActiveX being in\r\nthe middle of things) ... I will take a look. </span></p>\r\n\r\n</div>\r\n\r\n<div style=\"border:none;border-top:solid #CCCCCC 1.0pt;padding:0in 0in 0in 0in\" id=ThreadNotificationFooter>\r\n\r\n<p><span style=\"font-size:9.0pt;font-family:'Verdana','sans-serif';color:gray\">Read\r\nthe <a href=\"http://snoopwpf.codeplex.com/Thread/View.aspx?ThreadId=197445&ANCHOR#Post452485\">full\r\ndiscussion online</a>.</span></p>\r\n\r\n<p><span style=\"font-size:9.0pt;font-family:'Verdana','sans-serif';color:gray\">To\r\nadd a post to this discussion, reply to this email (<a href=\"mailto:snoopwpf@discussions.codeplex.com?subject=[snoopwpf:197445]\">snoopwpf@discussions.codeplex.com</a>)</span></p>\r\n\r\n<p><span style=\"font-size:9.0pt;font-family:'Verdana','sans-serif';color:gray\">To\r\nstart a new discussion for this project, email <a href=\"mailto:snoopwpf@discussions.codeplex.com\">snoopwpf@discussions.codeplex.com</a></span></p>\r\n\r\n<p><span style=\"font-size:9.0pt;font-family:'Verdana','sans-serif';color:gray\">You\r\nare receiving this email because you subscribed to this discussion on CodePlex.\r\nYou can <a href=\"http://www.codeplex.com/site/discussions/thread/unsubscribe/197445\">unsubscribe</a>\r\non CodePlex.com.</span></p>\r\n\r\n<p><span style=\"font-size:9.0pt;font-family:'Verdana','sans-serif';color:gray\">Please\r\nnote: Images and attachments will be removed from emails. Any posts to this\r\ndiscussion will also be available online at CodePlex.com</span></p>\r\n\r\n</div>\r\n\r\n</div>\r\n\r\n",
    "PostedDate": "2010-06-07T08:11:31.91-07:00",
    "UserRole": null,
    "MarkedAsAnswerDate": null
  },
  {
    "Id": "452493",
    "ThreadId": "197445",
    "Html": "Aaron: Ok, thanks for the heads up.\r\n\r\nI just reread your thread and your scenario was pretty complex (Windows Forms hosting ActiveX hosting Windows Forms hosting WPF). Yikes!\r\n",
    "PostedDate": "2010-06-07T08:18:37.28-07:00",
    "UserRole": null,
    "MarkedAsAnswerDate": null
  },
  {
    "Id": "452496",
    "ThreadId": "197445",
    "Html": "\r\n\r\n<div class=Section1>\r\n\r\n<p class=MsoNormal><span style=\"font-size:11.0pt;font-family:'Calibri','sans-serif';color:#1F497D\">Yep, that is what we get for try to shoe horn new tech into an\r\nexisting application</span></p>\r\n\r\n<p class=MsoNormal><span style=\"font-size:11.0pt;font-family:'Calibri','sans-serif';color:#1F497D\"> </span></p>\r\n\r\n<p class=MsoNormal><span style=\"font-size:11.0pt;font-family:'Calibri','sans-serif';color:#1F497D\">Aaron</span></p>\r\n\r\n<p class=MsoNormal><span style=\"font-size:11.0pt;font-family:'Calibri','sans-serif';color:#1F497D\"> </span></p>\r\n\r\n<div>\r\n\r\n<div style=\"border:none;border-top:solid #B5C4DF 1.0pt;padding:3.0pt 0in 0in 0in\">\r\n\r\n<p class=MsoNormal><b><span style=\"font-size:10.0pt;font-family:'Tahoma','sans-serif'\">From:</span></b><span style=\"font-size:10.0pt;font-family:'Tahoma','sans-serif'\"> cplotts [mailto:notifications@codeplex.com]\r\n<br>\r\n<b>Sent:</b> Monday, June 07, 2010 11:19 AM<br>\r\n<b>To:</b> Aaron Graham<br>\r\n<b>Subject:</b> Re: SNOOP-ing crashes app [snoopwpf:197445]</span></p>\r\n\r\n</div>\r\n\r\n</div>\r\n\r\n<p class=MsoNormal> </p>\r\n\r\n<p><span style=\"font-size:9.0pt;font-family:'Verdana','sans-serif'\">From:\r\ncplotts</span></p>\r\n\r\n<div style=\"margin-bottom:24.0pt\" id=ThreadNotificationPostBody>\r\n\r\n<p class=MsoNormal><span style=\"font-size:9.0pt;font-family:'Verdana','sans-serif'\">Aaron:\r\nOk, thanks for the heads up. I just reread your thread and your scenario was\r\npretty complex (Windows Forms hosting ActiveX hosting Windows Forms hosting\r\nWPF). Yikes! </span></p>\r\n\r\n</div>\r\n\r\n<div style=\"border:none;border-top:solid #CCCCCC 1.0pt;padding:0in 0in 0in 0in\" id=ThreadNotificationFooter>\r\n\r\n<p><span style=\"font-size:9.0pt;font-family:'Verdana','sans-serif';color:gray\">Read\r\nthe <a href=\"http://snoopwpf.codeplex.com/Thread/View.aspx?ThreadId=197445&ANCHOR#Post452493\">full\r\ndiscussion online</a>.</span></p>\r\n\r\n<p><span style=\"font-size:9.0pt;font-family:'Verdana','sans-serif';color:gray\">To\r\nadd a post to this discussion, reply to this email (<a href=\"mailto:snoopwpf@discussions.codeplex.com?subject=[snoopwpf:197445]\">snoopwpf@discussions.codeplex.com</a>)</span></p>\r\n\r\n<p><span style=\"font-size:9.0pt;font-family:'Verdana','sans-serif';color:gray\">To\r\nstart a new discussion for this project, email <a href=\"mailto:snoopwpf@discussions.codeplex.com\">snoopwpf@discussions.codeplex.com</a></span></p>\r\n\r\n<p><span style=\"font-size:9.0pt;font-family:'Verdana','sans-serif';color:gray\">You\r\nare receiving this email because you subscribed to this discussion on CodePlex.\r\nYou can <a href=\"http://www.codeplex.com/site/discussions/thread/unsubscribe/197445\">unsubscribe</a>\r\non CodePlex.com.</span></p>\r\n\r\n<p><span style=\"font-size:9.0pt;font-family:'Verdana','sans-serif';color:gray\">Please\r\nnote: Images and attachments will be removed from emails. Any posts to this\r\ndiscussion will also be available online at CodePlex.com</span></p>\r\n\r\n</div>\r\n\r\n</div>\r\n\r\n",
    "PostedDate": "2010-06-07T08:21:22.197-07:00",
    "UserRole": null,
    "MarkedAsAnswerDate": null
  },
  {
    "Id": "452498",
    "ThreadId": "197445",
    "Html": "This discussion has been copied to a work item. Click <a href=\"http://snoopwpf.codeplex.com/workitem/4844\">here</a> to go to the work item and continue the discussion.",
    "PostedDate": "2010-06-07T08:24:18.333-07:00",
    "UserRole": null,
    "MarkedAsAnswerDate": null
  },
  {
    "Id": "452499",
    "ThreadId": "197445",
    "Html": "I have the made the ActiveX interop story part of this thread ... a <a href=\"http://snoopwpf.codeplex.com/workitem/4844\">work item</a>.",
    "PostedDate": "2010-06-07T08:25:48.23-07:00",
    "UserRole": null,
    "MarkedAsAnswerDate": null
  },
  {
    "Id": "452501",
    "ThreadId": "197445",
    "Html": "I downloaded the latest build, compiled it and now its working. Thanks for the help.<br><br>/Andreas<br><br><div>On Mon, Jun 7, 2010 at 5:25 PM, cplotts <span dir=ltr>&lt;<a href=\"mailto:notifications@codeplex.com\">notifications@codeplex.com</a>&gt;</span> wrote:<br>\r\n<blockquote style=\"margin:0pt 0pt 0pt 0.8ex;padding-left:1ex\">   <div> <p>From: cplotts</p> <div>I have the made the ActiveX interop story part of this thread ... a work item: <a href=\"http://snoopwpf.codeplex.com/workitem/4844\">http://snoopwpf.codeplex.com/workitem/4844</a></div>\r\n<div> <div> <p>Read the <a href=\"http://snoopwpf.codeplex.com/Thread/View.aspx?ThreadId=197445&ANCHOR#Post452499\">full discussion online</a>.</p> <p>To add a post to this discussion, reply to this email (<a href=\"mailto:snoopwpf@discussions.codeplex.com?subject=[snoopwpf:197445]\">snoopwpf@discussions.codeplex.com</a>)</p>\r\n <p>To start a new discussion for this project, email <a href=\"mailto:snoopwpf@discussions.codeplex.com\">snoopwpf@discussions.codeplex.com</a></p> <p>You are receiving this email because you subscribed to this discussion on CodePlex. You can <a href=\"http://www.codeplex.com/site/discussions/thread/unsubscribe/197445\">unsubscribe</a> on CodePlex.com.</p>\r\n <p>Please note: Images and attachments will be removed from emails. Any posts to this discussion will also be available online at CodePlex.com</p> </div> </div></div> </blockquote></div><br>",
    "PostedDate": "2010-06-07T08:32:12.227-07:00",
    "UserRole": null,
    "MarkedAsAnswerDate": null
  },
  {
    "Id": "452507",
    "ThreadId": "197445",
    "Html": "<blockquote style=\"border:solid .1em #ccc;font-style:italic;margin:.25em 1em 0 1em;padding:0 .25em 0 .25em\"><strong>Gripenstedt wrote:</strong><br>I downloaded the latest build, compiled it and now its working. Thanks for the help.<br><br>/Andreas</blockquote>\r\n\r\n<br>\r\n\r\nAndreas: I was hoping that the latest build would work for you ... even though I gave you instructions to debug it. Glad to hear it!\r\n\r\nI probably should do another release sometime soon.\r\n",
    "PostedDate": "2010-06-07T08:38:57.073-07:00",
    "UserRole": null,
    "MarkedAsAnswerDate": null
  }
]