[
  {
    "Id": "811250",
    "ThreadId": "348843",
    "Html": "\r\n<p>Hi, Snoop is very good .</p>\r\n<p>It's good tool to debug our WPF applications,</p>\r\n<p>And do you ever use chrome debug tool ?</p>\r\n<p>It can support &quot;Select an element in the page to inspect it.&quot;, If you can upgrade SNOOP like this feature then it's easier than before;</p>\r\n<p>Waiting for your answer ....</p>\r\n",
    "PostedDate": "2012-03-15T23:34:17.233-07:00",
    "UserRole": null,
    "MarkedAsAnswerDate": null
  },
  {
    "Id": "811502",
    "ThreadId": "348843",
    "Html": "<p>I am not really sure what you are asking.</p>\r\n<p>But Snoop does support a way to quickly select an element with Ctrl-Shift mouse over:&nbsp;<a href=\"http://www.cplotts.com/2011/02/10/snoop-tips-tricks-1-ctrl-shift-mouse-over/\">http://www.cplotts.com/2011/02/10/snoop-tips-tricks-1-ctrl-shift-mouse-over/</a></p>\r\n<p>One thought that we have had is to some how inject and select and element ... at the same time ... so that it doesn't have to be a two step process of inject ... and then select with Ctrl-Shift mouse over. We haven't had time to do anything on this front.</p>",
    "PostedDate": "2012-03-16T09:02:04.343-07:00",
    "UserRole": null,
    "MarkedAsAnswerDate": null
  }
]