[
  {
    "Id": "535863",
    "ThreadId": "238395",
    "Html": "\r\n<p>How can I change where Snoop installs to? I don't want it on my C:\\ drive and it doesn't give me an option to change during the install.</p>\r\n<p>Thanks,</p>\r\n<p>R</p>\r\n",
    "PostedDate": "2010-12-14T16:24:28.847-08:00",
    "UserRole": null,
    "MarkedAsAnswerDate": null
  },
  {
    "Id": "536138",
    "ThreadId": "238395",
    "Html": "\r\n<p>The installer currently doesn't support that ... however ... there is no reason you can't move it manually after you install ...</p>\r\n<p>I will add this to the list of things to do. An obvious suggestion, it is! I'm not an WiX installer expert ... otherwise I would just crack it out right now. :-)</p>\r\n",
    "PostedDate": "2010-12-15T07:06:43.247-08:00",
    "UserRole": null,
    "MarkedAsAnswerDate": null
  },
  {
    "Id": "536139",
    "ThreadId": "238395",
    "Html": "This discussion has been copied to a work item. Click <a href=\"http://snoopwpf.codeplex.com/workitem/5955\">here</a> to go to the work item and continue the discussion.",
    "PostedDate": "2010-12-15T07:08:19.333-08:00",
    "UserRole": null,
    "MarkedAsAnswerDate": null
  },
  {
    "Id": "536148",
    "ThreadId": "238395",
    "Html": "\r\n<blockquote style=\"border:solid .1em #ccc; font-style:italic; margin:.25em 1em 0 1em; padding:0 .25em 0 .25em\">\r\n<strong>cplotts wrote:</strong><br>\r\n<p>The installer currently doesn't support that ... however ... there is no reason you can't move it manually after you install ...</p>\r\n<p>I will add this to the list of things to do. An obvious suggestion, it is! I'm not an WiX installer expert ... otherwise I would just crack it out right now. :-)</p>\r\n</blockquote>\r\n<p>I assume then that it's simply copying the files there and that there's no registry shenanigans going on then, correct?</p>\r\n<p>Because it's not <em>that</em> big of a deal then!</p>\r\n<p>Thanks,</p>\r\n<p>R</p>\r\n",
    "PostedDate": "2010-12-15T07:21:53.813-08:00",
    "UserRole": null,
    "MarkedAsAnswerDate": null
  },
  {
    "Id": "536152",
    "ThreadId": "238395",
    "Html": "\r\n<p>There are no registry shenanigans. You might have to fix up a shortcut or two ... but that's it!</p>\r\n<p>Still it is a good suggestion ... every&nbsp;other installer in the world does it!</p>\r\n",
    "PostedDate": "2010-12-15T07:26:02.063-08:00",
    "UserRole": null,
    "MarkedAsAnswerDate": null
  }
]