[
  {
    "Id": "1127005",
    "ThreadId": "470566",
    "Html": "For my app Data Context tab just show \r<br />\n<br />\nData, [MyNamespace.MyClass], Unknown,\r<br />\n<br />\nthis node should be expandable to show all public properties of MyClass\r<br />\n<br />\nI tried to add the attribute [TypeConverter(typeof(ExpandableObjectConverter))]\r<br />\nto my class but that had no effect<br />\n",
    "PostedDate": "2013-11-20T03:30:05.03-08:00",
    "UserRole": null,
    "MarkedAsAnswerDate": null
  },
  {
    "Id": "1127274",
    "ThreadId": "470566",
    "Html": "Hi,\r<br />\n<br />\nLet me see if I understand the scenario correctly: You have a view model (DataContext) that is a complex type. In other words, your view model contains a public property that is another class (not string or int or whatever). For example, if you have this &quot;complex&quot; data context type:\r<br />\n<br />\nclass MyClass \r<br />\n{\r<br />\n  ....\r<br />\n  public MyComplexMemberType MyComplexMember {get; set;}\r<br />\n}\r<br />\n<br />\nNow you want to see some member of MyComplexMember (such as MyComplexMember.SomeProperty).\r<br />\n<br />\nIf this is your scenario, Snoop actually as a way to achieve this goal. Simply right click on the member, and choose &quot;Delve&quot; from the context menu (you can also double click to delve). Will this help you?\r<br />\n<br />\nThanks,\r<br />\n<br />\nMaciek<br />\n",
    "PostedDate": "2013-11-20T14:08:12.14-08:00",
    "UserRole": null,
    "MarkedAsAnswerDate": null
  },
  {
    "Id": "1127668",
    "ThreadId": "470566",
    "Html": "Hi \r<br />\n<br />\nI was not aware of that possibility it will work for me\r<br />\n<br />\nThanks\r<br />\nJens<br />\n",
    "PostedDate": "2013-11-21T11:27:40.277-08:00",
    "UserRole": null,
    "MarkedAsAnswerDate": null
  }
]