[
  {
    "Id": "693895",
    "ThreadId": "278355",
    "Html": "\r\n<p>Hi!</p>\r\n<p>First, I want to thank you for your great product.</p>\r\n<p>I found the following exception error;</p>\r\n<p><em><strong>&quot;Error Reading user filters from settings. Using defaults.</strong></em></p>\r\n<p><em><strong>Configuration system failed to initialize&quot;</strong></em></p>\r\n<p>How can I overcome the problem.</p>\r\n<p>In some wpf program, snoop works well, but in others it occurs exception error.</p>\r\n<p>Thank you.</p>\r\n",
    "PostedDate": "2011-11-04T07:26:02.51-07:00",
    "UserRole": null,
    "MarkedAsAnswerDate": null
  },
  {
    "Id": "826749",
    "ThreadId": "278355",
    "Html": "<p>Sorry for my late reply, I haven't realized how many posts have escaped my attention.</p>\r\n<p>Are you still getting this problem?</p>\r\n<p>If so, are you using the released version (2.7.0) ... or are you using the tip (built from the source code)?</p>\r\n<p>If you are using the released version and are still getting this problem, try building Snoop from the source code and seeing if you still get this problem.</p>\r\n<p>We have fixed several crashes since we have released 2.7.0 ... and we hope to do a 2.7.1 release soon.</p>",
    "PostedDate": "2012-04-20T17:33:15.92-07:00",
    "UserRole": null,
    "MarkedAsAnswerDate": null
  }
]