[
  {
    "Id": "730127",
    "ThreadId": "287272",
    "Html": "\r\n<p>Greetings,</p>\r\n<p>First of all I want to say that Snoop is by far one of the best tools that I have been lucky enough to run across... which is why this problem has been such a pain. &nbsp;When I open Snoop the application is opening with a height of 1 pixel. &nbsp;Thus far\r\n I have found no way to stretch the window or even grab it and move its screen location. &nbsp;I have tried uninstalling /&nbsp;re-installing, making sure that the Program Files (x86) folder is deleted, searching my registry for any weird snoop related settings,\r\n running as administrator, and even tried to muck with the app.config file to see if I could at least get some sort of reaction... nothing has worked. &nbsp;The really frustrating thing is that it was working fine and then 'suddenly' started acting weird. &nbsp;I\r\n did update my graphics drivers and my company pushed out a number of MS updates around the time this issue started however I cant say for&nbsp;certain&nbsp;whether or not I ran Snoop after these updates were applied. &nbsp;I am running Windows 7 64-bit on\r\n a laptop with an Nvidia Quadro NVS 135M graphics card, driver version 285.62 (in case that has any&nbsp;relevance). Any help would be greatly&nbsp;appreciated.</p>\r\n",
    "PostedDate": "2012-01-24T12:16:41.88-08:00",
    "UserRole": null,
    "MarkedAsAnswerDate": null
  },
  {
    "Id": "730143",
    "ThreadId": "287272",
    "Html": "<p>I have run into that problem myself, I think. For me ... it is an intermittent issue ... and occurs only once in a while.</p>\r\n<p>What I do ... is use a utility like Sizer (<a href=\"http://www.brianapps.net/sizer/\">http://www.brianapps.net/sizer/</a>) to resize the application. Sizer can even be used to move a window that is completely off screen ... to on screen ... by accessing the Sizer menu via a right click on the app in the Task Bar.</p>\r\n<p>I think the problem comes out of how we have implemented the saving of user settings (like window position and size). At some point, I would like to revamp that whole part of Snoop.</p>\r\n<p>Try using Sizer and see if it helps you.</p>\r\n<p>&nbsp;</p>\r\n<p><span style=\"text-decoration: underline;\">More Information</span></p>\r\n<p>The user settings do get saved in the app.config file ... but Snoop makes the problem a little tricky ... since it injects itself into the Snooped process.</p>\r\n<p>In other words, the position and the size settings for the app chooser (i.e. the thin blue bar that comes up when you execute Snoop) <em>are</em>&nbsp;stored in the Snoop config file ... but the position and the size settings for the main Snoop UI (i.e. the property grid window that comes up when you Snoop an app) ... <em>is actually stored in the config file for the app being Snooped</em>.</p>\r\n<p>One thing that you can try ... if Sizer doesn't work for you ... is to go to your local user settings area and delete the user.config files for both Snoop and the application you are Snooping.</p>\r\n<p>For example, for the released 2.7.0 version of Snoop ... the user.config file is stored at:&nbsp;C:\\Users\\plottsc\\AppData\\Local\\Cory_Plotts\\Snoop.exe_Url_svr3ea1awr4rmikpujw0xmksr1tpt4kp\\2.6.1.0</p>\r\n<p>Deleting the above file should revert the position and size information for the app chooser back to its defaults.</p>\r\n<p>And to continue the example, the user.config file for the application I Snoop most often is stored at: C:\\Users\\plottsc\\AppData\\Local\\Starkey\\Starkey.Inspire.Host.Stan_Url_qxzblujf3qlnz4mqhww3tnfs1lvpcdqs\\8.0.11.113</p>\r\n<p>I work for a company called Starkey Laboratories ... and the assembly I'm Snooping is Starkey.Inspire.Host.Standalone.exe.&nbsp;Deleting the above user.config file should revert the position and size information for the main Snoop UI (and the other windows) back to their defaults.</p>\r\n<p>&nbsp;</p>\r\n<p>Hope this helps ... and sorry for the pain this issue is causing.</p>\r\n<p>Let me know if you get around it.</p>",
    "PostedDate": "2012-01-24T12:45:15.987-08:00",
    "UserRole": null,
    "MarkedAsAnswerDate": null
  },
  {
    "Id": "730188",
    "ThreadId": "287272",
    "Html": "<p>Wow, I seriously didn't expect a reply so quickly. &nbsp;I downloaded sizer but wanted to try deleting the user.config file first and that worked like a charm. &nbsp;Thank you for adding the \"More Information\" section, that was very helpful and good information to know in case myself or any of my colleagues run into this problem in the future.</p>\r\n<p>Your my hero for the day :)</p>",
    "PostedDate": "2012-01-24T14:49:33.73-08:00",
    "UserRole": null,
    "MarkedAsAnswerDate": null
  },
  {
    "Id": "730191",
    "ThreadId": "287272",
    "Html": "<p>Glad to help ... I wanted to document the issue for my own sake ... so that when I go to refactor this bit ... it is all there in a discussion post.</p>\r\n<p>Sizer, btw, is one of the first utilities I install on new machine. I love that little utility!</p>\r\n<p>By the way, I was curious ... what window was showing up small? The app chooser? Or, the main Snoop UI?</p>",
    "PostedDate": "2012-01-24T14:55:03.09-08:00",
    "UserRole": null,
    "MarkedAsAnswerDate": null
  },
  {
    "Id": "730195",
    "ThreadId": "287272",
    "Html": "<p>It was the main UI. &nbsp;Basically when I launched the application, the Snoop icon would show up in the Task Bar and a blue line would show up across the screen. &nbsp;If I positioned the Mouse just right I could focus the app and see the 'glow' of the minimize and close buttons light up when the mouse passed over them.</p>",
    "PostedDate": "2012-01-24T15:10:09.91-08:00",
    "UserRole": null,
    "MarkedAsAnswerDate": null
  }
]