[
  {
    "Id": "807604",
    "ThreadId": "347872",
    "Html": "\r\n<p>Hello and thanks for your work. It's awesome. I don't know how I would debug xaml without SNOOP, a must have.</p>\r\n<p>I'm facing a problem with a binding and the Output window of visual studio does not says anything. When I run snoop I see the property in red but without any databinding errors. If I right click and select Delve BindingExpression I get two exceptions. First\r\n an ArgumentException saying &quot;Cannot set Expression. It is marked as 'NonShareable' and has already been used.&quot; &nbsp;and then another one (InvalidOperationException) saying &quot;ShowDialog can be called only on hidden windows.&quot;</p>\r\n<p>The binding &nbsp;is on a DataGridCollumnCell and is the following one:</p>\r\n<p>&lt;DataGridTemplateColumn&gt;</p>\r\n<p>&nbsp; &nbsp;&nbsp;&lt;DataGridTemplateColumn.CellTemplate&gt;<span> </span></p>\r\n<p>&nbsp; &nbsp; &nbsp; &nbsp;&nbsp;&lt;DataTemplate&gt;</p>\r\n<p>&nbsp; &nbsp;&nbsp;&nbsp; &nbsp; &nbsp;&nbsp;&nbsp;&nbsp;&lt;DockPanel HorizontalAlignment=&quot;Right&quot; &gt;<span>\r\n</span></p>\r\n<p>&nbsp; &nbsp;&nbsp;&nbsp; &nbsp;&nbsp;&nbsp; &nbsp;&nbsp;&nbsp; &nbsp;&nbsp;&lt;TextBlock Margin=&quot;3,0,3,0&quot; VerticalAlignment=&quot;Center&quot; Text=&quot;{Binding Status.Value, TargetNullValue=---}&quot; Background=&quot;{Binding Status.Value, Converter={StaticResource StatusToColorConverter}}&quot;\r\n /&gt;<span> </span></p>\r\n<p>&nbsp; &nbsp;&nbsp;&nbsp; &nbsp;&nbsp;&nbsp; &nbsp;&nbsp;&lt;/DockPanel&gt;<span>\r\n</span></p>\r\n<p>&nbsp; &nbsp;&nbsp;&nbsp; &nbsp;&nbsp;&lt;/DataTemplate&gt;<span> </span></p>\r\n<p>&nbsp; &nbsp;&nbsp;&lt;/DataGridTemplateColumn.CellTemplate&gt;<span> </span></p>\r\n<p>&lt;/DataGridTemplateColumn&gt;</p>\r\n<p>Note that the binding on the Text property is working and the one on the Background is the one failing. I can provide you with screenshots or whatever can help you to debug the issue.</p>\r\n<p>Keep up with the good work!</p>\r\n",
    "PostedDate": "2012-03-08T10:34:01.74-08:00",
    "UserRole": null,
    "MarkedAsAnswerDate": null
  },
  {
    "Id": "822736",
    "ThreadId": "347872",
    "Html": "<p>Hello,</p>\r\n<p>I had similar problem when my converter returned value or wrong type: instead of System.Windows.Media.SolidColorBrush it returned System.Drawing.SolidBrush.</p>",
    "PostedDate": "2012-04-11T22:23:17.217-07:00",
    "UserRole": null,
    "MarkedAsAnswerDate": null
  },
  {
    "Id": "822792",
    "ThreadId": "347872",
    "Html": "<p>Ey, that could be the reason. I will check it. Thanks!</p>\r\n<p>&nbsp;</p>\r\n<p>By the way, why this issue is not being investigated nor there is any feedback from the Snoop team?</p>",
    "PostedDate": "2012-04-12T01:42:18.17-07:00",
    "UserRole": null,
    "MarkedAsAnswerDate": null
  },
  {
    "Id": "823152",
    "ThreadId": "347872",
    "Html": "<p>Crui3r, problem fixed. Thanks a lot man, I owe you one.</p>",
    "PostedDate": "2012-04-12T14:52:18.72-07:00",
    "UserRole": null,
    "MarkedAsAnswerDate": null
  },
  {
    "Id": "823167",
    "ThreadId": "347872",
    "Html": "<p>Hi,</p>\r\n<p>I somehow didn't notice this on the discussions panel, as I check periodically, and don't get notifications. I will be very happy to look into this. To make things easier on me, would it be possible to attach an repro app?&nbsp;</p>\r\n<p>And to make sure I understand the problem correctly, is it that it does not adequately say what the binding error is in Snoop?</p>",
    "PostedDate": "2012-04-12T15:44:17.733-07:00",
    "UserRole": null,
    "MarkedAsAnswerDate": null
  },
  {
    "Id": "823333",
    "ThreadId": "347872",
    "Html": "<p>Right. It shows an error on the binding as the background is in red but not text at all.&nbsp;<span>&nbsp;If I right click on the binding error and select Delve BindingExpression I get two exceptions. First an ArgumentException saying \"Cannot set Expression. It is marked as 'NonShareable' and has already been used.\" &nbsp;and then another one (InvalidOperationException) saying \"ShowDialog can be called only on hidden windows.\"</span></p>\r\n<p>I will try to make a test application, right.</p>",
    "PostedDate": "2012-04-13T02:12:14.707-07:00",
    "UserRole": null,
    "MarkedAsAnswerDate": null
  },
  {
    "Id": "825436",
    "ThreadId": "347872",
    "Html": "<p>Sorry ... I also missed this post. I am just now getting to a bunch of forum discussions ... since I was swamped in my day job.</p>\r\n<p>Please do try and get a test harness together, create an issue, and attach it to the issue.</p>",
    "PostedDate": "2012-04-18T07:34:25.257-07:00",
    "UserRole": null,
    "MarkedAsAnswerDate": null
  },
  {
    "Id": "826015",
    "ThreadId": "347872",
    "Html": "<p>The defect was found long time ago and fixed. Currently I'm at 120% in my own project and have no time to create a proof of concept of the defect, sorry. Anyway should be easy to recreate with the info on the posts.</p>\r\n<p>Thanks for the good job!</p>",
    "PostedDate": "2012-04-19T08:22:37.367-07:00",
    "UserRole": null,
    "MarkedAsAnswerDate": null
  }
]