[
  {
    "Id": "1073639",
    "ThreadId": "451550",
    "Html": "Hi,\r<br />\n<br />\nI'm relatively new to WPF, perhaps I missed something but I noticed that custom attached events are not shown on the Events tab. I realize that any class out there can declare an attached event so I'm not sure what the best way would be to bring them into the list. I would really like a tool that lets me troubleshoot my custom attached events raised on different elements of the visual tree.\r<br />\n<br />\nThanks.\r<br />\n<br />\nB.<br />\n",
    "PostedDate": "2013-07-26T12:52:43.12-07:00",
    "UserRole": null,
    "MarkedAsAnswerDate": null
  },
  {
    "Id": "1077965",
    "ThreadId": "451550",
    "Html": "Hi Balage,\r<br />\n<br />\nI may look into this. Any chance you could upload a repro app?\r<br />\n<br />\nThanks,\r<br />\n<br />\nMaciek<br />\n",
    "PostedDate": "2013-08-07T13:59:29.453-07:00",
    "UserRole": null,
    "MarkedAsAnswerDate": null
  }
]