[
  {
    "Id": "825553",
    "ThreadId": "352724",
    "Html": "\r\n<p>Everyone ... I'm seriously considering moving Snoop to GitHub.</p>\r\n<p>I am wondering what the general community thinks about that.</p>\r\n<p>The eventual 'move' could be under a variety of forms. Which do you like the best?</p>\r\n<ol>\r\n<li>A complete move ... only a link from the Snoop home page would point to the new project page on GitHub.\r\n</li><li>A complete source code move ... but still checking in release downloads to CodePlex\r\n<em>at release time only.</em> </li><li>A source code move ... but still checking source code and release downloads to CodePlex\r\n<em>at release time only.</em> </li></ol>\r\n<p>I am not going to try and support the project in two locations ... that is, check in intermittent changes to two locations.</p>\r\n<p>The reason is simple (as to why I am considering this change). Snoop has been and will continue to be a community driven piece of software. Hopefully, moving to GitHub will allow people to easily add features and fixes ... and also allow us to easily merge\r\n them back in.</p>\r\n<p>Let the discussion begin. :-)</p>\r\n",
    "PostedDate": "2012-04-18T10:44:34.127-07:00",
    "UserRole": null,
    "MarkedAsAnswerDate": null
  },
  {
    "Id": "826013",
    "ThreadId": "352724",
    "Html": "<p>Well,</p>\r\n<p>I simlpy don't like the idea. I'm comfortable at codeplex and I don't see the reason to move.</p>\r\n<p>If your main concern is people not being able to contribute to your project you have the submit path feature. If it's not the case then can you explain the reason to move?</p>\r\n<p>Thanks!</p>",
    "PostedDate": "2012-04-19T08:20:34.843-07:00",
    "UserRole": null,
    "MarkedAsAnswerDate": null
  },
  {
    "Id": "826031",
    "ThreadId": "352724",
    "Html": "<p>It isn't that people can't contribute at CodePlex ... I am thinking (and have been told) <em>that it is much easier to do so at GitHub</em> ... since it is easy to fork the code and then send pull requests to the coordinator ... in order to merge changes back in.</p>\r\n<p>After I initiated these discussions yesterday ... a colleague told me that CodePlex now supports Git ... and not just for new projects. We would have to contact CodePlex support to migrate Snoop ... but it can be done. In fact, they already contacted me directly over Twitter on that.</p>\r\n<p><strong>So ... another option would be to leave Snoop at CodePlex ... but to migrate the version control to Git. </strong>I'll add that to the discussion.</p>",
    "PostedDate": "2012-04-19T08:38:31.307-07:00",
    "UserRole": null,
    "MarkedAsAnswerDate": null
  },
  {
    "Id": "835463",
    "ThreadId": "352724",
    "Html": "<p>Snoop has converted its repository to Git and is now hosted at both GitHub (<a href=\"https://github.com/cplotts/snoopwpf\">https://github.com/cplotts/snoopwpf</a>) and here (<a href=\"http://snoopwpf.codeplex.com/\">http://snoopwpf.codeplex.com</a>).</p>\r\n<p>See the release notes for 2.7.1 for more info:&nbsp;<a href=\"http://snoopwpf.codeplex.com/releases/view/73187\">http://snoopwpf.codeplex.com/releases/view/73187</a></p>",
    "PostedDate": "2012-05-12T04:27:20.26-07:00",
    "UserRole": null,
    "MarkedAsAnswerDate": null
  }
]