[
  {
    "Id": "704163",
    "ThreadId": "281048",
    "Html": "\r\n<p>My application throws up a modal dialogue. Specifically a MessageBox from the <a title=\"WPF Extended Toolkit\" href=\"http://wpftoolkit.codeplex.com/\" target=\"_blank\">\r\nWPF Extended Toolkit</a>.&nbsp;</p>\r\n<p>I don't seem to be able to 'Snoop' it and was wondering if this is possible.</p>\r\n<p>Thanks!</p>\r\n",
    "PostedDate": "2011-11-28T06:08:55.93-08:00",
    "UserRole": null,
    "MarkedAsAnswerDate": null
  },
  {
    "Id": "704358",
    "ThreadId": "281048",
    "Html": "<p>Did you try opening the modal dialog, and THEN snooping? In other words, don't snoop until you open the dialog. If this doesn't work, would you be able to upload a sample application?</p>",
    "PostedDate": "2011-11-28T12:25:27.597-08:00",
    "UserRole": null,
    "MarkedAsAnswerDate": null
  },
  {
    "Id": "705542",
    "ThreadId": "281048",
    "Html": "<p>I might be having the same problem with a custom control that extends Popup. I see the Button that I click to make this show up, but nothing about the Popup or the ItemsControl in that, etc.</p>\n<p>I did as you requested, snooping after the popup was shown. Dropping the cross-hairs on the popup didn't do anything and the extra window doesn't show up in the combo box, but I don't know if that is relevant.</p>\n<p>I compiled from the 2.7 source, so I know I have the latest. :)</p>\n<p>﻿﻿Thanks.</p>\n<hr />\n<p><strong>EDIT: Searched again and found the thread about popups: <a href=\"http://snoopwpf.codeplex.com/discussions/215765\">http://snoopwpf.codeplex.com/discussions/215765</a>﻿﻿﻿</strong></p>\n<p><strong>Sorry for polluting the post with non-related content.</strong></p>\n<p>&nbsp;</p>",
    "PostedDate": "2011-11-30T14:19:08.69-08:00",
    "UserRole": null,
    "MarkedAsAnswerDate": null
  },
  {
    "Id": "707467",
    "ThreadId": "281048",
    "Html": "<p>Apologies for the late reply.&nbsp;</p>\r\n<p>It sounds like the same problem to me, when I drop the cross hair onto the popup I get only the application beneath. Using Ctrl + Shift I cannot get the red border to appear on the popup or any other part of the application when the popup is up. When I dismiss the popup Snoop works fine for the rest of the UI.</p>\r\n<p>I am sure this is a limitation in my understanding of the visual tree and how Snoop works, I suspect the popup is somehow not in the structure which Snoop sees as the core application UI definition. I will add a sample application if there is more interest, I debugged the UI for the popup the old school way so this is not blocking me.</p>\r\n<p>Just wanted to add the Snoop is amazing - it's helped me so much.</p>",
    "PostedDate": "2011-12-05T04:09:24.747-08:00",
    "UserRole": null,
    "MarkedAsAnswerDate": null
  },
  {
    "Id": "707624",
    "ThreadId": "281048",
    "Html": "<p>Hi gavaiken,</p>\r\n<p>We would be very happy to look at a sample application if you have one to verify whether snoop has an issue in this case. And there were times when snoop had issues with it. If you upload a sample application that shows the problem in snoop, we will definitely take a look.</p>\r\n<p>We're glad snoop helped you. It helped me a lot to :-).</p>\r\n<p>Thanks,</p>\r\n<p>Maciek</p>",
    "PostedDate": "2011-12-05T09:04:51.587-08:00",
    "UserRole": null,
    "MarkedAsAnswerDate": null
  }
]