[
  {
    "Id": "469170",
    "ThreadId": "219933",
    "Html": "<p>I have an app that seems to confuse snoop when it tries to attach. &nbsp;I select my app from the drop down and click the &quot;Snoop this Application&quot; button, but instead of it showing stuff about MY app, it gives me stuff about snoop (The tree is just [000] (App) 1, [001] (SnoopUI), and 3 Resources (niceNamer, stylelessTextBlockDataTemplate, and refreshButton).</p>\r\n<p>&nbsp;</p>\r\n<p>Any idea whats up w/ that?</p>",
    "PostedDate": "2010-07-19T11:59:28.413-07:00",
    "UserRole": null,
    "MarkedAsAnswerDate": null
  },
  {
    "Id": "469174",
    "ThreadId": "219933",
    "Html": "<p>Have you tried using Ctrl-Shift and mousing over the application that you are trying to Snoop? This will refresh the visual tree and hopefully select the item you are trying to Snoop.</p>\r\n<p>Let me know if that doesn't work (or hasn't worked).</p>",
    "PostedDate": "2010-07-19T12:15:12.783-07:00",
    "UserRole": null,
    "MarkedAsAnswerDate": null
  },
  {
    "Id": "469177",
    "ThreadId": "219933",
    "Html": "<p>The Ctrl+Shift trick does, indeed, make it do its thing. &nbsp;Thanks!</p>",
    "PostedDate": "2010-07-19T12:21:37.977-07:00",
    "UserRole": null,
    "MarkedAsAnswerDate": null
  },
  {
    "Id": "469189",
    "ThreadId": "219933",
    "Html": "Great to hear!\r\n\r\nBy the way, it is in my plans to make this (Ctrl-Shift) functionality more obvious to the user with a StackOverflow like tip bar.",
    "PostedDate": "2010-07-19T12:37:29.53-07:00",
    "UserRole": null,
    "MarkedAsAnswerDate": null
  },
  {
    "Id": "469190",
    "ThreadId": "219933",
    "Html": "Also, love the subject on this issue. Heh heh.",
    "PostedDate": "2010-07-19T12:38:35.157-07:00",
    "UserRole": null,
    "MarkedAsAnswerDate": null
  },
  {
    "Id": "469236",
    "ThreadId": "219933",
    "Html": "<p>I figured out what the real issue here. &nbsp;Our app has a splash screen (started w/ app.xaml's StartupUri) which eventually gets killed off after the real main window is up and doing its thing. &nbsp;I have a repro project here:&nbsp;<a href=\"http://mjorq.com/temp/SnoopSnoopsSnoop.zip\">http://mjorq.com/temp/SnoopSnoopsSnoop.zip</a>&nbsp;. &nbsp;It seems like setting the Application's MainWindow to the newly created window fixes the problem from my end as well.</p>",
    "PostedDate": "2010-07-19T14:01:57.57-07:00",
    "UserRole": null,
    "MarkedAsAnswerDate": null
  },
  {
    "Id": "469254",
    "ThreadId": "219933",
    "Html": "Yes, I actually wondered if you might be doing something with the original main window ... and realized that Snoop Ctrl-Shift mouse functionality might help you out.\r\n\r\nIf you have the freedom to reset the Application's MainWindow ... to the actual main window ... that is a good thing to do (besides making it easier to Snoop).",
    "PostedDate": "2010-07-19T14:40:50.723-07:00",
    "UserRole": null,
    "MarkedAsAnswerDate": null
  }
]