[
  {
    "Id": "447927",
    "ThreadId": "214002",
    "Html": "<p>I've downloaded both the 32-bit and 64-bit zipped installers (for WPF 3.5) posted 5/21, and they're identical -- both are the 64-bit installer. &nbsp;(It's not the URls that are wrong -- those are different, but both result in the same .ZIP file that contains the x64 MSI.)</p>\r\n<p>This will be very useful once I get it going! &nbsp;Thanks.</p>",
    "PostedDate": "2010-05-26T19:14:38.763-07:00",
    "UserRole": null,
    "MarkedAsAnswerDate": null
  },
  {
    "Id": "447928",
    "ThreadId": "214002",
    "Html": "<p>Talking to myself again...</p>\r\n<p>Never mind -- there's a Chrome oddity. &nbsp;I downloaded the x64 version first, and having done so it saves the identical download even clicking the x86 download link. &nbsp;It worked fine when I did it with IE.</p>\r\n<p>I wonder why -- but that's not relevant now.</p>",
    "PostedDate": "2010-05-26T19:18:53.733-07:00",
    "UserRole": null,
    "MarkedAsAnswerDate": null
  },
  {
    "Id": "448179",
    "ThreadId": "214002",
    "Html": "<p>Glad you're no longer having any problems!</p>\r\n<p>However, I use Chrome myself and I don't have any problems downloading all four versions ... as they are now all named differently. This was a change that I made recently. In fact, I did make it on May 21st ... so maybe you just got a version that didn't have the .msi and the .zip named differently.</p>",
    "PostedDate": "2010-05-27T07:12:09.483-07:00",
    "UserRole": null,
    "MarkedAsAnswerDate": null
  }
]