[
  {
    "Id": "1467294",
    "ThreadId": "652677",
    "Html": "Hello, I am using Snoop 2.8 (the latest) trying to snoop a WPF app created in VS 2013.  The app appears in the combobox and I click on the binocular button to &quot;snoop the application selected in the combobox&quot;.  NOTHING HAPPENS, THE SNOOP UI still only shows the toolbar only, nothing underneath!<br />\n<br />\nI found SnoopLog.txt in c:\\users\\&lt;user&gt;\\appdata\\roaming\\snoop.  It has:<br />\n<br />\n03/18/2016 09:21:35 : Starting the injection process...<br />\n03/18/2016 09:21:35 : GetModuleHandleEx successful<br />\n03/18/2016 09:21:35 : Got process id<br />\n03/18/2016 09:21:35 : Got process handle<br />\n03/18/2016 09:21:35 : VirtualAllocEx successful<br />\n03/18/2016 09:21:35 : SetWindowsHookEx successful<br />\n03/18/2016 09:21:35 : Successfully injected Snoop for process Director (PID = 14116)<br />\n<br />\nThis is with Snoop.exe running As Administrator.<br />\n<br />\nAnd I separately chose Visual Studio &quot;devenv.exe&quot; in addition to Director (my own app), and Snoop showed nothing for that either.<br />\n<br />\nThanks,<br />\nDavid<br />\n",
    "PostedDate": "2016-03-18T09:23:45.237-07:00",
    "UserRole": null,
    "MarkedAsAnswerDate": null
  },
  {
    "Id": "1467507",
    "ThreadId": "652677",
    "Html": "My problem is that I was just downloading and running the zip file, and did not have the VC 2010 runtime prerequisites.  The Snoop msi installs those, but since the zip file is offered, the Snoop exe itself should detect the missing VC DLL's and warn the user.  Thank you.<br />\n",
    "PostedDate": "2016-03-21T07:51:26.557-07:00",
    "UserRole": null,
    "MarkedAsAnswerDate": null
  }
]