[
  {
    "Id": "544487",
    "ThreadId": "240615",
    "Html": "\r\n<p>Hi there,</p>\r\n<p>&nbsp;</p>\r\n<p>Everybody knows that VS 2010 was written in WPF. Okay, I want to inspect the UI of VS 2010 with Snoop. I've already tested Snoop with other WPF based application. This works well. Whatever, it does not work with VS 2010. Very strange. Does anyone have an\r\n idea?</p>\r\n<p>&nbsp;</p>\r\n<p>Thanks in advance</p>\r\n<p>&nbsp;</p>\r\n<p>-int</p>\r\n",
    "PostedDate": "2011-01-05T11:49:45.393-08:00",
    "UserRole": null,
    "MarkedAsAnswerDate": null
  },
  {
    "Id": "544521",
    "ThreadId": "240615",
    "Html": "\r\n<p>Wow, I'm speaking to int? Like as in integer? You're famous! Can I get your autograph?</p>\r\n<p>Ha. Bad humor, I'm sorry.</p>\r\n<p>Snoop does work with Visual Studio 2010. Earlier versions of it ... specifically filtered it (devenv.exe) out of the app chooser list, however. So, make sure you have a current version of Snoop ... or download the source code and build the latest yourself.</p>\r\n<p>Also, please note that Visual Studio 2010 is a mixed mode application. That is, not everything is built with WPF.</p>\r\n",
    "PostedDate": "2011-01-05T13:16:18.667-08:00",
    "UserRole": null,
    "MarkedAsAnswerDate": null
  },
  {
    "Id": "544529",
    "ThreadId": "240615",
    "Html": "\r\n<p>int - yeah! Thanks. :)</p>\r\n<p>&nbsp;</p>\r\n<p>Very strange. In the normal version, it does not work. I've downloaded the original and last source code. Afther compiling, it works! Great!</p>\r\n<p>&nbsp;</p>\r\n<p>Can you tell my why it does not work with the installer version?</p>\r\n",
    "PostedDate": "2011-01-05T13:31:05.36-08:00",
    "UserRole": null,
    "MarkedAsAnswerDate": null
  },
  {
    "Id": "544637",
    "ThreadId": "240615",
    "Html": "\r\n<p>Hmmm. It should work with 2.6.0 ... is that what you installed?</p>\r\n<p>I will try this tomorrow at work.</p>\r\n",
    "PostedDate": "2011-01-05T19:48:45.233-08:00",
    "UserRole": null,
    "MarkedAsAnswerDate": null
  },
  {
    "Id": "544851",
    "ThreadId": "240615",
    "Html": "\r\n<p>Gotcha! I've downloaded Snoop here: http://blois.us/Snoop/. That is the reason why it doesn't work with VS 2010. My mistake. Now it works well. ;)</p>\r\n",
    "PostedDate": "2011-01-06T07:55:00.24-08:00",
    "UserRole": null,
    "MarkedAsAnswerDate": null
  },
  {
    "Id": "544853",
    "ThreadId": "240615",
    "Html": "\r\n<p>Good to hear ... and make sure you let your cousin, long, know too.</p>\r\n",
    "PostedDate": "2011-01-06T07:57:55.61-08:00",
    "UserRole": null,
    "MarkedAsAnswerDate": null
  }
]