[
  {
    "Id": "290642",
    "ThreadId": "85326",
    "Html": "<p>The application I work on most of the time is a native C++ MFC app which hosts WPF using ElementHost. Would it be feasible to give Snoop the ability to peek inside applications like that?</p>",
    "PostedDate": "2010-02-14T10:46:15.967-08:00",
    "UserRole": null,
    "MarkedAsAnswerDate": null
  },
  {
    "Id": "290643",
    "ThreadId": "85326",
    "Html": "<p>Have you tried the version that I have here? It does not work?</p>\r\n<p>I did get it working for Windows Forms to WPF interop (using ElementHost and WindowsFormsHost). I haven't ever tried a C++ MFC app.</p>",
    "PostedDate": "2010-02-14T10:48:09.9-08:00",
    "UserRole": null,
    "MarkedAsAnswerDate": null
  },
  {
    "Id": "408430",
    "ThreadId": "85326",
    "Html": "\r\n<div>I think the problem may be that it is not looking \r\nfor apps that don't have a managed top-level window (or some other rule like \r\nthat). I don't ever see any native C++ app window listed in the \r\ncomboxbox.</div>\r\n<div style=\"font:10pt Tahoma\">\r\n<div><br></div>\r\n<div style=\"background:#f5f5f5\">\r\n<div style=\"font-color:black\"><b>From:</b> [email removed] </div>\r\n<div><b>Sent:</b> Sunday, February 14, 2010 6:48 PM</div>\r\n<div><b>To:</b> [email removed] </div>\r\n<div><b>Subject:</b> Re: How feasible is it to allow Snoop to work on interop \r\napps? [snoopwpf:85326]</div></div></div>\r\n<div><br></div>\r\n\r\n\r\n<p>From: cplotts</p>\r\n<div id=ThreadNotificationPostBody>\r\n<p>Have you tried the version that I have here? It does not work?</p>\r\n<p>I did get it working for Windows Forms to WPF interop (using ElementHost and \r\nWindowsFormsHost). I haven't ever tried a C++ MFC app.</p></div>\r\n",
    "PostedDate": "2010-02-26T05:58:54.35-08:00",
    "UserRole": null,
    "MarkedAsAnswerDate": null
  },
  {
    "Id": "413174",
    "ThreadId": "85326",
    "Html": "<p>Let me know if you figure this out ... I wish I had time to dive in on getting Snoop to work in all interop scenarios, but I don't.</p>\r\n<p>However, I will definitely try to incorporating any fixes the community figures out. That is why Snoop is now on CodePlex!</p>",
    "PostedDate": "2010-03-02T06:19:04.86-08:00",
    "UserRole": null,
    "MarkedAsAnswerDate": null
  }
]