[
  {
    "Id": "1014486",
    "ThreadId": "436435",
    "Html": "Hi,\r<br />\n<br />\nI am using snoop 2.8.0.\r<br />\n<br />\nI am trying to snoop a WinForms application with multiple ElementHost containers.\r<br />\n<br />\nI think only the first one is taken when choosing process. I would like either to choose which one to snoop, or snoop all...\r<br />\n<br />\nDo you think it is possible ?\r<br />\n<br />\nThanks.<br />\n",
    "PostedDate": "2013-03-13T04:13:59.277-07:00",
    "UserRole": null,
    "MarkedAsAnswerDate": null
  },
  {
    "Id": "1014901",
    "ThreadId": "436435",
    "Html": "Can you use the Ctrl-Shift Mouse Over trick ... to select the other container?\r<br />\n<a href=\"http://www.cplotts.com/2011/02/10/snoop-tips-tricks-1-ctrl-shift-mouse-over/\" rel=\"nofollow\">http://www.cplotts.com/2011/02/10/snoop-tips-tricks-1-ctrl-shift-mouse-over/</a><br />\n",
    "PostedDate": "2013-03-13T15:42:32.577-07:00",
    "UserRole": null,
    "MarkedAsAnswerDate": null
  },
  {
    "Id": "1224376",
    "ThreadId": "436435",
    "Html": "I had exactly this problem - multiple ElementHost containers in a WinForms application and only the first one being snooped. \r<br />\n<br />\nI can confirm that holding CTRL-SHIFT and mousing over the ElementHost I wanted to snoop worked. Thanks!<br />\n",
    "PostedDate": "2014-03-19T04:50:16.003-07:00",
    "UserRole": null,
    "MarkedAsAnswerDate": null
  }
]