[
  {
    "Id": "431169",
    "ThreadId": "209379",
    "Html": "<p>I currently have an addin running inside of Outlook 2007 that is a WPF 3.5 application. When I try to Snoop the application I get the error:&nbsp;</p>\r\n<p>&quot;Can't find a current application, main window, or non-null PresentationSource root visual&quot;.</p>\r\n<p>&nbsp;</p>\r\n<p>I know this is the error message you get when you're trying to view a 4.0 WPF application using Snoop for WPF 3.5, but I my application is using WPF 3.5.</p>\r\n<p>My guess is that Snoop wasn't designed to work under these circumstances, so my question is whether you plan adding support for this in the future?</p>\r\n<p>&nbsp;</p>\r\n<p>Thanks for a great product, either way.</p>",
    "PostedDate": "2010-04-14T14:50:11.097-07:00",
    "UserRole": null,
    "MarkedAsAnswerDate": null
  },
  {
    "Id": "431689",
    "ThreadId": "209379",
    "Html": "<p>Hmm. I have never tried that. I would encourage downloading the code and trying to figure out why it doesn't work.</p>\r\n<p>I don't know much about Outlook 2007's implementation details, but I wonder if it is a native application (Win32). Another fellow was having problems with a C++ (MFC) application that was hosting WPF and I speculate it might be the same problem.</p>\r\n<p>I would love to be able to handle all interop scenarios (if I could) ... unfortunately, this isn't the highest thing on the list right now. Let me know if you dive in and get it tackled.<br><br></p>\r\n<p>&nbsp;</p>",
    "PostedDate": "2010-04-15T16:19:09.203-07:00",
    "UserRole": null,
    "MarkedAsAnswerDate": null
  }
]