[
  {
    "Id": "994672",
    "ThreadId": "431547",
    "Html": "I am trying to snoop a VS2012 window.  Have followed the steps described for Enabling CommandRunTime exceptions and disabling &quot;just my code&quot; and I am still not able to snoop.\r<br />\n<br />\nI can't find the snooplog.txt file. Is there something that I need to do to enable logging.\r<br />\n<br />\nThanks<br />\n",
    "PostedDate": "2013-01-31T06:13:14.293-08:00",
    "UserRole": null,
    "MarkedAsAnswerDate": null
  },
  {
    "Id": "994811",
    "ThreadId": "431547",
    "Html": "Hi Mark,\r<br />\n<br />\nFirst off, which directory are you looking in for the log file? It should be in a temp directory such as this: C:\\Users[your user name]\\AppData\\Roaming\\Snoop. The option you're supposed to have checked from the debug menu is &quot;Common Language Runtime Exceptions&quot;. Make sure that the <em>Thrown</em> column is checked.\r<br />\n<br />\nAlso, have you checked that Snoop is running as administrator (or a level at least as high as the application being snooped). When you drag the Snoop button over the application being snooped, the snoop icon should appear (the binoculars are supposed to be replaced with the button you drag over the app).\r<br />\n<br />\nAre you able to snoop any app, or is it that you just can't snoop a certain app in particular?<br />\n<ul>\n<li>Maciek</li>\n</ul>\n",
    "PostedDate": "2013-01-31T09:45:19.76-08:00",
    "UserRole": null,
    "MarkedAsAnswerDate": null
  }
]