[
  {
    "Id": "444687",
    "ThreadId": "213113",
    "Html": "<p>Hey,</p>\r\n<p>I have a large mixed mode (native code and WPF) application that, until we moved it to .NET 4.0, was highly Snoopable.&nbsp; I have downloaded Snoop for WPF 4, both bitnesses.&nbsp; When I run the 32-bit build of this app and then the 32-bit version of Snoop for WPF 4, my application shows up in the list of WPF applications in the Snoop bar, but when I click the binoculars tool (Snoop This Application), the Snoop window never appears.</p>\r\n<p>This application targets the Client Profile of .NET 4, not the full platform, in case that matters.</p>\r\n<p>Anybody else experiencing this?&nbsp; It I decide it's worth the time, any suggestions on where to set breakpoints in Snoop code if I want to download the source and debug it?</p>\r\n<p>Thanks,</p>\r\n<p>Eric</p>",
    "PostedDate": "2010-05-18T21:32:19.683-07:00",
    "UserRole": null,
    "MarkedAsAnswerDate": null
  },
  {
    "Id": "444880",
    "ThreadId": "213113",
    "Html": "<p>Hmm. Your problem is likely the native code interop scenario ... that has never been fully supported in Snoop. It is a little surprising to me that you say it worked for WPF 3.5 ... but that it doesn't for WPF 4.0.</p>\r\n<p>Could you create a small mixed mode (native code and WPF) test application and send it to me? I'll take a look. My email is my first name followed by my last name at gmail.com.</p>",
    "PostedDate": "2010-05-19T07:04:47.333-07:00",
    "UserRole": null,
    "MarkedAsAnswerDate": null
  },
  {
    "Id": "444897",
    "ThreadId": "213113",
    "Html": "<p>Thanks very much for the offer.&nbsp;&nbsp;<span id=\"_mce_start\" style=\"line-height:0;display:none\">﻿</span><span id=\"_mce_start\" style=\"line-height:0;display:none\">﻿</span>I thought we might get lucky.&nbsp; I had created a very simple WPF 4.0 <span id=\"_mce_start\" style=\"line-height:0;display:none\">﻿</span><span id=\"_mce_start\" style=\"line-height:0;display:none\">﻿</span>app sort of like&nbsp;our large application in that it starts up in native code and then starts creating WPF windows, as a repro <span id=\"_mce_start\" style=\"line-height:0;display:none\">﻿</span><span id=\"_mce_start\" style=\"line-height:0;display:none\">﻿</span>for <span id=\"_mce_start\" style=\"line-height:0;display:none\">﻿</span><span id=\"_mce_start\" style=\"line-height:0;display:none\">﻿</span>M<span id=\"_mce_start\" style=\"line-height:0;display:none\">﻿</span><span id=\"_mce_start\" style=\"line-height:0;display:none\">﻿</span>S<span id=\"_mce_start\" style=\"line-height:0;display:none\">﻿</span>F<span id=\"_mce_start\" style=\"line-height:0;display:none\">﻿</span>T<span id=\"_mce_start\" style=\"line-height:0;display:none\">﻿</span> <span id=\"_mce_start\" style=\"line-height:0;display:none\">﻿</span>f<span id=\"_mce_start\" style=\"line-height:0;display:none\">﻿</span>o<span id=\"_mce_start\" style=\"line-height:0;display:none\">﻿</span>r<span id=\"_mce_start\" style=\"line-height:0;display:none\">﻿</span> <span id=\"_mce_start\" style=\"line-height:0;display:none\">﻿</span>a <span id=\"_mce_start\" style=\"line-height:0;display:none\">﻿</span><span id=\"_mce_start\" style=\"line-height:0;display:none\">﻿</span><span id=\"_mce_start\" style=\"line-height:0;display:none\">﻿</span><span id=\"_mce_start\" style=\"line-height:0;display:none\">﻿</span>bug in <span id=\"_mce_start\" style=\"line-height:0;display:none\">﻿</span><span id=\"_mce_start\" style=\"line-height:0;display:none\">﻿</span><span id=\"_mce_start\" style=\"line-height:0;display:none\">﻿</span><span id=\"_mce_start\" style=\"line-height:0;display:none\">﻿</span><span id=\"_mce_start\" style=\"line-height:0;display:none\">﻿</span><span id=\"_mce_start\" style=\"line-height:0;display:none\">﻿</span><span id=\"_mce_start\" style=\"line-height:0;display:none\">﻿</span><span id=\"_mce_start\" style=\"line-height:0;display:none\">﻿</span>mixed-mode call stacks.<span id=\"_mce_start\" style=\"line-height:0;display:none\">﻿</span><span id=\"_mce_start\" style=\"line-height:0;display:none\">﻿</span>&nbsp; I expected Snoop to fail on that as well, but it didn't.&nbsp; Since now I have a case that works and a case that doesn't<span id=\"_mce_start\" style=\"line-height:0;display:none\">﻿</span><span id=\"_mce_start\" style=\"line-height:0;display:none\">﻿</span>,<span id=\"_mce_start\" style=\"line-height:0;display:none\">﻿</span> <span id=\"_mce_start\" style=\"line-height:0;display:none\">﻿</span>t<span id=\"_mce_start\" style=\"line-height:0;display:none\">﻿</span>h<span id=\"_mce_start\" style=\"line-height:0;display:none\">﻿</span>o<span id=\"_mce_start\" style=\"line-height:0;display:none\">﻿</span>u<span id=\"_mce_start\" style=\"line-height:0;display:none\">﻿</span>g<span id=\"_mce_start\" style=\"line-height:0;display:none\">﻿</span>h, it would <span id=\"_mce_start\" style=\"line-height:0;display:none\">﻿</span><span id=\"_mce_start\" style=\"line-height:0;display:none\">﻿<span id=\"_mce_start\" style=\"line-height:0;display:none\">﻿</span></span><span id=\"_mce_start\" style=\"line-height:0;display:none\">﻿<span id=\"_mce_start\" style=\"line-height:0;display:none\">﻿</span></span><span id=\"_mce_start\" style=\"line-height:0;display:none\">﻿<span id=\"_mce_start\" style=\"line-height:0;display:none\">﻿</span><span id=\"_mce_start\" style=\"line-height:0;display:none\">﻿</span></span><span id=\"_mce_start\" style=\"line-height:0;display:none\">﻿</span><span id=\"_mce_start\" style=\"line-height:0;display:none\">﻿</span><span id=\"_mce_start\" style=\"line-height:0;display:none\">﻿</span><span id=\"_mce_start\" style=\"line-height:0;display:none\">﻿</span><span id=\"_mce_start\" style=\"line-height:0;display:none\">﻿</span><span id=\"_mce_start\" style=\"line-height:0;display:none\">﻿</span>probably take less time for me to&nbsp;download the Snoop source and try to debug it here rather than try to figure out what feature of our main application is what triggers Snoop to fail.&nbsp; I'm going to attempt to reserve tomorrow to do that.</p>\r\n<p>Thanks,</p>\r\n<p>Eric</p>",
    "PostedDate": "2010-05-19T07:24:56.843-07:00",
    "UserRole": null,
    "MarkedAsAnswerDate": null
  },
  {
    "Id": "444903",
    "ThreadId": "213113",
    "Html": "<p>Cool. Let me know what you find out.</p>",
    "PostedDate": "2010-05-19T07:30:37.717-07:00",
    "UserRole": null,
    "MarkedAsAnswerDate": null
  },
  {
    "Id": "445105",
    "ThreadId": "213113",
    "Html": "<p>Well, I got a little time today, and I figured out the problem.&nbsp; Snoop assumes that Application.Current.MainWindow is a legit window that it can set as the owner of its UI.&nbsp;&nbsp;However, if your WPF app creates other collapsed windows before creating the application's real main window, Application.Current.MainWindow will be the first window that you created, no matter what state it is in.&nbsp; If it is Collapsed, Snoop throws an exception when it sets the Owner of SnoopUI to that collapsed window, and Show never gets called.</p>\r\n<p>The fix I have made (and can pass along) is to check the Visibility of Application.Current.MainWindow, and if it is not Visible, walk the Application.Current.Windows list until finding a window that *is* visible, and set *that* as the owner of SnoopUI.&nbsp; If no Visible window is found, put up a message box.&nbsp; There could be some debate whether Hidden windows should be allowed to own the SnoopUI.&nbsp; But who would run Snoop on an app that has all of its windows hidden?&nbsp; So I doubt it.</p>\r\n<p>Nice thing is, this had nothing to do with this being a mixed-mode application.&nbsp; It's not at all clear why this wouldn't have tripped up Snoop in .NET 3.5, but now that it works, I don't care enough to go figure that out.</p>\r\n<p>It was definitely fun figuring out how to debug both sides of Snoop.</p>\r\n<p>Thanks,</p>\r\n<p>Eric</p>",
    "PostedDate": "2010-05-19T13:28:38.967-07:00",
    "UserRole": null,
    "MarkedAsAnswerDate": null
  },
  {
    "Id": "445116",
    "ThreadId": "213113",
    "Html": "<p>Please do pass along the fix and I will look at incorporating it into the code base. Even better if you pass along the test harness demonstrating the problem too ... so I can verify I'm not munging something up as I integrate it.</p>",
    "PostedDate": "2010-05-19T13:38:52.183-07:00",
    "UserRole": null,
    "MarkedAsAnswerDate": null
  },
  {
    "Id": "447184",
    "ThreadId": "213113",
    "Html": "<p>This has been integrated and fixed:&nbsp;<a href=\"http://snoopwpf.codeplex.com/WorkItem/View.aspx?WorkItemId=4741\">http://snoopwpf.codeplex.com/WorkItem/View.aspx?WorkItemId=4741</a></p>\r\n<p>It will be in version 2.5.2.</p>",
    "PostedDate": "2010-05-25T09:37:26.463-07:00",
    "UserRole": null,
    "MarkedAsAnswerDate": null
  }
]