[
  {
    "Id": "803293",
    "ThreadId": "346754",
    "Html": "\r\n<p>I needed to examine my WPF application so I just now downloaded and installed the latest version.&nbsp; I'm running from the Visual Studio 2010 debugger, .NET4, Windows7.&nbsp; When I click on the binoculars&nbsp;for my app, I get a System.Reflection.TargetInvocationException.&nbsp;\r\n So I tried it on a smaller WPF test application and on that I get System.IO.File.Not.FoundException for Snoop.XmlSerializers, Version 2.6.1.0.&nbsp; I didn't get any errors during the Snoop install.</p>\r\n<div id=\"_mcePaste\" style=\"width:1px; height:1px; overflow:hidden; top:0px; left:-10000px\">\r\n&#65279;</div>\r\n",
    "PostedDate": "2012-02-29T10:48:33.083-08:00",
    "UserRole": null,
    "MarkedAsAnswerDate": null
  },
  {
    "Id": "803415",
    "ThreadId": "346754",
    "Html": "<p>I tried running my app outside of the debugger and Snooping it and I get:</p>\r\n<p>Unhandled Exception: System.Reflection.TargetInvocationException: Exception has<br />been thrown by the target of an invocation. ---&gt; System.NullReferenceException:<br />Object reference not set to an instance of an object.<br />&nbsp;&nbsp; at Snoop.SnoopUI.GoBabyGo()<br />&nbsp;&nbsp; --- End of inner exception stack trace ---<br />&nbsp;&nbsp; at System.RuntimeMethodHandle._InvokeMethodFast(IRuntimeMethodInfo method, Ob<br />ject target, Object[] arguments, SignatureStruct&amp; sig, MethodAttributes methodAt<br />tributes, RuntimeType typeOwner)<br />&nbsp;&nbsp; at System.RuntimeMethodHandle.InvokeMethodFast(IRuntimeMethodInfo method, Obj<br />ect target, Object[] arguments, Signature sig, MethodAttributes methodAttributes<br />, RuntimeType typeOwner)<br />&nbsp;&nbsp; at System.Reflection.RuntimeMethodInfo.Invoke(Object obj, BindingFlags invoke<br />Attr, Binder binder, Object[] parameters, CultureInfo culture, Boolean skipVisib<br />ilityChecks)<br />&nbsp;&nbsp; at System.Reflection.RuntimeMethodInfo.Invoke(Object obj, BindingFlags invoke<br />Attr, Binder binder, Object[] parameters, CultureInfo culture)<br />&nbsp;&nbsp; at MessageHookProc(Int32 nCode, UInt32 wparam, Int32 lparam)<br />&nbsp;&nbsp; at MS.Win32.UnsafeNativeMethods.IntGetMessageW(MSG&amp; msg, HandleRef hWnd, Int3<br />2 uMsgFilterMin, Int32 uMsgFilterMax)<br />&nbsp;&nbsp; at MS.Win32.UnsafeNativeMethods.GetMessageW(MSG&amp; msg, HandleRef hWnd, Int32 u<br />MsgFilterMin, Int32 uMsgFilterMax)<br />&nbsp;&nbsp; at System.Windows.Threading.Dispatcher.GetMessage(MSG&amp; msg, IntPtr hwnd, Int3<br />2 minMessage, Int32 maxMessage)<br />&nbsp;&nbsp; at System.Windows.Threading.Dispatcher.PushFrameImpl(DispatcherFrame frame)<br />&nbsp;&nbsp; at System.Windows.Threading.Dispatcher.PushFrame(DispatcherFrame frame)<br />&nbsp;&nbsp; at System.Windows.Application.RunDispatcher(Object ignore)<br />&nbsp;&nbsp; at System.Windows.Application.RunInternal(Window window)<br />&nbsp;&nbsp; at System.Windows.Application.Run(Window window)<br />&nbsp;&nbsp; at System.Windows.Application.Run()<br />&nbsp;&nbsp; at LWDMatch.App.Main() in D:\\src\\LWDMatch\\obj\\Debug\\App.g.cs:line 0</p>",
    "PostedDate": "2012-02-29T14:06:44.203-08:00",
    "UserRole": null,
    "MarkedAsAnswerDate": null
  },
  {
    "Id": "803446",
    "ThreadId": "346754",
    "Html": "<p>I did a quick search and found this:&nbsp;<a href=\"http://stackoverflow.com/questions/294659/why-did-i-get-an-error-with-my-xmlserializer\">http://stackoverflow.com/questions/294659/why-did-i-get-an-error-with-my-xmlserializer</a></p>\r\n<p>See if anything in there helps you. Report back if it does.</p>",
    "PostedDate": "2012-02-29T14:52:00.467-08:00",
    "UserRole": null,
    "MarkedAsAnswerDate": null
  },
  {
    "Id": "803458",
    "ThreadId": "346754",
    "Html": "<p>I guess I wasn't clear.&nbsp; My app runs fine until I try to Snoop it and then I get this error as soon as I click on the binoculars.&nbsp; I'm not doing any overt XML serializing.</p>",
    "PostedDate": "2012-02-29T15:37:39.233-08:00",
    "UserRole": null,
    "MarkedAsAnswerDate": null
  },
  {
    "Id": "803471",
    "ThreadId": "346754",
    "Html": "<p>Okay, for the test app I turned off all the Visual Studio 2010 'exceptions' and now I can Snoop it with the XMLSerializers missing exception. But still get the exception on my main app even with all the VS exceptions turned off.</p>",
    "PostedDate": "2012-02-29T16:16:52.553-08:00",
    "UserRole": null,
    "MarkedAsAnswerDate": null
  },
  {
    "Id": "803475",
    "ThreadId": "346754",
    "Html": "<p>I did understand you ... Snoop is not doing any XML serializing either. I've heard of this error once before ... but I have never been able to reproduce it.</p>\r\n<p>What I would do, if I were you, is to download the source code for Snoop and debug it yourself. If you can pinpoint where the exception is getting thrown ... or why ... that would be a big help. I mean, I can see that it is probably happening in the GoBabyGo method from the stack above ... but where at in that method?</p>\r\n<p>Let me know if you discover anything.</p>",
    "PostedDate": "2012-02-29T16:30:49.707-08:00",
    "UserRole": null,
    "MarkedAsAnswerDate": null
  },
  {
    "Id": "803486",
    "ThreadId": "346754",
    "Html": "<p>Okay, I downloaded and built the debug version and when I run with that I don't get any exception and can Snoop fine.&nbsp; I don't have Wix so I don't know if I could build a release version or not but at this point I'd suspect some kind of release optimization maybe causing it to act differently than the debug version?</p>",
    "PostedDate": "2012-02-29T17:03:04.253-08:00",
    "UserRole": null,
    "MarkedAsAnswerDate": null
  },
  {
    "Id": "803487",
    "ThreadId": "346754",
    "Html": "<p>Try building the release version ... and using that. I would be curious to know if you then get the exception.</p>\r\n<p>And, yes, if you don't have WiX installed, you won't be able to build the installer. That's okay, though. You can either unload the installer project or just let it fail.</p>\r\n<p>Let me know if you still get the exception with the Release (but built) version.</p>",
    "PostedDate": "2012-02-29T17:07:29.97-08:00",
    "UserRole": null,
    "MarkedAsAnswerDate": null
  },
  {
    "Id": "803492",
    "ThreadId": "346754",
    "Html": "<p>I build the Release version and tried with that.&nbsp; Now I'm getting an error message box about failing to attach to my app because it can't find the file specified, even though the message is showing the name and title bar from my app.&nbsp; I have a jpeg of the error but don't see a way to attach an image to a message here?</p>\r\n<p>&nbsp;</p>",
    "PostedDate": "2012-02-29T17:40:28.717-08:00",
    "UserRole": null,
    "MarkedAsAnswerDate": null
  },
  {
    "Id": "803497",
    "ThreadId": "346754",
    "Html": "<p>I'm going to copy this discussion to a work item ... you can attach the jpg there ... as well as your small test harness. Give me a moment to create the work item.</p>",
    "PostedDate": "2012-02-29T17:47:32.023-08:00",
    "UserRole": null,
    "MarkedAsAnswerDate": null
  },
  {
    "Id": "803498",
    "ThreadId": "346754",
    "Html": "This discussion has been copied to a work item. Click <a href=\"http://snoopwpf.codeplex.com/workitem/7775\">here</a> to go to the work item and continue the discussion.",
    "PostedDate": "2012-02-29T17:50:01.37-08:00",
    "UserRole": null,
    "MarkedAsAnswerDate": null
  }
]