[
  {
    "Id": "708576",
    "ThreadId": "282085",
    "Html": "\r\n<p>I've noticed that when I edit filter sets they are only persisted against that snooped application.&nbsp; I'd like to be able to copy the sets to other applications, or edit some master (default)&nbsp;filter sets so that my changes are applied for all snooped\r\n applications.</p>\r\n<p>Where are these filter sets stored so I can at least do this manually?</p>\r\n",
    "PostedDate": "2011-12-06T22:02:02.7-08:00",
    "UserRole": null,
    "MarkedAsAnswerDate": null
  },
  {
    "Id": "730527",
    "ThreadId": "282085",
    "Html": "<p>Zodman,</p>\r\n<p>I just noticed this post ... sorry for the late reply. I haven't had much free time lately.</p>\r\n<p>Yesterday, I responded to a fellow ... where his main Snoop UI was showing up 1 pixel high. In that post, I give some information that answers your question.</p>\r\n<p>And, yes, this is an area that I wish to refactor at some point. When I first implemented user settings, I had no idea that injecting into the Snooped process would complicate user settings ... but it does.</p>\r\n<p>Glad to see that you're using filter sets ... I know @volleynerd will appreciate knowing that (he wrote it).</p>\r\n<p>Cory</p>",
    "PostedDate": "2012-01-25T07:42:31.263-08:00",
    "UserRole": null,
    "MarkedAsAnswerDate": null
  },
  {
    "Id": "730539",
    "ThreadId": "282085",
    "Html": "<p>Here is a direct link the post I mention above:&nbsp;<a href=\"http://snoopwpf.codeplex.com/discussions/287272\">http://snoopwpf.codeplex.com/discussions/287272</a></p>",
    "PostedDate": "2012-01-25T07:55:26.793-08:00",
    "UserRole": null,
    "MarkedAsAnswerDate": null
  },
  {
    "Id": "814929",
    "ThreadId": "282085",
    "Html": "\r\n<div>\r\n<p><span style=\"font-size:11.0pt; font-family:\">Hi Cory,</span></p>\r\n<p><span style=\"font-size:11.0pt; font-family:\"></span></p>\r\n<p><span style=\"font-size:11.0pt; font-family:\">Sorry for –my- late reply. Without a portable device I don’t get around to reading my personal email very often!</span></p>\r\n<p><span style=\"font-size:11.0pt; font-family:\"></span></p>\r\n<p><span style=\"font-size:11.0pt; font-family:\">Just wanted to tell you this works great and does what I want. Being able to edit the filtersets is crucial for me; please thank volleynerd!</span></p>\r\n<p><span style=\"font-size:11.0pt; font-family:\"></span></p>\r\n<p><span style=\"font-size:11.0pt; font-family:\">If you ever get to refactor this area, I’d recommend having a master set of filter sets as well as updated filter sets for individual applications.</span></p>\r\n<p><span style=\"font-size:11.0pt; font-family:\"></span></p>\r\n<p><span style=\"font-size:11.0pt; font-family:\">Thanks heaps. I wish I could spend some time of my own to help out as I use Snoop almost daily.</span></p>\r\n<p><span style=\"font-size:11.0pt; font-family:\"></span></p>\r\n<p><span style=\"font-size:11.0pt; font-family:\">Cheers,</span></p>\r\n<p><span style=\"font-size:11.0pt; font-family:\">Carl.</span></p>\r\n<p><span style=\"font-size:11.0pt; font-family:\"></span></p>\r\n<div style=\"border:none; border-left:solid blue 1.5pt; padding:0cm 0cm 0cm 4.0pt\">\r\n<div>\r\n<div style=\"border:none; border-top:solid #B5C4DF 1.0pt; padding:3.0pt 0cm 0cm 0cm\">\r\n<p><b><span lang=\"EN-US\" style=\"font-size:10.0pt; font-family:\">From:</span></b><span lang=\"EN-US\" style=\"font-size:10.0pt; font-family:\"> cplotts [email removed]\r\n<br>\r\n<b>Sent:</b> Wednesday, 25 January 2012 11:43 PM<br>\r\n<b>To:</b> carl.orion.scarlett@gmail.com<br>\r\n<b>Subject:</b> Re: Copy/Backup Filter Sets [snoopwpf:282085]</span></p>\r\n</div>\r\n</div>\r\n<p></p>\r\n<p><span style=\"font-size:9.0pt; font-family:\">From: cplotts</span></p>\r\n<div id=\"ThreadNotificationPostBody\" style=\"margin-bottom:24.0pt\">\r\n<p><span style=\"font-size:9.0pt; font-family:\">Zodman,</span></p>\r\n<p><span style=\"font-size:9.0pt; font-family:\">I just noticed this post ... sorry for the late reply. I haven't had much free time lately.</span></p>\r\n<p><span style=\"font-size:9.0pt; font-family:\">Yesterday, I responded to a fellow ... where his main Snoop UI was showing up 1 pixel high. In that post, I give some information that answers your question.</span></p>\r\n<p><span style=\"font-size:9.0pt; font-family:\">And, yes, this is an area that I wish to refactor at some point. When I first implemented user settings, I had no idea that injecting into the Snooped process would complicate user settings ... but it does.</span></p>\r\n<p><span style=\"font-size:9.0pt; font-family:\">Glad to see that you're using filter sets ... I know @volleynerd will appreciate knowing that (he wrote it).</span></p>\r\n<p><span style=\"font-size:9.0pt; font-family:\">Cory</span></p>\r\n</div>\r\n</div>\r\n</div>\r\n",
    "PostedDate": "2012-03-23T19:09:55.047-07:00",
    "UserRole": null,
    "MarkedAsAnswerDate": null
  }
]