[
  {
    "Id": "836332",
    "ThreadId": "355771",
    "Html": "\r\n<p>The method tab is awesome, but there's no documentation.</p>\r\n<p>Will I ever be able to invoke my own methods on the selected object (or even some other object)?&nbsp; That would be&nbsp;extremely useful!</p>\r\n",
    "PostedDate": "2012-05-14T16:58:42.983-07:00",
    "UserRole": null,
    "MarkedAsAnswerDate": null
  },
  {
    "Id": "836363",
    "ThreadId": "355771",
    "Html": "<p>Yeah, the documentation needs to be updated. You should be able to invoke your own methods on the selected object. However, note that currently, the methods have to be <strong>public </strong>(going back, I should have added support for non-public methods as well, but I  guess it's not too late to do that). As of now, you can invoke your own public methods on the selected object and the data context.</p>\n<p>You can also invoke a public method on a public property of the selected object by clicking \"Change Target\", and then delving into the property whose method you want to invoke (and to call a method on a property of the data context you would simply delve into the  data context, and then delve deeper into its properties).&nbsp;</p>\n<p>Bringing up concerns or issues like this is always appreciated.</p>",
    "PostedDate": "2012-05-14T18:43:43.827-07:00",
    "UserRole": null,
    "MarkedAsAnswerDate": null
  },
  {
    "Id": "839184",
    "ThreadId": "355771",
    "Html": "<p>Just tested using Change Target and it's exactly what I need.&nbsp; Awesome job guys!</p>\r\n<p>The UI on the Change Target screen is a bit dodgy but it works OK.</p>\r\n<p>Thanks again!</p>",
    "PostedDate": "2012-05-21T19:44:21.007-07:00",
    "UserRole": null,
    "MarkedAsAnswerDate": null
  }
]