[
  {
    "Id": "842879",
    "ThreadId": "357771",
    "Html": "\r\n<p>Hi, I just blogged about&nbsp;<a href=\"diniscruz.blogspot.co.uk/2012/05/o2-script-to-inject-snoop-into-process.html\">O2 Script to Inject Snoop into process with WPF control</a>&nbsp;which contains a couple videos of Snoop in action.</p>\r\n<p>Here is the Gist (<a href=\"https://gist.github.com/2840056\">https://gist.github.com/2840056</a>)&nbsp;with the O2 Script that I wrote which consumed the Injection workflow from Snoop.exe.</p>\r\n<p>Thanks for creating such great tool</p>\r\n",
    "PostedDate": "2012-05-30T18:23:44.26-07:00",
    "UserRole": null,
    "MarkedAsAnswerDate": null
  },
  {
    "Id": "843352",
    "ThreadId": "357771",
    "Html": "<p>Interesting ... and fun to see you using Snoop ...</p>\r\n<p>What is O2 Script?</p>",
    "PostedDate": "2012-05-31T17:41:13.663-07:00",
    "UserRole": null,
    "MarkedAsAnswerDate": null
  },
  {
    "Id": "844146",
    "ThreadId": "357771",
    "Html": "<p>An O2 Script is what I call the C# REPL scripts that I create with the <a href=\"http://o2platform.wordpress.com\">OWASP O2 Platform</a>.</p>\r\n<p>You can see them in action here:&nbsp;<a href=\"http://diniscruz.blogspot.co.uk/2012/06/video-injecting-c-dlls-into-managed-c.html\">Video: Injecting C# DLLs into Managed (C#) and Unmanaged (C++) processes</a>&nbsp;or&nbsp;<a href=\"http://www.youtube.com/watch?v=JDLUJQnd_zE\">http://www.youtube.com/watch?v=JDLUJQnd_zE</a></p>\r\n<p>At the end of this post&nbsp;<a href=\"http://diniscruz.blogspot.co.uk/2012/05/o2-script-to-inject-snoop-into-process.html\">http://diniscruz.blogspot.co.uk/2012/05/o2-script-to-inject-snoop-into-process.html</a>&nbsp;you can see the script that created one of my first injectors based on the Snoop APIs (note that that is pure C#)</p>",
    "PostedDate": "2012-06-03T17:12:00.47-07:00",
    "UserRole": null,
    "MarkedAsAnswerDate": null
  }
]