[
  {
    "Id": "1024160",
    "ThreadId": "438769",
    "Html": "Hello\r<br />\n<br />\nNeed to know which Events are fired in my Application. So I try to use snoop. \r<br />\nBut I don't understand the menue of the tab &quot;Events&quot;.\r<br />\n<br />\nHow to enable all Events? Do I have to check every Checkbox individually?\r<br />\n<br />\nWhy is there no button &quot;all&quot;. And why ist that menue called common events?\r<br />\n<br />\nDoes not it make more sense to have 3 options:<br />\n<ul>\n<li>common events</li>\n<li>all events</li>\n<li>\nindividual<br />\n</li>\n</ul>\n",
    "PostedDate": "2013-04-02T03:13:50.51-07:00",
    "UserRole": null,
    "MarkedAsAnswerDate": null
  }
]