[
  {
    "Id": "502206",
    "ThreadId": "229587",
    "Html": "<p>Hello. I have a combobox which contains a collection of custom controls. I'm able to work down the tree into those controls, but when I try to capture any of their events Snoop doesn't catch them. Any suggestions?</p>\r\n<p>Thanks,</p>\r\n<p>Ryan Brown</p>",
    "PostedDate": "2010-10-04T14:11:08.607-07:00",
    "UserRole": null,
    "MarkedAsAnswerDate": null
  },
  {
    "Id": "502717",
    "ThreadId": "229587",
    "Html": "<p>This is likely a similar (if not the same) limitation to the Events tab only working with the main window and not any dialog that you bring up ... as you yourself have noted in&nbsp;<a href=\"http://snoopwpf.codeplex.com/workitem/4984\">http://snoopwpf.codeplex.com/workitem/4984</a>.</p>\r\n<p>Maybe it is time to dive in on this problem ... it might be a day or so however ...</p>\r\n<p>Also, feel free to take a look yourself. Post back here, if you find anything out.</p>\r\n<p>&nbsp;</p>",
    "PostedDate": "2010-10-05T14:46:38.557-07:00",
    "UserRole": null,
    "MarkedAsAnswerDate": null
  }
]