[
  {
    "Id": "413487",
    "ThreadId": "203621",
    "Html": "<p>Just a quick question - I have drilled into a ComboBox element in my app (64-bit, 4.0 .net - awesome job guys!), and my ItemsSource and SelectedItem are both highlighted in red.&nbsp; Could someone let me know what the red highlight signifies?&nbsp; (And if this documented somewhere, let me know so I can read up!)</p>\r\n<p>Thanks,<br>Bob</p>",
    "PostedDate": "2010-03-02T19:55:25.657-08:00",
    "UserRole": null,
    "MarkedAsAnswerDate": null
  },
  {
    "Id": "413665",
    "ThreadId": "203621",
    "Html": "<p>Thanks for the nice feedback and glad to hear that my 64-bit/WPF 4.0 version helped you out. Always good to hear your efforts make a difference.</p>\r\n<p>The red signifies a binding error. As you can see in the following screen shot, there is even a column called 'Binding Errors' that gives you a clue as to what is wrong:<img src=\"http://farm5.static.flickr.com/4057/4404093386_9636908882_o.png\" alt=\"\"></p>\r\n<p>&nbsp;</p>",
    "PostedDate": "2010-03-03T06:25:10.7-08:00",
    "UserRole": null,
    "MarkedAsAnswerDate": null
  },
  {
    "Id": "574085",
    "ThreadId": "203621",
    "Html": "<p>Hello,</p>\r\n<p>I'm just trying out Snoop on an app, and I have a problem with my binding, in that the values aren't showing up in the textboxes.</p>\r\n<p>I fired up Snoop and located the textbox. The Text property is shown in red, like in your snapshot above, but the binding errors column is blank.</p>\r\n<p>How do I find out what the errors are? If I right click and choose Delve, it just shows me the length property, which is zero as the data hasn't come through. If I choose Delve Binding, everything looks fine, no red at all.</p>\r\n<p>Any ideas? Thanks</p>",
    "PostedDate": "2011-03-01T13:47:23.32-08:00",
    "UserRole": null,
    "MarkedAsAnswerDate": null
  },
  {
    "Id": "574097",
    "ThreadId": "203621",
    "Html": "<p>Hi,</p>\r\n<p>First off, choosing 'Delve' ... will delve the property itself ... while choosing 'Delve Binding' will delve the Binding object. So, in other words, 'Delve' on the property itself won't help you in your quest to figure out what is wrong with your data binding.</p>\r\n<p>Choosing 'Display Binding Errors' will bring up a Window with the Binding Error information ... however this right-click menu item won't be available if there is no information displayed in the 'Binding Errors' column ... like you are observing.</p>\r\n<p>I've noticed that sometimes there isn't Binding Error information available. I quickly checked one such situation off the top of my head ... and in that situation there wasn't a DataContext properly specified. Maybe that is your issue?</p>\r\n<p>Hope that helps,</p>\r\n<p>Cory</p>",
    "PostedDate": "2011-03-01T14:09:56.957-08:00",
    "UserRole": null,
    "MarkedAsAnswerDate": null
  },
  {
    "Id": "574448",
    "ThreadId": "203621",
    "Html": "<p>Duh!</p>\r\n<p>I was passing an entity into a window, but I forgot to do anything with that entity, so the data context was empty!</p>\r\n<p>Thanks for the reply.</p>",
    "PostedDate": "2011-03-02T07:15:19.56-08:00",
    "UserRole": null,
    "MarkedAsAnswerDate": null
  },
  {
    "Id": "574461",
    "ThreadId": "203621",
    "Html": "<p>Glad to help! And glad it was that simple ... versus a bug in Snoop!</p>",
    "PostedDate": "2011-03-02T07:40:51.93-08:00",
    "UserRole": null,
    "MarkedAsAnswerDate": null
  }
]