[
  {
    "Id": "528756",
    "ThreadId": "236503",
    "Html": "\r\n<p>Hi,</p>\r\n<p>&nbsp;</p>\r\n<p>I just downloaded latest snoop and tried to snoop a 64bit WPF app on Win7. Although the app appears in the combobox, pressing the snoop icon does nothing. However, as I tried to snoop VS2010 it works fine -&gt; snoop window poped up.</p>\r\n<p>&nbsp;</p>\r\n<p>Any idea?</p>\r\n<p>&nbsp;</p>\r\n<p>Thanks in advance</p>\r\n",
    "PostedDate": "2010-11-30T04:58:19.443-08:00",
    "UserRole": null,
    "MarkedAsAnswerDate": null
  },
  {
    "Id": "528835",
    "ThreadId": "236503",
    "Html": "\r\n<p>In a previous issue, I discovered that&nbsp;the MSVC&#43;&#43; redistributables need to be on the machine. For example, Snoop needs MSVCR100.dll to run ... in the case of Snooping a WPF 4.0 application. See if you can find this dll on your machine. If it isn't there,\r\n install the MSVC&#43;&#43; redistributables.</p>\r\n<p>If that isn't the problem, you can download the source code yourself and try debugging to see what's wrong ... or ... if you have a simple test harness, you can send it to me at my first name followed by my last name at gmail.com. I'd be happy to take a\r\n quick look.</p>\r\n",
    "PostedDate": "2010-11-30T08:09:35.223-08:00",
    "UserRole": null,
    "MarkedAsAnswerDate": null
  },
  {
    "Id": "528858",
    "ThreadId": "236503",
    "Html": "\r\n<p>Thanks for follow up.</p>\r\n<p>&nbsp;</p>\r\n<p>I just checked: <span lang=\"EN-US\" style=\"font-size:9pt\">MSVCR100.dll </span>is on my machine -&gt; should not be the problem.</p>\r\n<p>&nbsp;</p>\r\n<p>I also just tried to create a small sample app, but this worked as expected.</p>\r\n<p>&nbsp;</p>\r\n<p>I'll get back to you as I have more time to debug snoop.</p>\r\n<p>&nbsp;</p>\r\n<p>Thanks.</p>\r\n",
    "PostedDate": "2010-11-30T08:59:51.307-08:00",
    "UserRole": null,
    "MarkedAsAnswerDate": null
  },
  {
    "Id": "533161",
    "ThreadId": "236503",
    "Html": "\r\n<p>I've noticed the same thing that DierkDroth reports. I'm running on a 64-bit Win7 machine and my app is WPF 4.0. I can snoop VisualStudio, but when I click to snoop my app I get a brief spinner but nothing happens.</p>\r\n<p>Clicking on magnify does work, though. I just can't snoop.</p>\r\n",
    "PostedDate": "2010-12-08T15:33:40.197-08:00",
    "UserRole": null,
    "MarkedAsAnswerDate": null
  },
  {
    "Id": "533175",
    "ThreadId": "236503",
    "Html": "\r\n<p>I downloaded the source to see if I could find out what was going on. For me, it was crashing with a null reference exception in SnoopUI's ctor, on PresentationTraceSources.Refresh() (the exception was thrown deep down in System.Diagnostics.FilterElement.RefreshRuntimeObject).</p>\r\n<p>Not knowing what this call is supposed to accomplish in your app, in typical software developer fashion I skipped over the call and now everything seems to work. So I made myself my own version of your tool that catches this exception and warns the user\r\n but keeps running.</p>\r\n<p>Does your app rely on the output from the trace listeners, or is this a &quot;valid&quot; fix?</p>\r\n",
    "PostedDate": "2010-12-08T16:44:58.81-08:00",
    "UserRole": null,
    "MarkedAsAnswerDate": null
  },
  {
    "Id": "533191",
    "ThreadId": "236503",
    "Html": "\r\n<p>Interesting - sometimes I get the following error while running the debug build of snoop then trying to load my application:</p>\r\n<p style=\"padding-left:30px\">Error reading user filters from settings. Using defaults.</p>\r\n<p style=\"padding-left:30px\">The property 'PropertyFilterSets' could not be created from it's default value because the default value is of a different type.</p>\r\n<p>I haven't gotten the error yet when launching snoop from within visual studio, so I'm not sure what's causing this error or whether it's related.</p>\r\n",
    "PostedDate": "2010-12-08T17:44:06.133-08:00",
    "UserRole": null,
    "MarkedAsAnswerDate": null
  },
  {
    "Id": "533416",
    "ThreadId": "236503",
    "Html": "\r\n<blockquote style=\"border:solid .1em #ccc; font-style:italic; margin:.25em 1em 0 1em; padding:0 .25em 0 .25em\">\r\n<strong>bsegraves wrote:</strong><br>\r\n<p>I downloaded the source to see if I could find out what was going on. For me, it was crashing with a null reference exception in SnoopUI's ctor, on PresentationTraceSources.Refresh() (the exception was thrown deep down in System.Diagnostics.FilterElement.RefreshRuntimeObject).</p>\r\n<p>Not knowing what this call is supposed to accomplish in your app, in typical software developer fashion I skipped over the call and now everything seems to work. So I made myself my own version of your tool that catches this exception and warns the user\r\n but keeps running.</p>\r\n<p>Does your app rely on the output from the trace listeners, or is this a &quot;valid&quot; fix?</p>\r\n</blockquote>\r\n<p>Thanks for posting, bsgreaves, ... I will look into this.</p>\r\n",
    "PostedDate": "2010-12-09T06:59:10.917-08:00",
    "UserRole": null,
    "MarkedAsAnswerDate": null
  },
  {
    "Id": "533496",
    "ThreadId": "236503",
    "Html": "\r\n<p>So I tried calling PresentationTraceSources.Refresh() from within my own app and wouldn't you know it - I get the same NullReferenceException. I was able to find the offending line in my app.config and comment it out, however attempting to create a test\r\n app with just that config option failed to produce the error in the test app. We have a pretty big WPF app, so there's something else going on.</p>\r\n<p>For what it's worth, our app.config had the following section:</p>\r\n<pre style=\"font-family:consolas\"><span style=\"color:blue\">\t&lt;</span><span style=\"color:#a31515\">system.diagnostics</span><span style=\"color:blue\">&gt;</span><br><span style=\"color:blue\">\t\t&lt;</span><span style=\"color:#a31515\">sources</span><span style=\"color:blue\">&gt;</span><br><span style=\"color:blue\">\t\t\t&lt;</span><span style=\"color:#a31515\">source</span><span style=\"color:blue\">&nbsp;</span><span style=\"color:red\">propagateActivity</span><span style=\"color:blue\">=</span>&quot;<span style=\"color:blue\">true</span>&quot;<span style=\"color:blue\">&nbsp;</span><span style=\"color:red\">name</span><span style=\"color:blue\">=</span>&quot;<span style=\"color:blue\">System.ServiceModel</span>&quot;<span style=\"color:blue\">&nbsp;</span><span style=\"color:red\">switchValue</span><span style=\"color:blue\">=</span>&quot;<span style=\"color:blue\">Information,&nbsp;ActivityTracing</span>&quot;<span style=\"color:blue\">&gt;</span><br><span style=\"color:blue\">\t\t\t\t&lt;</span><span style=\"color:#a31515\">listeners</span><span style=\"color:blue\">&gt;</span><br><span style=\"color:blue\">\t\t\t\t\t&lt;</span><span style=\"color:#a31515\">add</span><span style=\"color:blue\">&nbsp;</span><span style=\"color:red\">type</span><span style=\"color:blue\">=</span>&quot;<span style=\"color:blue\">System.Diagnostics.DefaultTraceListener</span>&quot;<span style=\"color:blue\">&nbsp;</span><span style=\"color:red\">name</span><span style=\"color:blue\">=</span>&quot;<span style=\"color:blue\">Default</span>&quot;<span style=\"color:blue\">&gt;</span><br><span style=\"color:blue\">\t\t\t\t\t\t&lt;</span><span style=\"color:#a31515\">filter</span><span style=\"color:blue\">&nbsp;</span><span style=\"color:red\">type</span><span style=\"color:blue\">=</span>&quot;&quot;<span style=\"color:blue\">/&gt;</span><br><span style=\"color:blue\">\t\t\t\t\t&lt;/</span><span style=\"color:#a31515\">add</span><span style=\"color:blue\">&gt;</span><br><span style=\"color:blue\">\t\t\t\t\t&lt;</span><span style=\"color:#a31515\">add</span><span style=\"color:blue\">&nbsp;</span><span style=\"color:red\">initializeData</span><span style=\"color:blue\">=</span>&quot;<span style=\"color:blue\">c:\\app.svclog</span>&quot;<span style=\"color:blue\">&nbsp;</span><span style=\"color:red\">type</span><span style=\"color:blue\">=</span>&quot;<span style=\"color:blue\">System.Diagnostics.XmlWriterTraceListener</span>&quot;<span style=\"color:blue\">&nbsp;</span><span style=\"color:red\">name</span><span style=\"color:blue\">=</span>&quot;<span style=\"color:blue\">traceListener</span>&quot;<span style=\"color:blue\">&nbsp;</span><span style=\"color:red\">traceOutputOptions</span><span style=\"color:blue\">=</span>&quot;<span style=\"color:blue\">Timestamp</span>&quot;<span style=\"color:blue\">&gt;</span><br><span style=\"color:blue\">\t\t\t\t\t\t&lt;</span><span style=\"color:#a31515\">filter</span><span style=\"color:blue\">&nbsp;</span><span style=\"color:red\">type</span><span style=\"color:blue\">=</span>&quot;&quot;<span style=\"color:blue\">/&gt;</span><br><span style=\"color:blue\">\t\t\t\t\t&lt;/</span><span style=\"color:#a31515\">add</span><span style=\"color:blue\">&gt;</span><br><span style=\"color:blue\">\t\t\t\t&lt;/</span><span style=\"color:#a31515\">listeners</span><span style=\"color:blue\">&gt;</span><br><span style=\"color:blue\">\t\t\t&lt;/</span><span style=\"color:#a31515\">source</span><span style=\"color:blue\">&gt;</span><br><span style=\"color:blue\">\t\t&lt;/</span><span style=\"color:#a31515\">sources</span><span style=\"color:blue\">&gt;</span><br><span style=\"color:blue\">\t&lt;/</span><span style=\"color:#a31515\">system.diagnostics</span><span style=\"color:blue\">&gt;</span><br><br>If I commented out the empty filter types, my app no longer crashed when I called PresentationTraceSources.Refresh(). Also, my app now loads with Snoop 2.6.0 - I no longer need to use my homebrew version.<br><br>Hope this helps.<br></pre>\r\n",
    "PostedDate": "2010-12-09T08:48:41.313-08:00",
    "UserRole": null,
    "MarkedAsAnswerDate": null
  },
  {
    "Id": "582102",
    "ThreadId": "236503",
    "Html": "<p>We were also getting this issue (SnoopUI not showing up after injection); and I came to the same NullReferenceException when trying to debug it.</p>\r\n<p>Commenting out/removing empty &lt;filter/&gt; Elements does indeed fix this problem, but this really sounds like an issue that should be on Connect.</p>",
    "PostedDate": "2011-03-17T07:40:05.767-07:00",
    "UserRole": null,
    "MarkedAsAnswerDate": null
  },
  {
    "Id": "594167",
    "ThreadId": "236503",
    "Html": "<p>Just going through my inbox and cleaning up some stuff ... this is very interesting ... and I just wanted to thank you guys (bsegraves and BhaaL) for posting your experiences.</p>\r\n<p>I will definitely point others to this discussion as something to try out/look into ... when they can see their app in the app chooser but are unable to Snoop it due to a NullReferenceException.</p>",
    "PostedDate": "2011-04-08T07:09:22.82-07:00",
    "UserRole": null,
    "MarkedAsAnswerDate": null
  },
  {
    "Id": "610350",
    "ThreadId": "236503",
    "Html": "<p>Has anything been done on this? I have been using Snoop on an app in development for some time, and just today it's won't let me. Like others have described, the app shows up in the drop-down, but clicking the \"Snoop\" button doesn't do anything. I can magnify without problem.</p>",
    "PostedDate": "2011-05-10T10:04:58.7-07:00",
    "UserRole": null,
    "MarkedAsAnswerDate": null
  },
  {
    "Id": "610393",
    "ThreadId": "236503",
    "Html": "<p>Have you tried the suggestion that @bsgreaves gives? Have you tried debugging it yourself (after dowloading and compiling the source code)?</p>\r\n<p>Note that the issue, that the workaround @bsgreaves helps with, has nothing to do with Snoop. Admittedly, it would be nice to have some sort of message when Snoop(ing) fails ... that hopefully also has a clue of why it failed ... but I haven't gotten to that yet.</p>\r\n<p>Post back here, especially if it is a different issue ... or simply create another discussion item.</p>\r\n<p>Good luck! Let me know how it goes ... or what you find out.</p>",
    "PostedDate": "2011-05-10T11:00:59.36-07:00",
    "UserRole": null,
    "MarkedAsAnswerDate": null
  },
  {
    "Id": "610908",
    "ThreadId": "236503",
    "Html": "<p>Hello,</p>\r\n<p>Thanks for the reply. I couldn't try that suggestion, because I couldn't build the solution. When I loaded it up, I got multiple errors of the form \"<em>...\\Snoop\\ManagedInjector\\ManagedInjector32-3.5vcxproj cannot be opened because its project type (.vcxproj) is not supported by this version of the application</em>.\" There are four projects with similar names that are unavailable, as is the SnoopInstaller project.</p>\r\n<p>I haven't a clue what this means! I'm using VS 2010 professional if that helps.</p>\r\n<p>What I don't understand is that Snoop has been working fine since I downloaded it (some time ago), and only stopped working yesterday. I don't know of any changes to my machine.</p>\r\n<p>Thanks for any help you can give. All I want is my Snoop back!</p>",
    "PostedDate": "2011-05-11T06:09:32.473-07:00",
    "UserRole": null,
    "MarkedAsAnswerDate": null
  },
  {
    "Id": "610936",
    "ThreadId": "236503",
    "Html": "<p>.vcxproj is the file extension for C++ projects. Did you not install C++ support when installing Visual Studio?</p>\r\n<p>Try doing that and rebuilding ... and then debugging, obviously.</p>",
    "PostedDate": "2011-05-11T07:10:32.197-07:00",
    "UserRole": null,
    "MarkedAsAnswerDate": null
  },
  {
    "Id": "611038",
    "ThreadId": "236503",
    "Html": "<p>Duh! No, I never use C++, so didn't bother installing it when I installing VS. Ho hum, looks like I'm going to have to do that.</p>\r\n<p>Thanks, I'll try it and see how I get on.</p>",
    "PostedDate": "2011-05-11T09:18:49.837-07:00",
    "UserRole": null,
    "MarkedAsAnswerDate": null
  },
  {
    "Id": "612936",
    "ThreadId": "236503",
    "Html": "<p>OK, installed C++ now, but got the error \"<em>blah\\SnoopInstaller\\SnoopInstaller.wixproj cannot be opened because its project type (.wixproj)  is not supported by this version of the application.</em>\" From what I can see, this is to do with Windows Installer. Don't know if I need this just to run the solution.</p>\r\n<p>Anyway, when I tried running it, it failed to build. I got four errors, which were actually the following two twice each...</p>\r\n<p><em>The referenced assembly \"C:\\...\\Build\\Debug\\ManagedInjector32-3.5.dll\" was not found. If this assembly is produced by another one of your projects, please make sure to build that project before building this one.&nbsp;&nbsp;&nbsp; ManagedInjectorLauncher32-3.5</em></p>\r\n<p><em>error MSB8009: .NET Framework 2.0/3.0/3.5 target the v90 platform toolset. Please make sure that Visual Studio 2008 is installed on the machine.&nbsp;&nbsp;&nbsp; C:\\Program Files (x86)\\MSBuild\\Microsoft.Cpp\\v4.0\\Microsoft.CppBuild.targets&nbsp;&nbsp;&nbsp; 292&nbsp;&nbsp;&nbsp; 6&nbsp;&nbsp;&nbsp; ManagedInjector64-3.5</em></p>\r\n<p>The first error was in the ManagedInjectorLauncher32-3.5 project (no file, line or column), and the second was in the ManagedInjector32-3.5 project, file Microsoft.CppBuild.targets, line 292 column 6.</p>\r\n<p>Actually, just noticed that the duplicated errors were actually different, in that one was in the ManagedInjectorLauncher<strong>32</strong>-3.5 project, and the other was in the ManagedInjectorLauncher<strong>64</strong>-3.5 project. Similarly for the second error.</p>\r\n<p>Anyway, I looked in the SnoopUI ctor as suggested, and it had this code...</p>\r\n<pre style=\"font-family: consolas;\">&nbsp;&nbsp;&nbsp;&nbsp;&nbsp;&nbsp;<span style=\"color: blue;\">try</span>&nbsp;{<br />&nbsp;&nbsp;&nbsp;&nbsp;&nbsp;&nbsp;&nbsp;&nbsp;<span style=\"color: #2b91af;\">PresentationTraceSources</span>.Refresh();<br />&nbsp;&nbsp;&nbsp;&nbsp;&nbsp;&nbsp;}<br />&nbsp;&nbsp;&nbsp;&nbsp;&nbsp;&nbsp;<span style=\"color: blue;\">catch</span>&nbsp;(<span style=\"color: #2b91af;\">Exception</span>&nbsp;ex)&nbsp;{<br />&nbsp;&nbsp;&nbsp;&nbsp;&nbsp;&nbsp;&nbsp;&nbsp;<span style=\"color: #2b91af;\">MessageBox</span>.Show(<span style=\"color: #a31515;\">\"Exception:&nbsp;\"</span>&nbsp;+&nbsp;ex.Message);<br />&nbsp;&nbsp;&nbsp;&nbsp;&nbsp;&nbsp;}<br /></pre>\r\n<p>...so if the problem is the same one as suggested before, I would have expected a message box to pop up. That assumes that the installed version of Snoop I have is the same one as in this source code, but as I have (I think) the latest release (2.6.1), it should be.</p>\r\n<p>Did I miss something else when I updated VS? Any other suggestions? Thanks for any help. I really would like to get Snoop working again.</p>\r\n<p>Thanks</p>",
    "PostedDate": "2011-05-15T04:18:21.19-07:00",
    "UserRole": null,
    "MarkedAsAnswerDate": null
  },
  {
    "Id": "613454",
    "ThreadId": "236503",
    "Html": "<p>MrYossu,</p>\r\n<p>Yes, unless you have WiX installed ... the installer project will not load. That shouldn't stop you from building things (in Debug at least ... the Release configuration does try to build the installer).</p>\r\n<p>Snoop is an application that targets .NET 3.5 ... so that it can Snoop both 3.5 and 4.0 applications. So, in order to build Snoop you will also need to install .NET Framework v3.5 SP1. I do not think you need to install Visual Studio 2008, but I am not 100% positive. I would first install .NET Framework 3.5 SP1 and see if that resolves your not being able to build Snoop. If it doesn't, please post back here ... I would want to know that.</p>\r\n<p>Both those errors you mention above ... are the result of not having .NET Framework 3.5 SP1 installed.</p>\r\n<p>I am confused by the try/catch block you have in your reply ... in the current code, that isn't in place ... in fact, I don't know if it has EVER been in place. I actually do want to put some try/catch blocks (like that) in ... and also some unhandled exception handlers ... in conjunction with log4net ... so that I can more easily help people (like yourself) who have issues with Snoop(ing) something.</p>\r\n<p>So ... you likely put that try/catch in yourself. One thing to know ... is that there are two main pieces to Snoop: the piece that lives in its own process (the app chooser) ... and the piece that gets injected into the Snoop process. So, if the issue is happening on the app chooser side, the try/catch block you put in ... won't catch the exception.</p>\r\n<p>Besides those two main pieces, there is also the injector assemblies and executables. It is possible, that the problem is occurring in one of them too.</p>\r\n<p>One last thing. Apparently, Snoop doesn't handle Snoop(ing) on a different thread. I haven't verified this myself ... but another fellow has looked into it ... and has even provided a potential solution (patch) for it. See&nbsp;<a href=\"http://snoopwpf.codeplex.com/discussions/252086\">http://snoopwpf.codeplex.com/discussions/252086</a>&nbsp;for more info.</p>\r\n<p>Good luck and keep me posted!</p>\r\n<p>Cory</p>",
    "PostedDate": "2011-05-16T10:34:34.87-07:00",
    "UserRole": null,
    "MarkedAsAnswerDate": null
  },
  {
    "Id": "613542",
    "ThreadId": "236503",
    "Html": "<blockquote style=\"border: solid .1em #ccc; font-style: italic; margin: .25em 1em 0 1em; padding: 0 .25em 0 .25em;\">Hi Cory, Thanks for the reply. Here are some answers...<br /></blockquote>\r\n<blockquote style=\"border: solid .1em #ccc; font-style: italic; margin: .25em 1em 0 1em; padding: 0 .25em 0 .25em;\">Snoop is an application that targets .NET 3.5 ... so that it can Snoop both 3.5 and 4.0 applications. So, in order to build Snoop you will also need to install .NET Framework v3.5 SP1. I do not think you need to install Visual Studio 2008, but I am not 100%  positive. I would first install .NET Framework 3.5 SP1 and see if that resolves your not being able to build Snoop. If it doesn't, please post back here ... I would want to know that.\r\n<p>Both those errors you mention above ... are the result of not having .NET Framework 3.5 SP1 installed.</p>\r\n<br /></blockquote>\r\n<p>OK, well I just checked, and I have loads of versions of .NET, including 3.5. I'm not sure if I have 3.5 SP1 or not though. I just downloaded the installer for that, but it doesn't do anything when I try to run it, so it might just have detected that I already have it installed.</p>\r\n<blockquote style=\"border: solid .1em #ccc; font-style: italic; margin: .25em 1em 0 1em; padding: 0 .25em 0 .25em;\">\r\n<p>I am confused by the try/catch block you have in your reply ... in the current code, that isn't in place ... in fact, I don't know if it has EVER been in place. I actually do want to put some try/catch blocks (like that) in ... and also some unhandled exception  handlers ... in conjunction with log4net ... so that I can more easily help people (like yourself) who have issues with Snoop(ing) something.</p>\r\n<p>So ... you likely put that try/catch in yourself.</p>\r\n</blockquote>\r\n<p>I did touch the source code. I grabbed the latest version from codeplex and opened it up. That try/catch block was already in there. I looked for the ctor in SnoopUI as mentioned by bsgreaves. and there it was.</p>\r\n<blockquote style=\"border: solid .1em #ccc; font-style: italic; margin: .25em 1em 0 1em; padding: 0 .25em 0 .25em;\">\r\n<p>One thing to know ... is that there are two main pieces to Snoop: the piece that lives in its own process (the app chooser) ... and the piece that gets injected into the Snoop process. So, if the issue is  happening on the app chooser side, the try/catch block you put in ... won't catch the exception.</p>\r\n</blockquote>\r\n<p>I was working on the comments from bsgreaves above, and searched the entire solution for \"PresentationTraceSources.Refresh\"</p>\r\n<p>I only found one of these, so assumed that was the one he meant.</p>\r\n<p>OK, at this point I'm lost. I haven't had time to look through the Snoop source much (not that I would understand it, C++ isn't my strong point). I just want to have Snoop working again.</p>\r\n<p>Any ideas what I can do? It used to work, but now doesn't. I have no idea why as the solution hasn't changed that much.</p>\r\n<p>Thanks for any help.</p>",
    "PostedDate": "2011-05-16T13:04:37.607-07:00",
    "UserRole": null,
    "MarkedAsAnswerDate": null
  },
  {
    "Id": "613579",
    "ThreadId": "236503",
    "Html": "<p>MrYossu,</p>\r\n<p>Well, maybe you do need to install Visual Studio 2008. If you still can't build Snoop, and you have .NET 3.5 SP1 installed ... the next thing to do is install Visual Studio 2008.</p>\r\n<p>Are you sure that you are looking at the current code (from the 2.6 branch) for Snoop? That try/catch is not around the PresentationTraceSources.Refresh call. If your code has it ... then I am not sure what code you have at all.</p>\r\n<p>Regardless, if you aren't getting a NullReferenceException from the&nbsp;PresentationTraceSources.Refresh call ... then your issue is likely not bsgreaves.</p>\r\n<p>The only thing I can tell you to do is to get to a point where you can compile and debug Snoop ... and see what you can find. So, install Visual Studio 2008 and see if that helps you compile Snoop.</p>\r\n<p>Cory</p>\r\n<p>p.s.</p>\r\n<p>The released bits of Snoop (v2.6.1) are significantly out of date with the latest bits available at&nbsp;<a href=\"http://snoopwpf.codeplex.com/SourceControl/list/changesets\">http://snoopwpf.codeplex.com/SourceControl/list/changesets</a>. However, that try/catch is not in any version of code ... as I have already mentioned.</p>\r\n<p>p.s.s.</p>\r\n<p>I'm sorry Snoop isn't working for you. I know it is painful to not have it working ... that is how I got into maintaining Snoop, actually. That is, Snoop wasn't working for our interop scenario and I worked to figure out why and fixed it. I made those changes available ... and the rest is history.</p>",
    "PostedDate": "2011-05-16T14:28:49.413-07:00",
    "UserRole": null,
    "MarkedAsAnswerDate": null
  },
  {
    "Id": "613800",
    "ThreadId": "236503",
    "Html": "<p>Hi again Cory,</p>\r\n<p>I just downloaded the source code again, and it doesn't ahve the try/catch in it. I'm confused now, I'm sure I didn't add it yet! Must have been a senior moment!</p>\r\n<p>Anyway, I installed VC++ 2008 Express, and that allows me to build all but the ManagedInjector64-3.5.dll project, which gives the error...</p>\r\n<p>\"<em>error MSB8014: Execution path (C:\\Program Files (x86)\\Microsoft Visual Studio 9.0\\VC\\bin\\x86_amd64) could not be found.</em>\"</p>\r\n<p>If I look in the VC++ install directory, it isn't there. If I run Snoop, it asks me if I want to build this project as it's out of date. If I say no, it still runs, and seems to work. With a try/catch around the call mentioned before, it gives a message box about a null reference, but does seem to work.</p>\r\n<p>So, it looks like I might be back in business. Can I just copy the Snoop.exe file into my current install directory, or do I have to uninstall my current version and install this one properly? If so, what do I need to do to install it?</p>\r\n<p>Thanks again for all your help. I'll be so relieved when Snoop is working again! I really don't know why this functionality isn't built in to VS already. I can't imagine writing WPF applications without Snoop.</p>",
    "PostedDate": "2011-05-17T02:39:32.927-07:00",
    "UserRole": null,
    "MarkedAsAnswerDate": null
  },
  {
    "Id": "613923",
    "ThreadId": "236503",
    "Html": "<p>I didn't know this till now (I've never used the Express version of Visual Studio 2008) ... but that version doesn't support 64-bit, C++ projects ... see&nbsp;<a href=\"http://en.wikipedia.org/wiki/Microsoft_Visual_Studio_Express\">http://en.wikipedia.org/wiki/Microsoft_Visual_Studio_Express</a>&nbsp;for more info.&nbsp;So, that is why that one project isn't compiling.</p>\r\n<p>However, if you aren't on a 64-bit operating system, then it shouldn't be a problem. (If you don't want the error when compiling in the future, simply unload that project from the solution.)</p>\r\n<p>If it was me, I would uninstall the old version that you have (so there is no possibility you are running something that doesn't work for you), and simply run Snoop from where you compiled it (create a shortcut to it).</p>\r\n<p>Hmm. So ... we finally get to the issue. Do I understand that you are indeed getting a null reference exception from&nbsp;PresentationTraceSources.Refresh? If so, then maybe your issue is the same as bsgreaves' issue. If that is the case, I would definitely try the workarounds that he has posted earlier in the thread (i.e. modifying the app.config ... or simply commenting out the PresentationTraceSources.Refresh call).</p>\r\n<p>It sounds like you are back in business!</p>\r\n<p>p.s.</p>\r\n<p>The PresentationTraceSources.Refresh call has to do with showing data binding errors when they occur. I have not played with commenting it out ... to see if it has any ill effect ... but if it has any, it would be with showing data binding errors in the property grid.</p>",
    "PostedDate": "2011-05-17T06:49:42.11-07:00",
    "UserRole": null,
    "MarkedAsAnswerDate": null
  },
  {
    "Id": "613982",
    "ThreadId": "236503",
    "Html": "<p>Do you know, if I ever learn to read, it might be quite useful! I was so busy trying to work out what was going on, that I didn't read bsgreaves' post properly. A brief look told me that it wasn't my problem as I wasn't doing anything so clever as using listeners.</p>\r\n<p>I just looked at the app.config, and found empty filters in the listeners section! I commented these out, and Snoop works! Hurray, I've got my Snoop back!</p>\r\n<p>Thanks very much for all your help. It might be worth doing something with that call in the release version, to avoid this problem for others.</p>",
    "PostedDate": "2011-05-17T07:59:08.303-07:00",
    "UserRole": null,
    "MarkedAsAnswerDate": null
  },
  {
    "Id": "614129",
    "ThreadId": "236503",
    "Html": "<p>Glad to hear that you're finally Snoop(ing) again.</p>\r\n<p>I think that I will definitely do something about this issue ... so that this problem doesn't plague others. At the very least, I can put a try/catch block around that call ...</p>",
    "PostedDate": "2011-05-17T11:46:52.337-07:00",
    "UserRole": null,
    "MarkedAsAnswerDate": null
  },
  {
    "Id": "614135",
    "ThreadId": "236503",
    "Html": "This discussion has been copied to a work item. Click <a href=\"http://snoopwpf.codeplex.com/workitem/6647\">here</a> to go to the work item and continue the discussion.",
    "PostedDate": "2011-05-17T11:56:36.99-07:00",
    "UserRole": null,
    "MarkedAsAnswerDate": null
  },
  {
    "Id": "614458",
    "ThreadId": "236503",
    "Html": "<p>Thanks Cory. I added a comment there in case anyone doesn't read this thread.</p>",
    "PostedDate": "2011-05-18T02:07:28.103-07:00",
    "UserRole": null,
    "MarkedAsAnswerDate": null
  }
]