[
  {
    "Id": "842881",
    "ThreadId": "357772",
    "Html": "\r\n<p>Following from&nbsp;<a href=\"diniscruz.blogspot.co.uk/2012/05/o2-script-to-inject-snoop-into-process.html\">being able to use Snoop in O2&nbsp;</a>&nbsp;and scripting its\r\n<a href=\"https://gist.github.com/2840056\">'GoBabyGo' injection process</a>&nbsp;, I was wondering if we can use the&nbsp;ManagedInjector*.dll and&nbsp;ManagedInjectorLauncher*.exe&nbsp;to inject/execute another dll into managed processes.</p>\r\n<p>The code in the&nbsp;ManagedInjector*.dll seems to be quite generic (and not Snoop specific) so it looks like it should be doable.</p>\r\n<p>Anybody as done this before?</p>\r\n<p>Also, is there any documentation of the Injection workflow (i.e how &nbsp;Snoop is injected into another managed process with WPF controls loaded)</p>\r\n<p>Thanks</p>\r\n",
    "PostedDate": "2012-05-30T18:30:08.62-07:00",
    "UserRole": null,
    "MarkedAsAnswerDate": null
  },
  {
    "Id": "843353",
    "ThreadId": "357772",
    "Html": "<p>Yes, the code is fairly generic ... and it should be doable to reuse the ManagedInjector pieces ... I don't know if anyone has done this before ... I would expect they have. Several people have downloaded the code ... just to see how the injection process works.</p>\r\n<p>Unfortunately there is no documentation on the injection workflow. Our documentation is woefully inadequate, in general. I hope to be improving that soon.</p>",
    "PostedDate": "2012-05-31T17:43:26.813-07:00",
    "UserRole": null,
    "MarkedAsAnswerDate": null
  },
  {
    "Id": "844145",
    "ThreadId": "357772",
    "Html": "<p>I was able to do it :)</p>\r\n<p>Here is a demo:&nbsp;<a href=\"http://diniscruz.blogspot.co.uk/2012/06/video-injecting-c-dlls-into-managed-c.html\">Video: Injecting C# DLLs into Managed (C#) and Unmanaged (C++) processes</a></p>\r\n<p>The scripts that create this are at :&nbsp;<a href=\"https://github.com/o2platform/O2.Platform.Scripts/tree/master/3rdParty_Tools/Snoop/Process%20Injection%20Tests\">https://github.com/o2platform/O2.Platform.Scripts/tree/master/3rdParty_Tools/Snoop/Process%20Injection%20Tests</a></p>",
    "PostedDate": "2012-06-03T17:06:17.98-07:00",
    "UserRole": null,
    "MarkedAsAnswerDate": null
  }
]