[
  {
    "Id": "1036975",
    "ThreadId": "441911",
    "Html": "Is it possible to export the whole tree of application using Snoop ?<br />\n",
    "PostedDate": "2013-04-29T00:42:57.09-07:00",
    "UserRole": null,
    "MarkedAsAnswerDate": null
  },
  {
    "Id": "1040031",
    "ThreadId": "441911",
    "Html": "Others have suggested exporting XAML. In terms of exporting the Visual Tree, what format did you have in mind? Do you mean exporting the whole XAML, or a more basic format, such as the element names/types and their children in plain old XML format (or just text with indentation for the children)?<br />\n",
    "PostedDate": "2013-05-06T12:16:16.383-07:00",
    "UserRole": null,
    "MarkedAsAnswerDate": null
  },
  {
    "Id": "1040279",
    "ThreadId": "441911",
    "Html": "Actually XAML export is good enough :)<br />\n",
    "PostedDate": "2013-05-07T01:54:49.243-07:00",
    "UserRole": null,
    "MarkedAsAnswerDate": null
  },
  {
    "Id": "1447046",
    "ThreadId": "441911",
    "Html": "Has there been any progress on this issue? I would be very happy if I could export the tree to anything, including plain old XML.\r<br />\n<br />\n(My goal is to get the exact displayed text strings and their bounding boxes within the window; I don't mind calculating the bboxes from ancestor data.)<br />\n",
    "PostedDate": "2015-10-04T23:31:02.347-07:00",
    "UserRole": null,
    "MarkedAsAnswerDate": null
  },
  {
    "Id": "1447047",
    "ThreadId": "441911",
    "Html": "I missed that this project has moved to GitHub. Continuing there:\r<br />\n<a href=\"https://github.com/cplotts/snoopwpf/issues/38\" rel=\"nofollow\">https://github.com/cplotts/snoopwpf/issues/38</a><br />\n",
    "PostedDate": "2015-10-04T23:35:30.46-07:00",
    "UserRole": null,
    "MarkedAsAnswerDate": null
  }
]