[
  {
    "Id": "948411",
    "ThreadId": "404907",
    "Html": "\r\n<p>I followed the tips in the previous 'Cant Snoop' post without success. Are there instructions on how to get Snoop working with VS2012?</p>\r\n",
    "PostedDate": "2012-11-28T08:11:00.377-08:00",
    "UserRole": null,
    "MarkedAsAnswerDate": null
  },
  {
    "Id": "948490",
    "ThreadId": "404907",
    "Html": "\r\n<p>Hi dgennetten,</p>\r\n<p>Is it that you want to Snoop the Visual Studio 2012 program itself, or do you want to build Snoop with VS2012?</p>\r\n<p>&nbsp;- Maciek</p>\r\n",
    "PostedDate": "2012-11-28T09:49:49.15-08:00",
    "UserRole": null,
    "MarkedAsAnswerDate": null
  },
  {
    "Id": "948492",
    "ThreadId": "404907",
    "Html": "\r\n<p>I want to snoop a WPF app debugging in vs2012.</p>\r\n",
    "PostedDate": "2012-11-28T09:52:13.967-08:00",
    "UserRole": null,
    "MarkedAsAnswerDate": null
  },
  {
    "Id": "948561",
    "ThreadId": "404907",
    "Html": "\r\n<p>With the <a href=\"http://snoopwpf.codeplex.com/discussions/401295\">other post</a>, There was a small typo. Where it says &quot;<span>I tried checking off the CommonLanguageRuntime exception thrown box&quot;, it should be that you should turn ON the CommonLanguageRuntime\r\n exception. When you have &quot;Enable just my code&quot; turned OFF and the&nbsp;CommonLanguageRuntime turned ON (meaning the &quot;Common Language Runtime Exceptions&quot;\r\n<span style=\"text-decoration:underline\">Thrown </span>column is checked), what happens when you try to snoop your app?&nbsp;</span></p>\r\n",
    "PostedDate": "2012-11-28T11:58:41.307-08:00",
    "UserRole": null,
    "MarkedAsAnswerDate": null
  },
  {
    "Id": "948571",
    "ThreadId": "404907",
    "Html": "\r\n<p>It still doesn't show in the snoop dropdown.</p>\r\n",
    "PostedDate": "2012-11-28T12:20:34.857-08:00",
    "UserRole": null,
    "MarkedAsAnswerDate": null
  },
  {
    "Id": "948601",
    "ThreadId": "404907",
    "Html": "\r\n<p>The drop down feature in snoop is obsolete. The way you're supposed to Snoop with version 2.7+ is to drag the cross hairs button onto the application you want to snoop. The cross hairs button is the white button with a cross on it.</p>\r\n",
    "PostedDate": "2012-11-28T13:21:39.537-08:00",
    "UserRole": null,
    "MarkedAsAnswerDate": null
  },
  {
    "Id": "948641",
    "ThreadId": "404907",
    "Html": "\r\n<p>Duh. &nbsp;I was running an old version. Works fine. Thanks.</p>\r\n",
    "PostedDate": "2012-11-28T14:34:07.063-08:00",
    "UserRole": null,
    "MarkedAsAnswerDate": null
  }
]