[
  {
    "Id": "1078438",
    "ThreadId": "452867",
    "Html": "Hey there, love the app. I have some questions though. I am trying to implement a simple application that only finds a specific wpf window and get controls from it based on either the name or classname. I have looked over the source code of your app, but I am more proficient in VB and kind of rusty in C++ and C#. I have spent a week trying to figure out how to get it to work and am still having trouble trying to piece it together. I am starting to get relatively frustrated because I'm sure the answer is simple. If there's any way I could get some help, I would greatly appreciate it.<br />\n",
    "PostedDate": "2013-08-08T13:35:16.327-07:00",
    "UserRole": null,
    "MarkedAsAnswerDate": null
  },
  {
    "Id": "1080207",
    "ThreadId": "452867",
    "Html": "Hi beastmp, \r<br />\n<br />\nThe way Snoop works is that it injects itself into the application being snooped. That means that the Snoop code runs <em>inside</em> the application being snooped. It runs as part of the program being snooped. Therefore, after the injection is done, to do what you want you would have to have snoop pass messages between the program being snooped and the application requesting details about the controls. \r<br />\n<br />\nSo if you're debugging Snoop and stepping through the source code, you would attach your Visual Studio debugger to the application being snooped, <strong>not</strong> Snoop itself.\r<br />\n<br />\nMaciek<br />\n",
    "PostedDate": "2013-08-13T11:34:02.7-07:00",
    "UserRole": null,
    "MarkedAsAnswerDate": null
  },
  {
    "Id": "1080233",
    "ThreadId": "452867",
    "Html": "I think I understand. That's what the C++ ManagedInjector is for? I forgot to mention that this is an external application that I am unable to modify the source code or attach my debugger to.\r<br />\nI've been able to read and understand more of the code since I made my first post, but I'm still having trouble understanding how it retrieves the root visual item from the window object. I feel that if I could just make that connection, I would be able to piece the rest of it together.<br />\n",
    "PostedDate": "2013-08-13T13:00:23.07-07:00",
    "UserRole": null,
    "MarkedAsAnswerDate": null
  }
]