[
  {
    "Id": "290519",
    "ThreadId": "85284",
    "Html": "<p>Hi,</p>\r\n<p>Will it be possible to use Snoop to &quot;open&quot; Silverlight applications?</p>",
    "PostedDate": "2010-02-13T13:09:59.23-08:00",
    "UserRole": null,
    "MarkedAsAnswerDate": null
  },
  {
    "Id": "290542",
    "ThreadId": "85284",
    "Html": "<p>No, Snoop only works with WPF applications.</p>\r\n<p>There is a Snoop-like utility called Silverlight Spy (<a href=\"http://silverlightspy.com/\">http://silverlightspy.com/</a>) that does (obviously) work for Silverlight. It isn't free, but it's very nice.</p>",
    "PostedDate": "2010-02-13T16:00:44.81-08:00",
    "UserRole": null,
    "MarkedAsAnswerDate": null
  }
]