[
  {
    "Id": "1048969",
    "ThreadId": "445046",
    "Html": "I'd really love to be able to change colour values using a colour picker.  A basic colour picker (such as in Blend) would be OK, but ultimately it would be awesome to have a full blown picker like in Photoshop.\r<br />\n<br />\nThis would enable me to use Snoop to not only finalise layout but to finalise colour as well.<br />\n",
    "PostedDate": "2013-05-26T19:15:47.717-07:00",
    "UserRole": null,
    "MarkedAsAnswerDate": null
  },
  {
    "Id": "1054671",
    "ThreadId": "445046",
    "Html": "That is actually a good idea. A color picker (pardon the American spelling :)) would be nice. When we get the chance, we will definitely discuss as a team.\r<br />\n<br />\nAlso, we encourage the community to make enhancements on Snoop via <a href=\"https://github.com/cplotts/snoopwpf\" rel=\"nofollow\">github</a>. If there are problems with it,we are happy to help. Also, if you want to add or fix a feature, and you have problems building or questions about the code base, we are more than happy to help.<br />\n",
    "PostedDate": "2013-06-09T19:15:46.15-07:00",
    "UserRole": null,
    "MarkedAsAnswerDate": null
  },
  {
    "Id": "1054672",
    "ThreadId": "445046",
    "Html": "I'd love to contribute, but I reckon it'd take someone who knows the code a lot less time to drop in some colour picker than it would me.<br />\n",
    "PostedDate": "2013-06-09T19:24:26.21-07:00",
    "UserRole": null,
    "MarkedAsAnswerDate": null
  }
]