[
  {
    "Id": "644978",
    "ThreadId": "265886",
    "Html": "\r\n<p>Hi,</p>\r\n<p>I downloaded Snoop 2.6.1 and installed it on my Win7, 32 bit, system.&nbsp; It only recognizes Visual Studio 2010 as a valid application.&nbsp; I can't get it to find our product applications or any of the MS applications that come with Win7 (notepad, calculator\r\n etc.)&nbsp; I also downloaded a .Net application from the web (Paint .Net) and it wouldn't recognize that either.</p>\r\n<p>Couple questions:</p>\r\n<p>1. I've looked at the documentation and the discussions and I saw that in some cases Snoop has problems finding applications.&nbsp; I've investigated the workarounds for this without any success.&nbsp; Does anyone have any other suggestions as to what might\r\n be wrong?&nbsp; Does Snoop produce a log etc. that might be used for debug?&nbsp; Is there a description of the types of applications that Snoop will recognize?&nbsp; Something like Snoop only finds&nbsp;applications made with WPF controls that also have X\r\n implemented...</p>\r\n<p>2. Is there a free .Net applicaton on the Web that I can as a test.&nbsp; I'm looking for an application that Snoop always recognizes just to determine if the problem is specific to my machine.&nbsp;</p>\r\n<p>Thanks</p>\r\n<p>Jeff</p>\r\n<p>&nbsp;</p>\r\n<p>&nbsp;</p>\r\n",
    "PostedDate": "2011-07-20T07:13:25.74-07:00",
    "UserRole": null,
    "MarkedAsAnswerDate": null
  },
  {
    "Id": "644987",
    "ThreadId": "265886",
    "Html": "<p>Have you downloaded and built the most recent source code and tried using that?</p>\r\n<p>Is the application you are trying to Snoop running elevated (As Administrator) ... but Snoop is not elevated? <em>This is the most likely scenario as this happens all the time to people and I get a lot of questions on it.</em></p>\r\n<p>Adding logging to Snoop is high on the list of to do items ... but unfortunately, there is no log yet.</p>\r\n<p>Snoop only debugs WPF applications, not general .NET applications. Paint.NET is a Windows Forms, general .NET application ... not a WPF application. That is why Snoop won't work for that. Snoop simply looks for the main WPF assemblies in a process that you are trying to Snoop. If it finds them, it allows you to Snoop it.</p>\r\n<p>I would point you to&nbsp;<a href=\"http://familyshow.codeplex.com/\">http://familyshow.codeplex.com/</a>&nbsp;as an example application that you can Snoop.</p>",
    "PostedDate": "2011-07-20T07:26:20.737-07:00",
    "UserRole": null,
    "MarkedAsAnswerDate": null
  },
  {
    "Id": "644995",
    "ThreadId": "265886",
    "Html": "<p>cplotts,</p>\r\n<p>Thanks for the quick reply and the information about how Snoop does its snooping.&nbsp; Unfortunaley,&nbsp;my problem is related to&nbsp;our applications use of winform and not WPF.&nbsp; I installed and ran FamilyShow and Snoop found it right away.</p>\r\n<p>Jeff</p>\r\n<p>&nbsp;</p>\r\n<p>&nbsp;</p>\r\n<p>&nbsp;</p>",
    "PostedDate": "2011-07-20T07:44:14.5-07:00",
    "UserRole": null,
    "MarkedAsAnswerDate": null
  },
  {
    "Id": "644997",
    "ThreadId": "265886",
    "Html": "<p>There are other spying applications for Windows Forms applications ... I personally use wfSpy (<a href=\"http://www.cplotts.com/2009/10/28/an-ode-to-wfspy/\">http://www.cplotts.com/2009/10/28/an-ode-to-wfspy/</a>) and Hawkeye (<a href=\"http://hawkeye.codeplex.com/\">http://hawkeye.codeplex.com/</a>).</p>\r\n<p>If you are a .NET 4.0 application, the version of wfSpy at my blog doesn't work ... I have yet to upload the .NET 4.0 version to CodePlex. If that is your case, you could try Hawkeye first (although it is a little harder to use) ... or if you give me an email address, I could send you the converted .NET 4.0 project directly.</p>",
    "PostedDate": "2011-07-20T07:49:18.79-07:00",
    "UserRole": null,
    "MarkedAsAnswerDate": null
  },
  {
    "Id": "645012",
    "ThreadId": "265886",
    "Html": "<p>Our application is .Net 4..0.&nbsp; I just sent you my email address.&nbsp; I'll checkout wfSpy and Hawkeye.&nbsp; Thanks for the tip.</p>\r\n<p>Jeff</p>\r\n<p>&nbsp;</p>",
    "PostedDate": "2011-07-20T08:16:58.687-07:00",
    "UserRole": null,
    "MarkedAsAnswerDate": null
  }
]