[
  {
    "Id": "798140",
    "ThreadId": "343707",
    "Html": "\r\n<p>Does snoop currently support interaction behaviors and if not are there plans to add this functionality?</p>\r\n",
    "PostedDate": "2012-02-23T12:16:35.76-08:00",
    "UserRole": null,
    "MarkedAsAnswerDate": null
  },
  {
    "Id": "798176",
    "ThreadId": "343707",
    "Html": "<p>What exactly do you mean by interaction behaviors?</p>",
    "PostedDate": "2012-02-23T12:37:06.263-08:00",
    "UserRole": null,
    "MarkedAsAnswerDate": null
  },
  {
    "Id": "798490",
    "ThreadId": "343707",
    "Html": "<p>System.Windows.Interactivity.Behavior(of T)</p>\n<p>The wpf system uses attached properties freezable collection attached property to add these behaviors.<br /> <br /> Example Markup:</p>\n<p><br /> &nbsp;&lt;UserControl x:Class=\"SomeControNamel\"</p>\n<p>xmlns=\"http://schemas.microsoft.com/winfx/2006/xaml/presentation\"&nbsp; &nbsp; &nbsp; &nbsp; &nbsp; &nbsp; &nbsp;</p>\n<p>xmlns:x=\"http://schemas.microsoft.com/winfx/2006/xaml\"&nbsp; &nbsp; &nbsp; &nbsp; &nbsp; &nbsp; &nbsp;</p>\n<p>xmlns:col=\"clr-namespace:System.Collections;assembly=mscorlib\"&nbsp; &nbsp; &nbsp; &nbsp;</p>\n<p>xmlns:v=\"clr-namespace:SomeNamespace.View\" &nbsp; &nbsp;</p>\n<p>&nbsp;xmlns:i=\"clr-namespace:System.Windows.Interactivity;assembly=System.Windows.Interactivity\"&gt;<br /> <br /></p>\n<p>&lt;SomeControl&gt;</p>\n<p>&lt;i:Interaction.Behaviors&gt;</p>\n<p>&lt;v:SomeBehavior /&gt;</p>\n<p>&lt;v:SomeOtherBehavior SomeProperty=\"{Binding RelativeSource={RelativeSource Mode=FindAncestor, AncestorType={x:Type SomeControl}}, Path=DataContext.SomeBinding}\" /&gt;</p>\n<p>&lt;/i:Interaction.Behaviors</p>\n<p>&lt;/SomeControl&gt;</p>\n<p><br /> &lt;/UserControl&gt;&nbsp;</p>\n<p>&nbsp;</p>\n<p>I can't find data for these behaviors.</p>",
    "PostedDate": "2012-02-23T16:10:00.463-08:00",
    "UserRole": null,
    "MarkedAsAnswerDate": null
  },
  {
    "Id": "799501",
    "ThreadId": "343707",
    "Html": "<p>Are you saying that with Snoop ... you can't see these attached properties?</p>\r\n<p>I just tried to find the Interaction.Behaviors attached property ... using Snoop ... and it wasn't able to see it ... which is odd since you can see other attached properties. I tried using Mole too ... and it wasn't able to see them either.</p>\r\n<p>What is weird ... is that Snoop can see custom attached properties just fine ... so I'm not sure why Snoop can't see Interaction.Behaviors.</p>\r\n<p>This is something to dive on it.</p>\r\n<p>Can you confirm with me ... that this is indeed what you are trying to do?</p>",
    "PostedDate": "2012-02-24T09:51:47.77-08:00",
    "UserRole": null,
    "MarkedAsAnswerDate": null
  },
  {
    "Id": "799562",
    "ThreadId": "343707",
    "Html": "<p>&nbsp;</p>\n<div>\n<p>You are correct. &nbsp;I also did some research on another attached property that I made that is built a lot like the interaction behaviors and was unable to see that property as well. &nbsp;I believe the issue is Attached Property is a friend and the property string name  is&nbsp;different&nbsp;than the property name. &nbsp;I use this technique to bind across visual trees without the need for a spy. &nbsp;I also use it for event command mapping collections.</p>\n<p>Example of this type of Attached Property</p>\n<p><br /> &nbsp;&nbsp; Public Class AttachedCollectionClass</p>\n<p>#Region \"SomeFreezableCollectionAttachedProperty\"</p>\n<p>' Make it Friend so WPF ignores the property and always uses the&nbsp;&nbsp; &nbsp; &nbsp; &nbsp;</p>\n<p>'public getter/setter. This is per John Gossman blog post - 07/2008.&nbsp;&nbsp; &nbsp; &nbsp; &nbsp;</p>\n<p>Friend Shared ReadOnly SomeFreezableCollectionAttachedProperty&nbsp;As DependencyProperty =&nbsp; &nbsp; &nbsp; &nbsp; &nbsp; &nbsp;</p>\n<p><span style=\"white-space: pre;\">&nbsp;</span>DependencyProperty.RegisterAttached(\"InternalMappings\",&nbsp; &nbsp; &nbsp; &nbsp; &nbsp; &nbsp; &nbsp; &nbsp; &nbsp; &nbsp; &nbsp; &nbsp; &nbsp; &nbsp; &nbsp; &nbsp; &nbsp; &nbsp; &nbsp; &nbsp; &nbsp; &nbsp; &nbsp; &nbsp;</p>\n<p><span style=\"white-space: pre;\">&nbsp;</span>GetType(SomeCustomFreezableCollection),&nbsp; &nbsp; &nbsp; &nbsp; &nbsp; &nbsp; &nbsp; &nbsp; &nbsp; &nbsp; &nbsp; &nbsp; &nbsp; &nbsp; &nbsp; &nbsp; &nbsp; &nbsp; &nbsp; &nbsp; &nbsp; &nbsp; &nbsp; &nbsp;</p>\n<p><span style=\"white-space: pre;\">&nbsp;</span>GetType(AttachedCollectionClass),&nbsp; &nbsp; &nbsp; &nbsp; &nbsp; &nbsp; &nbsp; &nbsp; &nbsp; &nbsp; &nbsp; &nbsp; &nbsp; &nbsp; &nbsp; &nbsp; &nbsp; &nbsp; &nbsp; &nbsp; &nbsp; &nbsp; &nbsp; &nbsp;</p>\n<p>New UIPropertyMetadata(Nothing, AddressOf OnMappingsChanged))</p>\n<p>Friend Shared Function InternalGetMappingCollection(ByVal obj As DependencyObject) As SomeCustomFreezableCollection</p>\n<p>Dim map = TryCast(obj.GetValue(SomeFreezableCollectionAttachedProperty), SomeCustomFreezableCollection)&nbsp; &nbsp; &nbsp; &nbsp; &nbsp; &nbsp;</p>\n<p>If map Is Nothing Then&nbsp; &nbsp; &nbsp; &nbsp; &nbsp; &nbsp; &nbsp; &nbsp;</p>\n<p>map = New BindingBridgeCollection()&nbsp; &nbsp; &nbsp; &nbsp; &nbsp; &nbsp; &nbsp; &nbsp;</p>\n<p>SetMappings(obj, map)&nbsp; &nbsp; &nbsp; &nbsp; &nbsp; &nbsp;</p>\n<p>End If &nbsp; &nbsp; &nbsp; &nbsp; &nbsp;&nbsp;</p>\n<p>&nbsp;</p>\n<p>Return map&nbsp; &nbsp; &nbsp; &nbsp;</p>\n<p>End Function</p>\n<p>Public Shared Function GetSomeFreezableCollectionAttached(ByVal obj As DependencyObject) As SomeCustomFreezableCollection</p>\n<p>Return InternalGetSomeFreezableCollectionAttachedCollection(obj)&nbsp; &nbsp; &nbsp; &nbsp;</p>\n<p>End Function</p>\n<p>&nbsp;</p>\n<p>&nbsp;Public Shared Sub SetSomeFreezableCollectionAttached(ByVal obj As DependencyObject, ByVal value As SomeCustomFreezableCollection)&nbsp; &nbsp; &nbsp; &nbsp; &nbsp; &nbsp; obj.SetValue(MappingsProperty, value)&nbsp; &nbsp; &nbsp; &nbsp;</p>\n<p>End Sub</p>\n<p>&nbsp; Private Shared Sub OnMappingsChanged(ByVal target As DependencyObject, ByVal e As DependencyPropertyChangedEventArgs)&nbsp; &nbsp; &nbsp; &nbsp; &nbsp; &nbsp;</p>\n<p>Dim cec As&nbsp;SomeCustomFreezableCollection= TryCast(e.NewValue, SomeCustomFreezableCollection)<br /> &nbsp; &nbsp; &nbsp; &nbsp; &nbsp; &nbsp; If cec Is Nothing Then&nbsp; &nbsp; &nbsp; &nbsp; &nbsp; &nbsp; &nbsp; &nbsp;</p>\n<p>Return&nbsp; &nbsp; &nbsp; &nbsp; &nbsp; &nbsp;</p>\n<p>End If&nbsp; &nbsp; &nbsp; &nbsp; &nbsp; &nbsp;</p>\n<p>Dim _Element As ContentControl = TryCast(target, ContentControl)&nbsp; &nbsp; &nbsp; &nbsp; &nbsp; &nbsp;</p>\n<p>If _Element Is Nothing Then&nbsp; &nbsp; &nbsp; &nbsp; &nbsp; &nbsp; &nbsp; &nbsp;</p>\n<p>Return&nbsp; &nbsp; &nbsp; &nbsp; &nbsp; &nbsp;</p>\n<p>End If&nbsp; &nbsp; &nbsp; &nbsp; &nbsp; &nbsp;</p>\n<p>For Each item In cec&nbsp; &nbsp; &nbsp; &nbsp; &nbsp; &nbsp; &nbsp; &nbsp;</p>\n<p>item.Content= _Element&nbsp; &nbsp; &nbsp; &nbsp; &nbsp; &nbsp;</p>\n<p>Next<br /> &nbsp; &nbsp; &nbsp; &nbsp; End Sub</p>\n<p>#End Region</p>\n<p>End Class<br /> <br /> Public Class SomeCustomFreezableCollection</p>\n<p>Inherits FreezableCollection(of ContentControl)</p>\n<p>End Class&nbsp;</p>\n</div>",
    "PostedDate": "2012-02-24T11:36:16.913-08:00",
    "UserRole": null,
    "MarkedAsAnswerDate": null
  },
  {
    "Id": "802299",
    "ThreadId": "343707",
    "Html": "<p>Would you like me to enter a more general thread referencing this under issue tracker? &nbsp;I ask for your convenience as I don't know how you like to&nbsp;organize&nbsp;your issues. &nbsp;</p>",
    "PostedDate": "2012-02-27T15:36:32.39-08:00",
    "UserRole": null,
    "MarkedAsAnswerDate": null
  },
  {
    "Id": "802754",
    "ThreadId": "343707",
    "Html": "This discussion has been copied to a work item. Click <a href=\"http://snoopwpf.codeplex.com/workitem/7769\">here</a> to go to the work item and continue the discussion.",
    "PostedDate": "2012-02-28T11:24:01.487-08:00",
    "UserRole": null,
    "MarkedAsAnswerDate": null
  },
  {
    "Id": "802762",
    "ThreadId": "343707",
    "Html": "<p>Thanks ... I just copied this discussion to a work item:&nbsp;<a href=\"http://snoopwpf.codeplex.com/workitem/7769\">http://snoopwpf.codeplex.com/workitem/7769</a></p>\r\n<p>To make it easy on us ... as we go to repro and work on this ... if you could attach a small test harness ... with a custom attached property like what you are discussing above ... <em>and attach it to the issue in the Issue Tracker ...</em>&nbsp;that would be awesome and helpful.</p>",
    "PostedDate": "2012-02-28T11:34:39.953-08:00",
    "UserRole": null,
    "MarkedAsAnswerDate": null
  },
  {
    "Id": "802769",
    "ThreadId": "343707",
    "Html": "<p>NP... Will attach a quick example as soon as I can get a few free minutes to set one up.</p>",
    "PostedDate": "2012-02-28T11:42:50.79-08:00",
    "UserRole": null,
    "MarkedAsAnswerDate": null
  },
  {
    "Id": "803352",
    "ThreadId": "343707",
    "Html": "<p><a href=\"http://snoopwpf.codeplex.com/workitem/7769\">http://snoopwpf.codeplex.com/workitem/7769</a>&nbsp;seems to be locked right now.&nbsp; I have a project ready to upload.</p>",
    "PostedDate": "2012-02-29T12:15:17.253-08:00",
    "UserRole": null,
    "MarkedAsAnswerDate": null
  }
]