[
  {
    "Id": "433352",
    "ThreadId": "209968",
    "Html": "<p>This is caused by a problem with OpenProcess(PROCESS_ALL_ACCESS, ...) on downlevel platforms.&nbsp; See <a href=\"http://msdn.microsoft.com/en-us/library/ms684880(v=VS.85).aspx\">http://msdn.microsoft.com/en-us/library/ms684880%28v=VS.85%29.aspx</a>&nbsp;for details.\r\n<p>&nbsp;</p>\r\n</p>\r\n<p>The problem occurs in Injector::Launch in Injector.cpp.&nbsp; To fix the problem change stdafx.h to read:</p>\r\n<p>&nbsp;</p>\r\n<p><span style=\"font-family:Courier New;color:#0000ff;font-size:x-small\"><span style=\"font-family:Courier New;color:#0000ff;font-size:x-small\"><span style=\"font-family:Courier New;color:#0000ff;font-size:x-small\"><span style=\"font-family:Courier New;color:#0000ff;font-size:x-small\"><span style=\"font-family:Courier New;color:#0000ff;font-size:x-small\"><span style=\"font-family:Courier New;color:#0000ff;font-size:x-small\"><span style=\"font-family:Courier New;color:#0000ff;font-size:x-small\"><span style=\"font-family:Courier New;color:#0000ff;font-size:x-small\"><span style=\"font-family:Courier New;color:#0000ff;font-size:x-small\"><span style=\"font-family:Courier New;color:#0000ff;font-size:x-small\"><span style=\"font-family:Courier New;font-size:x-small\"><span style=\"font-family:Courier New;color:#0000ff;font-size:x-small\"><span style=\"font-family:Courier New;color:#0000ff;font-size:x-small\"><span style=\"font-family:Courier New;color:#0000ff;font-size:x-small\"><span style=\"font-family:Courier New;color:#0000ff;font-size:x-small\"><span style=\"font-family:Courier New;color:#a31515;font-size:x-small\"><span style=\"font-family:Courier New;color:#a31515;font-size:x-small\"><span style=\"font-family:Courier New;color:#0000ff;font-size:x-small\"><span style=\"font-family:Courier New;color:#0000ff;font-size:x-small\"><span style=\"font-family:Courier New;color:#0000ff;font-size:x-small\"><span style=\"font-family:Courier New;color:#0000ff;font-size:x-small\">\r\n<div style=\"color:black;background-color:white\">\r\n<pre>#pragma once\r\n\r\n#define _WIN32_WINNT _WIN32_WINNT_WINXP\r\n\r\n#include <span style=\"color:#a31515\">&quot;Windows.h&quot;</span>\r\n#include <span style=\"color:#a31515\">&quot;tchar.h&quot;</span>\r\n</pre>\r\n</div>\r\n</span></span></span></span></span></span></span></span></span></span></span></span></span></span></span></span></span></span></span></span></span></p>\r\n<div style=\"color:black;background-color:white\"></div>\r\n<div style=\"color:black;background-color:white\"></div>\r\n<div style=\"color:black;background-color:white\"></div>\r\n<div style=\"color:black;background-color:white\"></div>\r\n<div style=\"color:black;background-color:white\"></div>\r\n<div style=\"color:black;background-color:white\"></div>\r\n<div style=\"color:black;background-color:white\"></div>\r\n<div style=\"color:black;background-color:white\"></div>\r\n<div style=\"color:black;background-color:white\"></div>\r\n<div style=\"color:black;background-color:white\"></div>\r\n<div style=\"color:black;background-color:white\"></div>\r\n<div style=\"color:black;background-color:white\"></div>\r\n<div style=\"color:black;background-color:white\"></div>",
    "PostedDate": "2010-04-20T14:03:08.423-07:00",
    "UserRole": null,
    "MarkedAsAnswerDate": null
  },
  {
    "Id": "434289",
    "ThreadId": "209968",
    "Html": "<p>I assume you mean that the user who is running Snoop, needs to be an administrator on the machine you are running it on, right? We've always ran it that way before, so I've never seen this.</p>\r\n<p>However, your suggested modifications makes sense (thanks for the reference to the documentation). Have you verified this causes things to work for you on XP? If so, I will check it in as a fix.</p>",
    "PostedDate": "2010-04-22T11:05:31.007-07:00",
    "UserRole": null,
    "MarkedAsAnswerDate": null
  },
  {
    "Id": "434308",
    "ThreadId": "209968",
    "Html": "<p>The latest Snoop for WPF4&nbsp;would start and&nbsp;display a list of WPF&nbsp;processes, but the Magnify and Snoop buttons did nothing unless I was logged on as an administrator.</p>\r\n<p>I've made the proposed change to ManagedInjector.dll on my PC and it now works when I'm logged in as a normal user.</p>\r\n<p>Sorry I wasn't clearer; I was in a bit of a rush.</p>",
    "PostedDate": "2010-04-22T12:06:46.197-07:00",
    "UserRole": null,
    "MarkedAsAnswerDate": null
  },
  {
    "Id": "434346",
    "ThreadId": "209968",
    "Html": "<p>Thanks arx. This is now fixed, checked-in, and will appear in the next release.</p>",
    "PostedDate": "2010-04-22T14:03:52.77-07:00",
    "UserRole": null,
    "MarkedAsAnswerDate": null
  }
]