[
  {
    "Id": "452470",
    "ThreadId": "215200",
    "Html": "It would be great if add the following attribute to all windows.\r\n\r\nUseLayoutRounding=&quot;True&quot;\r\nTextOptions.TextFormattingMode=&quot;Display&quot;\r\n",
    "PostedDate": "2010-06-07T07:42:39.573-07:00",
    "UserRole": null,
    "MarkedAsAnswerDate": null
  },
  {
    "Id": "452487",
    "ThreadId": "215200",
    "Html": "Good idea ... especially the text formatting mode stuff for the WPF 4.0 versions.\r\n\r\nI'll take a look at both of these to see if they can help out.",
    "PostedDate": "2010-06-07T08:10:41.29-07:00",
    "UserRole": null,
    "MarkedAsAnswerDate": null
  },
  {
    "Id": "452489",
    "ThreadId": "215200",
    "Html": "This discussion has been copied to a work item. Click <a href=\"http://snoopwpf.codeplex.com/workitem/4843\">here</a> to go to the work item and continue the discussion.",
    "PostedDate": "2010-06-07T08:12:08.11-07:00",
    "UserRole": null,
    "MarkedAsAnswerDate": null
  },
  {
    "Id": "458978",
    "ThreadId": "215200",
    "Html": "I really appreciate it and expecting it to come out soon.",
    "PostedDate": "2010-06-23T07:40:17.623-07:00",
    "UserRole": null,
    "MarkedAsAnswerDate": null
  }
]