[
  {
    "Id": "1449421",
    "ThreadId": "646531",
    "Html": "Hello develepers. \r<br />\nI have a task from my boss to automate installation of this product (this is not so hard to manage silent installation). But I have also prevent any other installation/configuration dialog. And that my problem and question too. \r<br />\nWhen I use silent installation on Windows 7. After first launch configuration dialog appear with &quot;cancel&quot; button. Is there any possibility to suppress this dialog and do configuration(it appears only first time and only on W7)silently, please. \r<br />\n<br />\nThank very much for your answer.\r<br />\n<br />\nPetr N.\r<br />\n<br />\nP.S.: sorry for my english.<br />\n",
    "PostedDate": "2015-10-22T10:48:54.183-07:00",
    "UserRole": null,
    "MarkedAsAnswerDate": null
  },
  {
    "Id": "1449591",
    "ThreadId": "646531",
    "Html": "Sorry for my stupidy.\r<br />\nI finaly get it. I need to use MSIEXEC once with /I paramaters and secondly with /jm. This was my only problem.<br />\n",
    "PostedDate": "2015-10-24T09:45:17.42-07:00",
    "UserRole": null,
    "MarkedAsAnswerDate": null
  }
]