[
  {
    "Id": "1450027",
    "ThreadId": "646737",
    "Html": "SNoop sometimes opens with dark text on dark background in the treeview panel. Its very difficult to read, how do I change Snoop colors?<br />\n",
    "PostedDate": "2015-10-28T07:11:29.057-07:00",
    "UserRole": null,
    "MarkedAsAnswerDate": null
  },
  {
    "Id": "1450583",
    "ThreadId": "646737",
    "Html": "If I understand correctly, the concern is that you Snoop an application, and in some applications, the background is dark under black text, so you cannot see the text at all. I was able to reproduce this issue with a simple app. What happens is that the app has a global style that applies to every single control. In this case, the style may be to set all Grids to &quot;black&quot; for the entire application. This will affect Snoop because Snoop will inject itself INTO the application, and receive the global values. Here are the steps to reproduce.<br />\n<ol>\n<li>In your simple application, add this line of code to App.xaml:<br />\n...</li>\n</ol>\n<pre><code>       &lt;ResourceDictionary &gt;\n            &lt;Style TargetType=&quot;{x:Type Grid}&quot;&gt;\n                &lt;Setter Property=&quot;Background&quot; Value=&quot;Black&quot;/&gt;\n                &lt;!-- You should notice that one... --&gt;\n            &lt;/Style&gt;\n        &lt;/ResourceDictionary&gt;</code></pre>\n\n///<br />\nIn my case, the whole file looked like this:<br />\n<pre><code>&lt;Application x:Class=&quot;WpfApplicationSnoopTest.App&quot;\n             xmlns=&quot;http://schemas.microsoft.com/winfx/2006/xaml/presentation&quot;\n             xmlns:x=&quot;http://schemas.microsoft.com/winfx/2006/xaml&quot;\n             StartupUri=&quot;MainWindow.xaml&quot;&gt;\n\n    &lt;Application.Resources&gt;\n        &lt;ResourceDictionary &gt;\n            &lt;Style TargetType=&quot;{x:Type Grid}&quot;&gt;\n                &lt;Setter Property=&quot;Background&quot; Value=&quot;Black&quot;/&gt;\n                &lt;!-- You should notice that one... --&gt;\n            &lt;/Style&gt;\n        &lt;/ResourceDictionary&gt;\n    &lt;/Application.Resources&gt;\n&lt;/Application&gt;</code></pre>\n\n<ol>\n<li>\nSnoop the application. You will notice that the tree view will have black text as well. You may be wondering &quot;how does the global style in my application affect snoop?&quot; The answer is that Snoop injects itself into the application, so it will inherit all the global styles in the Snooped application.<br />\n</li>\n</ol>\nI don't have an immediate answer at this point to fix this specific issue. I never Snooped such an application before (other than the one I created just now). I'll try to think of something, but you can compile Snoop and think of a bug fix.<br />\n<br />\nIf this is not the question, feel free to let me know. Otherwise, does this answer your question? If not, I can provide further answers.<br />\n",
    "PostedDate": "2015-10-31T13:51:27.02-07:00",
    "UserRole": null,
    "MarkedAsAnswerDate": null
  }
]