[
  {
    "Id": "1223971",
    "ThreadId": "539363",
    "Html": "Moved to a new machine, had to reinstall Snoop.  Not only has the initial UI changed, but it is now not working.\r<br />\n<br />\nThe older version allowed me to drag a crosshair to my app, which always worked.  This new version has a &quot;list&quot; of running WPF apps.  I put &quot;list&quot; in quotes because NOT ONLY does it not find my app, BUT ALSO the only app it finds is... iisexpress.  Well, that's a big snotball of fail.\r<br />\n<br />\nSeriously, what happened to my Snoop?<br />\n",
    "PostedDate": "2014-03-18T07:16:29.62-07:00",
    "UserRole": null,
    "MarkedAsAnswerDate": null
  },
  {
    "Id": "1223977",
    "ThreadId": "539363",
    "Html": "Sounds like you might have installed the wrong version ... the current version still has the crosshairs.<br />\n",
    "PostedDate": "2014-03-18T07:28:31.273-07:00",
    "UserRole": null,
    "MarkedAsAnswerDate": null
  },
  {
    "Id": "1223978",
    "ThreadId": "539363",
    "Html": "Just downloaded and installed 2.8.0 from the front page.  Is that not the correct version?  I mean, that the link points to?<br />\n",
    "PostedDate": "2014-03-18T07:29:59.333-07:00",
    "UserRole": null,
    "MarkedAsAnswerDate": null
  },
  {
    "Id": "1223981",
    "ThreadId": "539363",
    "Html": "Okay, I went to the downloads page, grabbed the zip file, and I GOT MY SNOOP BACK YAY!\r<br />\n<br />\nWhich leads me to ask... What the heck happened?  Is the MSI bad?  <br />\n",
    "PostedDate": "2014-03-18T07:31:57.02-07:00",
    "UserRole": null,
    "MarkedAsAnswerDate": null
  },
  {
    "Id": "1223982",
    "ThreadId": "539363",
    "Html": "That should be the correct link ... the current version does have the crosshairs functionality. So, if you aren't seeing the crosshairs ... something is wrong.<br />\n",
    "PostedDate": "2014-03-18T07:32:22.98-07:00",
    "UserRole": null,
    "MarkedAsAnswerDate": null
  },
  {
    "Id": "1223985",
    "ThreadId": "539363",
    "Html": "Okay, figured out what happened.  Long story short, I'm an idiot.  Moved lots of files over to the new machine, and one of those was a long-old version of Snoop.  Like 2008 old.  Somehow my shortcut was pointing to that version and not the installed one.  Wow, that was really really dumb.  Please, carry on.<br />\n",
    "PostedDate": "2014-03-18T07:36:46.137-07:00",
    "UserRole": null,
    "MarkedAsAnswerDate": null
  },
  {
    "Id": "1223986",
    "ThreadId": "539363",
    "Html": "I just installed the .msi myself. Everything looks good to me.\r<br />\n<br />\nDon't what happened for you. Maybe you accidentally installed an old version ... that is possible from the Downloads page.<br />\n",
    "PostedDate": "2014-03-18T07:36:59.927-07:00",
    "UserRole": null,
    "MarkedAsAnswerDate": null
  },
  {
    "Id": "1223988",
    "ThreadId": "539363",
    "Html": "Ha ... well good ... glad you got your Snoop back. I never like being without it.<br />\n",
    "PostedDate": "2014-03-18T07:37:48.363-07:00",
    "UserRole": null,
    "MarkedAsAnswerDate": null
  },
  {
    "Id": "1223989",
    "ThreadId": "539363",
    "Html": "I'm sorry that turtleneck picture of you with your cat is hi-larious!<br />\n",
    "PostedDate": "2014-03-18T07:40:13.447-07:00",
    "UserRole": null,
    "MarkedAsAnswerDate": null
  },
  {
    "Id": "1224016",
    "ThreadId": "539363",
    "Html": "Sorry to break it to you, but that's not me.  And I'm not that lonely.  Just a profile filler :)<br />\n",
    "PostedDate": "2014-03-18T08:14:41.773-07:00",
    "UserRole": null,
    "MarkedAsAnswerDate": null
  },
  {
    "Id": "1224040",
    "ThreadId": "539363",
    "Html": "Figured so. Still damn funny.<br />\n",
    "PostedDate": "2014-03-18T08:54:54.107-07:00",
    "UserRole": null,
    "MarkedAsAnswerDate": null
  }
]