[
  {
    "Id": "482676",
    "ThreadId": "224222",
    "Html": "<p>Hi,</p>\r\n<p>I recently checked out the Snoop sources but was unable to build them successfully. I'm using a clean installation of Win7 and VS2010.</p>\r\n<p>First I got the following error:&nbsp;Error<span> </span>1<span> </span>error MSB8009: .NET Framework 2.0/3.0/3.5 target the v90 platform toolset. Please make sure that Visual Studio 2008 is installed on the machine.</p>\r\n<p>Strange because VS2008 is installed. I was able to fix this by making the following change to the ManagedInjector C++ projects:&nbsp;Project &gt; Property Pages &gt; Configuration Properties &gt; General &gt; Set Platform Toolset to &nbsp;v100 (was v90)</p>\r\n<p>A this point, I get this error:&nbsp;Error<span> </span>2<span> </span>error LNK2022: metadata operation failed (80131195) : Custom attributes are not consistent: (0x0c00013b).<span> </span>C:\\Users\\Administrator\\Desktop\\snoopwpf-51211\\2.6\\Snoop\\ManagedInjector\\MSVCMRTD.lib(msilexit.obj)<span> </span>ManagedInjector64-3.5 (for all ManagedInjector projects)</p>\r\n<p>Any suggestions?</p>\r\n<p>&nbsp;</p>\r\n<p>Thanks,</p>\r\n<p>Bert.</p>\r\n<p>&nbsp;</p>",
    "PostedDate": "2010-08-20T03:34:58.92-07:00",
    "UserRole": null,
    "MarkedAsAnswerDate": null
  },
  {
    "Id": "482815",
    "ThreadId": "224222",
    "Html": "<p>I don't know what is going on here ... as I don't have any problems building Snoop myself. The v90 platform toolset is necessary/intentional for the 3.5 versions of the managed injectors.</p>\r\n<p>Seems like you may have a bad framework (2.0/3.0/3.5) install. You might try reinstalling Visual Studio 2008.</p>\r\n<p>Good luck! Let me know if you find anything out or get it to work.</p>",
    "PostedDate": "2010-08-20T08:19:22.903-07:00",
    "UserRole": null,
    "MarkedAsAnswerDate": null
  },
  {
    "Id": "483512",
    "ThreadId": "224222",
    "Html": "<p>Ok.. after a few hours of re-installing VS2008 I can finally build the project!</p>\r\n<p>I made a small extension to Snoop that allows rendering of high resolution screen shots of the currently selected item. These are much more beautiful to use in large paper/poster prints (crisp images, no blurring).</p>\r\n<p>If you're interested I can send you a copy. The current implementation is really basic but I'm willing to improve it if you would like to include it in Snoop.</p>\r\n<p>Cheers,<br>Bert.</p>",
    "PostedDate": "2010-08-23T02:45:29.813-07:00",
    "UserRole": null,
    "MarkedAsAnswerDate": null
  },
  {
    "Id": "483611",
    "ThreadId": "224222",
    "Html": "<p>Sure, I would be interested in it. Improve it and send it on!&nbsp;My email is my first name and then my last name (all together, no space) at gmail.com.</p>",
    "PostedDate": "2010-08-23T07:14:53.89-07:00",
    "UserRole": null,
    "MarkedAsAnswerDate": null
  },
  {
    "Id": "495849",
    "ThreadId": "224222",
    "Html": "<p>I've written a short article about my extension here (can be downloaded as well):&nbsp;<a href=\"http://qmino.wordpress.com/2010/09/20/high-res-screenshots-of-wpf-apps/\">http://qmino.wordpress.com/2010/09/20/high-res-screenshots-of-wpf-apps/</a></p>",
    "PostedDate": "2010-09-20T01:13:58.85-07:00",
    "UserRole": null,
    "MarkedAsAnswerDate": null
  }
]