[
  {
    "Id": "934390",
    "ThreadId": "401295",
    "Html": "\r\n<p>I can't seem to get Snoop to see into my WPF app since I moved to VS 2012.</p>\r\n<p>From the troubleshooting steps, I get the injected message in snooplog.txt.</p>\r\n<p>In the output log, I see a load for ManagedInjector32-4.0.dll, but no other activity shows up there.</p>\r\n<p>I tried checking off the CommonLanguageRuntime exception thrown box in debug options, but that doesn't do anything either.</p>\r\n<p>Not sure what to do next to get this to work.</p>\r\n",
    "PostedDate": "2012-10-30T13:22:21.85-07:00",
    "UserRole": null,
    "MarkedAsAnswerDate": null
  },
  {
    "Id": "934394",
    "ThreadId": "401295",
    "Html": "<p>Hi MdDale,</p>\r\n<p>It seems like you read the troubleshooting instructions, which is great. I think there is something else you can try that was not put into the instructions. In the visual studio instance that's debugging your app being snooped, go to Tools-&gt;Options. Click on \"Debugging\", and uncheck the check box for \"Enable Just My Code (Managed Only)\". Try that along with everything else that you did. Let us know how that goes.</p>\r\n<p>&nbsp;</p>\r\n<p>&nbsp;- Maciek</p>",
    "PostedDate": "2012-10-30T13:31:11.36-07:00",
    "UserRole": null,
    "MarkedAsAnswerDate": null
  },
  {
    "Id": "934454",
    "ThreadId": "401295",
    "Html": "<p>OK.&nbsp; That got me the info I needed...</p>\r\n<p>It didn't seem to like entries I had in app.config for system.diagnostics so I commented those out.</p>\r\n<p>Now it complains about not being able to load snoop.xmlserializers, but if I ignore that exception, I can Snoop again.</p>\r\n<p>Thanks for the help.</p>\r\n<p>-Dale</p>",
    "PostedDate": "2012-10-30T15:46:00.397-07:00",
    "UserRole": null,
    "MarkedAsAnswerDate": null
  },
  {
    "Id": "934458",
    "ThreadId": "401295",
    "Html": "<p>Glad to hear you got it working.</p>\r\n<p>Those Snoop.XmlSerializer exceptions are not really errors at all. Microsoft used some exceptions for normal processing. Go to this <a href=\"http://stackoverflow.com/questions/2209443/c-sharp-xmlserializer-bindingfailure\">link</a>&nbsp;for more info.</p>",
    "PostedDate": "2012-10-30T15:51:44.737-07:00",
    "UserRole": null,
    "MarkedAsAnswerDate": null
  }
]