[
  {
    "Id": "493590",
    "ThreadId": "227237",
    "Html": "<div>\r\n<p>I have a WPF 4 application running on XP.  When I run  snoop it picks up the application, however when I click on &quot;snoop this  application&quot; nothing happens.  Also when I click on the magnify glass  nothing happens.</p>\r\n<p>Any ideas?</p>\r\n</div>",
    "PostedDate": "2010-09-14T17:24:16.54-07:00",
    "UserRole": null,
    "MarkedAsAnswerDate": null
  },
  {
    "Id": "493932",
    "ThreadId": "227237",
    "Html": "<p>Do you have .NET 4.0 installed on this XP machine?</p>\r\n<p>I believe Snoop only needs .NET 3.5 SP1 to run ... but if you are Snooping a WPF 4.0 application, you will also need .NET 4.0 installed.</p>",
    "PostedDate": "2010-09-15T09:36:42.863-07:00",
    "UserRole": null,
    "MarkedAsAnswerDate": null
  },
  {
    "Id": "493988",
    "ThreadId": "227237",
    "Html": "<p>Just reread my answer ... you must have .NET 4.0 installed ... if the application is running at all. So ... that can't be it.</p>\r\n<p>I would suggest downloading the source code and trying to debug it. Usually, when you click 'Snoop this Application' and nothing happens, then there is some exception, scenario, whatever ... that is stopping the main Snoop UI from coming up.</p>\r\n<p>Let me know how it goes ...</p>",
    "PostedDate": "2010-09-15T11:16:14.22-07:00",
    "UserRole": null,
    "MarkedAsAnswerDate": null
  },
  {
    "Id": "494033",
    "ThreadId": "227237",
    "Html": "<p>I have a XP Virtual PC with .NET 3.5 and .NET 4.0 installed (no development environment ... i.e. Visual Studio 2008 or 2010) and I created a simple WPF 4.0 application and tried to Snoop it.</p>\r\n<p>Snoop can see the application, but for some reason the ManagedInjectorLauncher32-4.0.exe crashes. So, it seems as if I'm having problems on XP too.</p>\r\n<p>Another thing to note, though, is that it isn't crashing silently ... like yours is.</p>\r\n<p>I'm going to see if I can get a development environment going in a separate Virtual PC and see if I have still have this problem.</p>\r\n<p>I still recommend trying to debug it yourself too. Good luck. And again, let me know if you find anything out.</p>",
    "PostedDate": "2010-09-15T12:20:55.163-07:00",
    "UserRole": null,
    "MarkedAsAnswerDate": null
  },
  {
    "Id": "494142",
    "ThreadId": "227237",
    "Html": "<p>thanks - turns out I somehow downloaded the tool from a site that didn't have the latest version (can't remember which site now) - after downloading from codeplex it now is working - thanks</p>\r\n<p>&nbsp;</p>",
    "PostedDate": "2010-09-15T15:57:32.107-07:00",
    "UserRole": null,
    "MarkedAsAnswerDate": null
  },
  {
    "Id": "494143",
    "ThreadId": "227237",
    "Html": "<p>What? You didn't download it from CodePlex?! Shame on you! :-) Just kidding ... I'm glad it is working for you.</p>\r\n<p>Although, I quite don't know why it isn't working for me.</p>\r\n<p>Just curious ... but do you have Visual Studio installed on that Windows XP machine that your are Snooping on?</p>",
    "PostedDate": "2010-09-15T16:06:32.667-07:00",
    "UserRole": null,
    "MarkedAsAnswerDate": null
  },
  {
    "Id": "494157",
    "ThreadId": "227237",
    "Html": "<p>yes - and I have noticed that snoop shows me two entires, one for Visual Studio &amp; one for the stand alone installation of the application I'm running.&nbsp; Still not sure what the Zoom button/feature does...</p>",
    "PostedDate": "2010-09-15T16:34:47.583-07:00",
    "UserRole": null,
    "MarkedAsAnswerDate": null
  },
  {
    "Id": "494162",
    "ThreadId": "227237",
    "Html": "<p>What your seeing in the Snoop app chooser makes sense (i.e. an entry for Visual Studio and an entry for your application).</p>\r\n<p><strong>Hmm. If anyone else is reading this ... and they have gotten Snoop to work on an XP machine ... with no development environment (Visual Studio) ... please reply! I'm starting to wonder if Snoop needs something installed with the development environment ... in order to run on Windows XP.</strong></p>\r\n<p>Zoom brings up a dialog with the whole application selected, allowing you to zoom in and out on it. If you use the Zoom button from within the main Snoop UI ... it will bring up the dialog with only the visual that you have selected in the visual tree.</p>\r\n<p>I take it ... that the Zoom button doesn't work for you? Given that you say you still aren't sure what the Zoom button does? If it is working for you ... but you quite don't know your way around ... due to the outstanding (sarcasm) documentation available at the CodePlex site ... check out Pete Blois' site for some info on how to use Snoop:&nbsp;<a href=\"http://blois.us/Snoop/\">http://blois.us/Snoop/</a></p>",
    "PostedDate": "2010-09-15T16:47:04.55-07:00",
    "UserRole": null,
    "MarkedAsAnswerDate": null
  },
  {
    "Id": "494169",
    "ThreadId": "227237",
    "Html": "<p>within the main window I can see how the specific element you select is visualized, however in terms of the usage of the Magnify button on the thin snoop main window that opens I'm still not sure about this.&nbsp; I no stage do I get a magnify glass with an ability to zoom in and out - but perhaps this wasn't intended.</p>\r\n<p>PS stick stuck re this one <a href=\"http://wpf.codeplex.com/Thread/View.aspx?ThreadId=227264\">http://wpf.codeplex.com/Thread/View.aspx?ThreadId=227264</a>&nbsp; if you have a moment&nbsp; :)</p>\r\n<p>&nbsp;</p>",
    "PostedDate": "2010-09-15T17:02:10.233-07:00",
    "UserRole": null,
    "MarkedAsAnswerDate": null
  },
  {
    "Id": "494184",
    "ThreadId": "227237",
    "Html": "<p>I already responded to your charting issue. :-)</p>\r\n<p>In regards to the Snoop magnify window (or Zoomer) ... the user experience could be improved. Heh. Use your mouse wheel and it will zoom in and out.</p>",
    "PostedDate": "2010-09-15T17:28:02.237-07:00",
    "UserRole": null,
    "MarkedAsAnswerDate": null
  },
  {
    "Id": "495422",
    "ThreadId": "227237",
    "Html": "<blockquote style=\"border:solid .1em #ccc;font-style:italic;margin:.25em 1em 0 1em;padding:0 .25em 0 .25em\"><strong>cplotts wrote:</strong><br>\r\n<p><strong>Hmm. If anyone else is reading this ... and they have gotten Snoop to work on an XP machine ... with no development environment (Visual Studio) ... please reply! I'm starting to wonder if Snoop needs something installed with the development environment ... in order to run on Windows XP.</strong></p>\r\n</blockquote>\r\n<p>&nbsp;</p>\r\n<p>Okay, everyone ... I've figured out what the problem here is. With some help by a colleague and ProcessMonitor ... I discovered that when Snooping WPF 4.0 applications ... you need to have the MSVC C Runtime assemblies installed (in particular, the MSVC++ 2010 redistributables). If you're running Snoop on a machine with Visual Studio already installed, you will have these already. However, if you are trying to debug an application where the development environment is not installed, you may not have it.</p>\r\n<p>Here are the links to the redistributables:</p>\r\n<p>x86:&nbsp;<a href=\"http://www.microsoft.com/downloads/en/details.aspx?FamilyID=a7b7a05e-6de6-4d3a-a423-37bf0912db84\">http://www.microsoft.com/downloads/en/details.aspx?FamilyID=a7b7a05e-6de6-4d3a-a423-37bf0912db84</a></p>\r\n<p>x64:&nbsp;<a href=\"http://www.microsoft.com/downloads/en/details.aspx?FamilyID=BD512D9E-43C8-4655-81BF-9350143D5867\">http://www.microsoft.com/downloads/en/details.aspx?FamilyID=BD512D9E-43C8-4655-81BF-9350143D5867</a></p>\r\n<p>Maybe, I will try and roll this into the installer at some point.</p>",
    "PostedDate": "2010-09-18T08:31:40.33-07:00",
    "UserRole": null,
    "MarkedAsAnswerDate": null
  },
  {
    "Id": "495424",
    "ThreadId": "227237",
    "Html": "This discussion has been copied to a work item. Click <a href=\"http://snoopwpf.codeplex.com/workitem/5601\">here</a> to go to the work item and continue the discussion.",
    "PostedDate": "2010-09-18T08:34:29.273-07:00",
    "UserRole": null,
    "MarkedAsAnswerDate": null
  }
]