[
  {
    "Id": "442128",
    "ThreadId": "212451",
    "Html": "<p>It would really cool if you could set filters on the list of applications that are &quot;snoopable&quot;. &nbsp;With more and more apps coming out that are WPF I find that my list is quite large and I only want to be able to snoop the one that I'm working on, so it would be cool if I could have settings to add/edit filters for those that are shown in the list.</p>\r\n<p>&nbsp;</p>\r\n<p>Thanks and keep up the great work, snoop is a major part of my toolkit.</p>\r\n<p>Chris</p>",
    "PostedDate": "2010-05-12T09:20:18.66-07:00",
    "UserRole": null,
    "MarkedAsAnswerDate": null
  },
  {
    "Id": "443876",
    "ThreadId": "212451",
    "Html": "<p>Interesting idea.</p>\r\n<p>Will copy this to the work item list for now ... but I have some other ideas on how to better Snoop applications. In particular, I would like to implement a drag and drop method of selecting which application to Snoop (much like my version of wfSpy or Spy++).</p>",
    "PostedDate": "2010-05-17T09:39:53-07:00",
    "UserRole": null,
    "MarkedAsAnswerDate": null
  },
  {
    "Id": "443877",
    "ThreadId": "212451",
    "Html": "This discussion has been copied to a work item. Click <a href=\"http://snoopwpf.codeplex.com/WorkItem/View.aspx?WorkItemId=4657\">here</a> to go to the work item and continue the discussion.",
    "PostedDate": "2010-05-17T09:40:12.59-07:00",
    "UserRole": null,
    "MarkedAsAnswerDate": null
  }
]