[
  {
    "Id": "528057",
    "ThreadId": "236335",
    "Html": "\r\n<p>Hi,</p>\r\n<p>got a little problem here with Snoop on a 64 bit Windows 7. I love this tool and was using it on my &quot;old&quot; XP dev machine for quite some time. Now I switched to a Windows 7 system for development.&nbsp;Unfortunately&nbsp;snoop is not showing any running applications\r\n :(. I downloaded the latest Version and also tried to build it myself from source. I just noticed that I CAN snoop 3.5 applications. I created a fresh WPF application with .Net version set to 4.0 ... nothing. &nbsp;Switched to 3.5 ... snoop is showing the\r\n application just fine. What I understand from the blog posts is that Snoop should be able to handle 4.0 apps, right? I already browsed the other discussions. Running snoop with admin privileges or starting the application from the command line does not help.\r\n I must admit I haven't tried to debug snoop ... but maybe someone else already ran into this issue!?&nbsp;I'm sure I'm missing something obvious here.</p>\r\n<p>Any ideas?&nbsp;</p>\r\n<p>Regards!</p>\r\n<p>&nbsp;</p>\r\n",
    "PostedDate": "2010-11-28T23:03:09.333-08:00",
    "UserRole": null,
    "MarkedAsAnswerDate": null
  },
  {
    "Id": "528321",
    "ThreadId": "236335",
    "Html": "\r\n<p>Hmm. The first thing I would suggest ... is a mismatch between Snoop not having elevated permissions and yet the application you are trying to Snoop does have elevated permissions. Yet, you say you already tried running Snoop as Admin.</p>\r\n<p>Snoop does handle WPF 4.0 applications just fine. I am surprised that a fresh WPF 4.0 application does not work for you.</p>\r\n<p>It seems as if something funky is going on.</p>\r\n<p>I had a situation where I would get an exception when trying to actually Snoop an application (i.e. clicking the binoculars) that was already showing up in the list. This was caused by not having the MSVC&#43;&#43; redistributables on the machine. Snoop needs the\r\n MSVCR100.dll to run (for the case of WPF 4.0). Maybe this is your problem as well? I mean I know your application isn't even shown in the list ... and thus the problem seems different ... but you might want to check and see if you have MSVCR100.dll on your\r\n machine.</p>\r\n<p>I will likely not be able to sleuth into this problem for you ... it is likely an issue on your machine somehow ... if I were you, I would definitely debug into the Snoop source code to see if that reveals anything.</p>\r\n<p>Please post back here (for everyone's benefit) ... if you figure anything out!</p>\r\n",
    "PostedDate": "2010-11-29T08:18:13.043-08:00",
    "UserRole": null,
    "MarkedAsAnswerDate": null
  },
  {
    "Id": "528430",
    "ThreadId": "236335",
    "Html": "\r\n<p>Thanks for the answer!</p>\r\n<p>I started debugging Snoop and found out that&nbsp;IsValidProcess returns false since there is no Module&nbsp;PresentationFramework.dll or PresentationFramework.ni.dll. With that info is found the &quot;WPF 4 App does not show up on list&quot; issue (<a href=\"http://snoopwpf.codeplex.com/workitem/5599\">http://snoopwpf.codeplex.com/workitem/5599</a>).\r\n This is somehow related. I just don't really know how. When I set the Plattform to &quot;x86&quot; it is not showing up in Snoop, if I select &quot;Any CPU&quot; it is. In the other post IntelliTrace was mentioned. I would disable it, but to be honest I've no idea what it is\r\n and if I even have it. Google says it comes with VS Ultimate .. I'm working with the Professional version so I stopped digging. I'll have another look in the next few days. I'd like to figure out if the&nbsp;PresentationFramework assembly is really not loaded\r\n or just not discovered by the&nbsp;GetModules method.</p>\r\n<p>Great job on Snoop by the way! Really helps a lot.</p>\r\n",
    "PostedDate": "2010-11-29T11:48:03.743-08:00",
    "UserRole": null,
    "MarkedAsAnswerDate": null
  },
  {
    "Id": "528462",
    "ThreadId": "236335",
    "Html": "\r\n<p>Interesting ... I had forgotten about the issue where IntelliTrace is involved ... thanks for bringing that up. I believe you are right ... I think IntelliTrace only comes with Visual Studio Ultimate.</p>\r\n<p>You could use ProcessExplorer (Sysinternals) to see what assemblies are loaded ... and in particular to see if PresentationFramework.dll is loaded or not ... as you pointed out ... this is exactly how Snoop determines if an application is a WPF application\r\n or not.</p>\r\n<p>Hmm. Very odd about 'x86' versus 'Any CPU'. When set to 'Any CPU', your application will be running as 64-bit ... while when set to 'x86', it will be running as 32-bit. So, your 64-bit application is showing up, but not your 32-bit application. Hmm. Odd.\r\n In typical situations, Snoop handles this situation (32-bit vs. 64-bit) just fine.</p>\r\n<p>Thanks for the feedback on Snoop ... I am always glad to hear that my efforts have been helpful ... and again, post back here if you figure it out ... because that way, you're helping others too.</p>\r\n",
    "PostedDate": "2010-11-29T12:44:40.78-08:00",
    "UserRole": null,
    "MarkedAsAnswerDate": null
  },
  {
    "Id": "528663",
    "ThreadId": "236335",
    "Html": "\r\n<p>Just a quick update. The&nbsp;PresentationFramework.dll is&nbsp;definitely loaded. So it's just not picked up by the&nbsp;CreateToolhelp32Snapshot call.&nbsp;Unfortunately the remark on the MSDN doku on CreateToolhelp32Snapshot&nbsp;is not quite clear to\r\n me:</p>\r\n<p><strong>&quot;64-bit Windows:</strong></p>\r\n<p><strong>Using this flag in a 32-bit process includes the 32-bit modules of the process specified in th32ProcessID, while using it in a 64-bit process includes the 64-bit modules. To include the 32-bit modules of the process specified in th32ProcessID from\r\n a 64-bit process, use the TH32CS_SNAPMODULE32 flag.&quot;</strong></p>\r\n<p>That does not cover the situation when you try to get the modules of a 64 bit application from 32 bit. Anyway ... even if build Snoop explicit for x86 it does not pick up the process.</p>\r\n<p>Have you tried to reproduce this behavior on your own already? I'm just wondering if I'm the only one with this problem!?</p>\r\n<p>I'll dig deeper into this next weekend ... have to get back to work now :)</p>\r\n<blockquote>\r\n<div></div>\r\n</blockquote>\r\n<p>&nbsp;</p>\r\n<p>&nbsp;</p>\r\n<p>&nbsp;</p>\r\n",
    "PostedDate": "2010-11-30T00:06:11.537-08:00",
    "UserRole": null,
    "MarkedAsAnswerDate": null
  },
  {
    "Id": "528820",
    "ThreadId": "236335",
    "Html": "\r\n<p>Yes, I can Snoop both 32-bit applications and 64-bit applications from Snoop. I just double checked.</p>\r\n<p>Snoop itself runs as Any CPU (32-bit on 32-bit operating systems and 64-bit on 64-bit operating systems).</p>\r\n<p>I don't know if you are the only one with this issue. :-)&nbsp;I do think that ... if it wasn't working for the bulk of people out there ... I would have a ton of Discussion items on the subject. That, however, doesn't mean that others aren't having the\r\n same issue as you. Keep looking into it ... as you have time! Good luck.</p>\r\n",
    "PostedDate": "2010-11-30T07:54:42.223-08:00",
    "UserRole": null,
    "MarkedAsAnswerDate": null
  },
  {
    "Id": "536632",
    "ThreadId": "236335",
    "Html": "\r\n<p>Hi,</p>\r\n<p>i also had the problem that Snoop didnt show any applications.<br>\r\nI do not know why it stopped working, but it worked some time. My other colleagues dont have this problem - but their software and system configuration is the same.</p>\r\n<p>I tracked down the problem to the following:<br>\r\nSnoop does not find the PresentationFramework.dll in the Modules list of the inspected Process.</p>\r\n<p>To fix the problem i added a check for &quot;wpfgfx_v0400.dll&quot; in Injector.Suffix() and WindowInfo.IsValidProcess. It now finally works!</p>\r\n<p>Reading the .NET 4 breaking changes list i can imagine why Snoop cannot find the PresentationFramework.dll:</p>\r\n<p>-----</p>\r\n<p>from http://msdn.microsoft.com/en-us/library/ee941656.aspx#core</p>\r\n<p>To prevent redundant loading of assemblies and to save virtual address space, the CLR now loads assemblies by using only the Win32\r\n<span><span>MapViewOfFile</span></span> function. It no longer also calls the <span>\r\n<span>LoadLibrary</span></span> function.</p>\r\n<p>This change affects diagnostic applications in the following ways:</p>\r\n<ul>\r\n<li>\r\n<p>A <span><a href=\"http://msdn.microsoft.com/en-us/library/system.diagnostics.processmodulecollection.aspx\">ProcessModuleCollection</a></span> will no longer contain any modules from a class library (.dll file), as obtained from a call to\r\n<span>Process.GetCurrentProcess().Modules</span>.</p>\r\n</li><li>\r\n<p>Win32 applications that use the <span><span>EnumProcessModules</span></span> function will not see all managed modules listed.</p>\r\n</li></ul>\r\n<p>-----</p>\r\n<p>This explains why Snoop does not see the managed modules!</p>\r\n<p>&nbsp;</p>\r\n<p>Best regards,</p>\r\n<p>&nbsp;</p>\r\n<p>Christian</p>\r\n<p>&nbsp;</p>\r\n<ul>\r\n</ul>\r\n",
    "PostedDate": "2010-12-16T01:45:52.25-08:00",
    "UserRole": null,
    "MarkedAsAnswerDate": null
  },
  {
    "Id": "536680",
    "ThreadId": "236335",
    "Html": "\r\n<p>Thanks cproch for posting ... this is very interesting indeed.</p>\r\n<p>awerner, can you try this out? I would love to hear that this works for you.</p>\r\n",
    "PostedDate": "2010-12-16T03:59:45.667-08:00",
    "UserRole": null,
    "MarkedAsAnswerDate": null
  },
  {
    "Id": "536721",
    "ThreadId": "236335",
    "Html": "\r\n<p>Hi,</p>\r\n<p>Thanks for the message. I'm travelling right now. But I will try this tomorrow and get back to you.</p>\r\n<p>Best regards!</p>\r\n",
    "PostedDate": "2010-12-16T05:11:27.393-08:00",
    "UserRole": null,
    "MarkedAsAnswerDate": null
  },
  {
    "Id": "536833",
    "ThreadId": "236335",
    "Html": "\r\n<blockquote style=\"border:solid .1em #ccc; font-style:italic; margin:.25em 1em 0 1em; padding:0 .25em 0 .25em\">\r\n<strong>cproch wrote:</strong><br>\r\n<p>My other colleagues dont have this problem - but their software and system configuration is the same.</p>\r\n<ul>\r\n</ul>\r\n</blockquote>\r\n<p>What is weird to me ... is that some people have this problem and that others do not ... however, I do think it is a good idea to add&nbsp;wpfgfx_v0400.dll to Injector.Suffix() and WindowInfo.IsValidProcess.</p>\r\n<p>I'm going to create a work item for this ... and do just this.</p>\r\n",
    "PostedDate": "2010-12-16T08:43:33.413-08:00",
    "UserRole": null,
    "MarkedAsAnswerDate": null
  },
  {
    "Id": "536876",
    "ThreadId": "236335",
    "Html": "This discussion has been copied to a work item. Click <a href=\"http://snoopwpf.codeplex.com/workitem/5964\">here</a> to go to the work item and continue the discussion.",
    "PostedDate": "2010-12-16T09:45:33.297-08:00",
    "UserRole": null,
    "MarkedAsAnswerDate": null
  }
]