{
  "WorkItem": {
    "AffectedComponent": {
      "Name": "",
      "DisplayName": ""
    },
    "ClosedComment": "",
    "ClosedDate": null,
    "CommentCount": 0,
    "Custom": null,
    "Description": "i am using Window 10 Home \r\n\r\nand after i install the application and open the exe\r\n\r\n\r\nthe toolbar is very small and i don't know how to fix\r\n\r\nplease see my attached screenshot for your reference. THanks",
    "LastUpdatedDate": "2017-09-08T20:00:13.1-07:00",
    "PlannedForRelease": "",
    "ReleaseVisibleToPublic": false,
    "Priority": {
      "Name": "Unassigned",
      "Severity": 0,
      "Id": 0
    },
    "ProjectName": "snoopwpf",
    "ReportedDate": "2017-09-08T20:00:12.743-07:00",
    "Status": {
      "Name": "Proposed",
      "Id": 1
    },
    "ReasonClosed": {
      "Name": "Unassigned"
    },
    "Summary": "the snoop's bar is too small to use.",
    "Type": {
      "Name": "Unassigned",
      "Id": 5
    },
    "VoteCount": 1,
    "Id": 7971
  },
  "FileAttachments": [
    {
      "FileId": 1676450,
      "FileName": "Capture.JPG",
      "DownloadUrl": ".\\1676450"
    }
  ],
  "Comments": []
}