[
  {
    "Id": 4086,
    "Title": "The installer should specify the Snoop edition (3.5/4, x86/x64) in the start menu shortcut"
  },
  {
    "Id": 4129,
    "Title": "Support for other windows"
  },
  {
    "Id": 4250,
    "Title": "Right click on white space in the properties grid doesn't open context menu"
  },
  {
    "Id": 4251,
    "Title": "Visual tree doesn't bring selected elements to view horizontally."
  },
  {
    "Id": 4306,
    "Title": "Need Administrator Rights on XP"
  },
  {
    "Id": 4307,
    "Title": "Saving visual tree as XAML"
  },
  {
    "Id": 4311,
    "Title": "Creating list of WPF applications is slooooow  (on terminal server)"
  },
  {
    "Id": 4657,
    "Title": "Feature Request: Filter program list"
  },
  {
    "Id": 4660,
    "Title": "Enhance Snoop So That It Can Spy Silverlight Applications"
  },
  {
    "Id": 4701,
    "Title": "Snooping an Application with a Default White Foreground TextBlock Style"
  },
  {
    "Id": 4702,
    "Title": "Horizontal Splitter Between Property Grid and Previewer is Broken"
  },
  {
    "Id": 4729,
    "Title": "Fix Scope Up Button So That It Uses Its Icon Artwork"
  },
  {
    "Id": 4730,
    "Title": "Figure out how to have only 1 version of Snoop instead of 4."
  },
  {
    "Id": 4731,
    "Title": "Create an application finder (like the one wfSpy has) to make it easier to Snoop applications."
  },
  {
    "Id": 4732,
    "Title": "Add a minimize button to the application chooser."
  },
  {
    "Id": 4733,
    "Title": "Sort the list of applications in the application chooser's combo box by desktop z-order."
  },
  {
    "Id": 4734,
    "Title": "Remember the position of the horizontal and vertical splitters."
  },
  {
    "Id": 4735,
    "Title": "Add tool tips and labels to as many controls as possible."
  },
  {
    "Id": 4736,
    "Title": "Make it so you can zoom the preview pane."
  },
  {
    "Id": 4741,
    "Title": "Snoop needs a visible window to be set as the owner of the main Snoop UI."
  },
  {
    "Id": 4775,
    "Title": "Fix the AppChooser so that it shows the refresh better."
  },
  {
    "Id": 4776,
    "Title": "Fix the combo box width in the AppChooser so that it is a fixed size."
  },
  {
    "Id": 4778,
    "Title": "Fix the window style so that the user can tell that the keyboard focus is contained with the app chooser."
  },
  {
    "Id": 4843,
    "Title": "See if we can make things look crisp in all parts of the Snoop user interface."
  },
  {
    "Id": 4844,
    "Title": "Check Out the ActiveX Interop Scenario"
  },
  {
    "Id": 4845,
    "Title": "Snoop Doesn't Work in Some Threading Scenarios"
  },
  {
    "Id": 4846,
    "Title": "Move the visual item resources to the top such that it is the first child."
  },
  {
    "Id": 4865,
    "Title": "Fix Snoop so that it works when main window has been created after the application."
  },
  {
    "Id": 4919,
    "Title": "See if we can display the value of the x:Key attribute."
  },
  {
    "Id": 4946,
    "Title": "Remember the states of the show defaults button and the toggle previewer button."
  },
  {
    "Id": 4984,
    "Title": "The Events Area Doesn't Work with Secondary Windows/Dialogs"
  },
  {
    "Id": 4988,
    "Title": "Typing in the property grid filter TextBox breaks the the other filtering functionality."
  },
  {
    "Id": 4989,
    "Title": "Fix the 'Clear any filter applied to the tree view' so that it works."
  },
  {
    "Id": 4990,
    "Title": "Style the main Snoop UI so that it looks nice and matches the app chooser."
  },
  {
    "Id": 5002,
    "Title": "Snoop 2.6.0 still requires WPF 4.0 to run."
  },
  {
    "Id": 5102,
    "Title": "Red border/adorner is lost around elements when using the WPFShell library."
  },
  {
    "Id": 5149,
    "Title": "Mouse Wheel Editing Support"
  },
  {
    "Id": 5150,
    "Title": "Double Click Delve"
  },
  {
    "Id": 5261,
    "Title": "Add the capability to modify the property filter sets."
  },
  {
    "Id": 5304,
    "Title": "See if we can add a task bar icon for the main Snoop UI."
  },
  {
    "Id": 5307,
    "Title": "The Snoop UI is blocked when Snooping dialogs."
  },
  {
    "Id": 5409,
    "Title": "System.InvalidCastException - Unable to cast object of type 'Snoop.TrackedEvent' to type 'Snoop.VisualTreeItem'"
  },
  {
    "Id": 5558,
    "Title": "Crash in VisualTreeItem.Reload()"
  },
  {
    "Id": 5587,
    "Title": "\"ManagedInjectorLauncher64-4.0.exe has stopped working\" exception, Snoop unusable w/Blend 4"
  },
  {
    "Id": 5598,
    "Title": "WPF 4 App does not show up on list"
  },
  {
    "Id": 5599,
    "Title": "WPF 4 App does not show up on list"
  },
  {
    "Id": 5601,
    "Title": "Roll the MSVC++ 2010 Redistributables into the Installer"
  },
  {
    "Id": 5637,
    "Title": "Change Snoop So That it Itself  is a WPF 4.0 Application"
  },
  {
    "Id": 5638,
    "Title": "Snoop does NOT show the visual tree of the selected Window on top position"
  },
  {
    "Id": 5649,
    "Title": "Visual Tree Window doesn't show in start bar"
  },
  {
    "Id": 5903,
    "Title": "Unable to snoop while debugging"
  },
  {
    "Id": 5955,
    "Title": "Add Ability to Change Install Location"
  },
  {
    "Id": 5964,
    "Title": "Sometimes WPF 4.0 Applications Don't Show Up in the App Chooser"
  },
  {
    "Id": 5970,
    "Title": "Click to elements like UISpy"
  },
  {
    "Id": 6090,
    "Title": "Sometimes apps don't show up in app chooser"
  },
  {
    "Id": 6227,
    "Title": "Portable (or no-install) version of Snoop?"
  },
  {
    "Id": 6228,
    "Title": "Portable (or no-install) version of Snoop?"
  },
  {
    "Id": 6234,
    "Title": "v2.6.1: Routed Events View is blank!"
  },
  {
    "Id": 6235,
    "Title": "When Clicking on Event Name in Events Area, Property Grid Stops Updating"
  },
  {
    "Id": 6236,
    "Title": "Keyboard Functionality in Events TreeView Not Working Very Well"
  },
  {
    "Id": 6258,
    "Title": "Snoop causes the application to crash when snooping certain elements"
  },
  {
    "Id": 6334,
    "Title": "Snoop crashes on program having multiple dispatchers"
  },
  {
    "Id": 6464,
    "Title": "Snoop Crashes When Trying to Snoop a Visual Tree with a Bad Resource"
  },
  {
    "Id": 6466,
    "Title": "Sometimes Bogus Properties Show Up When Using the Filter Sets"
  },
  {
    "Id": 6467,
    "Title": "Add a ComponentType Column to the Property Grid"
  },
  {
    "Id": 6497,
    "Title": "Move the Minimize/Close Buttons into Main App Chooser Bar"
  },
  {
    "Id": 6512,
    "Title": "Add the ability to capture hi-res screenshots."
  },
  {
    "Id": 6647,
    "Title": "Snoop Shows App, But You Can't Snoop"
  },
  {
    "Id": 6712,
    "Title": "Snoop changes default keyboard"
  },
  {
    "Id": 6713,
    "Title": "Snoop can't find a WPF 4.0 application running in VS2010 debugger"
  },
  {
    "Id": 6722,
    "Title": "Snoop causes application to crash on a certain binding error."
  },
  {
    "Id": 6791,
    "Title": "Add Main Window Title to Snoop UI Title Bar"
  },
  {
    "Id": 6959,
    "Title": "support copy-to-clipboard ..."
  },
  {
    "Id": 6994,
    "Title": "Sort an array of items in the property grid in the proper order"
  },
  {
    "Id": 7062,
    "Title": "Add a separate tab for the datacontext."
  },
  {
    "Id": 7073,
    "Title": "Values in property grid are unnecessarily cleared"
  },
  {
    "Id": 7095,
    "Title": "Delving doesn't work for very specific case."
  },
  {
    "Id": 7105,
    "Title": "Add Drag & Drop Functionality to Select Which WPF Window to Snoop"
  },
  {
    "Id": 7157,
    "Title": "Delve breadcrumb path"
  },
  {
    "Id": 7160,
    "Title": "Snoop 2.7 Crashes in Windows XP"
  },
  {
    "Id": 7164,
    "Title": "Snoop 2.7 - NullReferenceException"
  },
  {
    "Id": 7172,
    "Title": "App Chooser does not find WPF applications with ShowInTaskbar=false"
  },
  {
    "Id": 7189,
    "Title": "Create a \"Methods\" tab on which we can invoke methods"
  },
  {
    "Id": 7201,
    "Title": "Snoop WPF is not working in Excel add-ins"
  },
  {
    "Id": 7217,
    "Title": "Preview area does not show for custom System.Windows.Controls.Canvas"
  },
  {
    "Id": 7351,
    "Title": "Remove ComponentType Filtering Because it is Not Intuitive"
  },
  {
    "Id": 7397,
    "Title": "[AttachedPropertyBrowsableForType(typeof(IMyInterface))]"
  },
  {
    "Id": 7398,
    "Title": "[AttachedPropertyBrowsableForType(typeof(IMyInterface))]"
  },
  {
    "Id": 7411,
    "Title": "Fix the flaky scrolling in the property grid (once items have been filtered)."
  },
  {
    "Id": 7474,
    "Title": "Cannot Snoop"
  },
  {
    "Id": 7498,
    "Title": "TargetInvocationExcepton inner NullReferenceException"
  },
  {
    "Id": 7574,
    "Title": "Drag graphics are off when DPI > 100%"
  },
  {
    "Id": 7726,
    "Title": "Can't snoop second window"
  },
  {
    "Id": 7769,
    "Title": "Snoop Can't See Certain Attached Properties"
  },
  {
    "Id": 7775,
    "Title": "Release Version Wasn't Building Managed Injector Launcher to Correct Location"
  },
  {
    "Id": 7784,
    "Title": "Copy tag to clipboard"
  },
  {
    "Id": 7846,
    "Title": "How to snoop the modal window ?"
  },
  {
    "Id": 7924,
    "Title": "Requirements for using Snoop"
  },
  {
    "Id": 7926,
    "Title": "Fix the Lag in the Filtering TextBox(es)"
  },
  {
    "Id": 7927,
    "Title": "WPF 4 apps does not show up app chooser (v.2.7.1)"
  },
  {
    "Id": 7928,
    "Title": "Multiple Dispatcher Dialog Showing When It Shouldn't"
  },
  {
    "Id": 7929,
    "Title": "Capture which properties are changed in Snoop and \"export\" them when the session ends"
  },
  {
    "Id": 7930,
    "Title": "Feature request: Keyboard shortcuts"
  },
  {
    "Id": 7931,
    "Title": "Snoop 2.7.1 not working on Windows 8 RTM"
  },
  {
    "Id": 7932,
    "Title": "Make tracking focus easier to debug"
  },
  {
    "Id": 7933,
    "Title": "separate top, left, bottom, right values for padding and margin not accepted"
  },
  {
    "Id": 7934,
    "Title": "Error dialog doesn't have a height limit and stretches beyond the screen boundary for large messages"
  },
  {
    "Id": 7935,
    "Title": "A NullReferenceException is thrown on only some snooped WPF windows in Snoop.VisualTreeItem.Reload() "
  },
  {
    "Id": 7936,
    "Title": "Unhandled Exception with WpfToolkit Colorpicker"
  },
  {
    "Id": 7937,
    "Title": "Object reference not set to an instance of an object."
  },
  {
    "Id": 7938,
    "Title": "Window in separate UI thread cant be snooped"
  },
  {
    "Id": 7939,
    "Title": "When delving an object, reset the filter "
  },
  {
    "Id": 7940,
    "Title": "Filter out attached properties"
  },
  {
    "Id": 7941,
    "Title": "Stackoverflow exception"
  },
  {
    "Id": 7942,
    "Title": "KeyboardNavigation Attached Properties not showing up"
  },
  {
    "Id": 7943,
    "Title": "RenderOptions AttachedProperties support"
  },
  {
    "Id": 7944,
    "Title": "Snoop Exception while opening another form in WPF APP"
  },
  {
    "Id": 7945,
    "Title": "'System.Windows.Documents.Run' is not a Visual or Visual3D."
  },
  {
    "Id": 7946,
    "Title": "Static Compile C++ 2010 Runtimes with Snoop app"
  },
  {
    "Id": 7947,
    "Title": "System.InvalidOperationException: Cyclic reference found while evaluating the Style property on element 'Microsoft.Windows.Controls.Ribbon.RibbonGroup Header:{DisconnectedItem} Items.Count:0'."
  },
  {
    "Id": 7948,
    "Title": "Snoop not functioning on Win7 64 machine"
  },
  {
    "Id": 7949,
    "Title": "The AppChooser does not support Hi-DPI Displays"
  },
  {
    "Id": 7950,
    "Title": "Can't locate applications with Window Style set to None and Show In Taskbar False"
  },
  {
    "Id": 7951,
    "Title": "Snoop cannot find Font used in VS Environtment"
  },
  {
    "Id": 7952,
    "Title": "NullReferenz-Exception on attach"
  },
  {
    "Id": 7953,
    "Title": "Error Snooping"
  },
  {
    "Id": 7954,
    "Title": "List View bad when having string properties containing many lines"
  },
  {
    "Id": 7955,
    "Title": "Unhandled exception on UI thread"
  },
  {
    "Id": 7956,
    "Title": "Doesn't work with Visual Studio 2013"
  },
  {
    "Id": 7957,
    "Title": "When closed above the top of a window, the size changes on restart"
  },
  {
    "Id": 7958,
    "Title": "Keyboard.TabNavigation does not appear in properties pane"
  },
  {
    "Id": 7959,
    "Title": "Add donate button"
  },
  {
    "Id": 7960,
    "Title": "XamlParseException While Snooping"
  },
  {
    "Id": 7961,
    "Title": "Hi..I am trying to drag the cross hair to the app its selecting the entire TextBlock.I want to split the TextBlock and capture only the number part "
  },
  {
    "Id": 7962,
    "Title": "Snoop will Crash when focus on <ListView/> binding to element.Children"
  },
  {
    "Id": 7963,
    "Title": "Can only base on a Style with target type that is base type 'Window'"
  },
  {
    "Id": 7964,
    "Title": "Hang on PriorityBinding"
  },
  {
    "Id": 7965,
    "Title": "Crash when snooping"
  },
  {
    "Id": 7966,
    "Title": "Snoop application not working in desktop Win8 with VS 2013"
  },
  {
    "Id": 7967,
    "Title": "Snooping a screen does not show the vertical scroll bar"
  },
  {
    "Id": 7968,
    "Title": "snoop wpf virus total"
  },
  {
    "Id": 7969,
    "Title": "Error snooping WPF application"
  },
  {
    "Id": 7970,
    "Title": "Snoop breaks binding of the control not exists when Snoop attached"
  },
  {
    "Id": 7971,
    "Title": "the snoop's bar is too small to use."
  }
]