{
  "WorkItem": {
    "AffectedComponent": {
      "Name": "",
      "DisplayName": ""
    },
    "ClosedComment": "",
    "ClosedDate": null,
    "CommentCount": 16,
    "Custom": null,
    "Description": "Having an issue when try to access visual tree of WPF controls in task pane of Excel Add-in.\r\n\r\nLooks like PresentationSource.CurrentSources appears to be empty and hence Snoop is not able to reach the proper PresentationSource.\r\n\r\nCan we do anything to access wpf-controls hosted inside Excel's task pane?",
    "LastUpdatedDate": "2012-05-12T03:49:01.71-07:00",
    "PlannedForRelease": "",
    "ReleaseVisibleToPublic": false,
    "Priority": {
      "Name": "Low",
      "Severity": 50,
      "Id": 1
    },
    "ProjectName": "snoopwpf",
    "ReportedDate": "2011-09-29T02:01:18.597-07:00",
    "Status": {
      "Name": "Proposed",
      "Id": 1
    },
    "ReasonClosed": {
      "Name": "Unassigned"
    },
    "Summary": "Snoop WPF is not working in Excel add-ins",
    "Type": {
      "Name": "Feature",
      "Id": 1
    },
    "VoteCount": 2,
    "Id": 7201
  },
  "FileAttachments": [
    {
      "FileId": 371327,
      "FileName": "Snoop 2.7 src + binaries.zip",
      "DownloadUrl": ".\\371327"
    }
  ],
  "Comments": [
    {
      "Message": "sedated: I have never tried to use Snoop in that manner. I would download the source code and debug it yourself. Post back here if you figure anything out.",
      "PostedDate": "2011-09-29T07:24:31.203-07:00",
      "Id": 63543
    },
    {
      "Message": "Hi sedated. I took a look at the issue, and it appears that snoop in its current state does not support \"snooping\" Excel add-ins. The reason is that they run in a separate AppDomain in Microsoft Excel.\r\n\r\nHowever, I did come up with a fix this weekend, but this will only work on a .NET 4.0 application. I have the binaries attached. Please let us know if the attached Snoop program fixes your problem. Just extract the contents into a temp folder, and run this Snoop.exe from the folder into which you extracted the contents (not the one you installed). \r\n\r\nIf this one doesn't work, don't worry - I have other ways to solve this problem.\r\n\r\nThanks for the feedback.\r\n\r\n - Maciek",
      "PostedDate": "2011-10-03T00:13:15.933-07:00",
      "Id": 63544
    },
    {
      "Message": "Hi Maciek.\r\n\r\nThanks for your reply!\r\nThis is the same thing I also managed to investigate recently =) I mean that add-in is running in a separate AppDomain.\r\n\r\nI also managed to make snoop access another app domain and give me all I want. However it was pretty hard to make this work.\r\nI'll look into your solution and update you whether it worked out for me.",
      "PostedDate": "2011-10-04T06:12:23.473-07:00",
      "Id": 63545
    },
    {
      "Message": "Maciek,\r\n\r\nUnfortunately, the solution provided by you was not successful for me. Actually my excel instance has 5 app domains. Some of them are allocated for excel add-ins.\r\nAnd one of them is where PresentationSource.CurrentSources is not empty.\r\n\r\nWith the solution I implemented it appeared that all the UI elements were created within a single UI-thread for the whole Excel application.\r\nThis UI thread is accessible from multiple app domains (from default one and add-in's app domain).\r\n\r\nHowever if current thread is ui-thread (under Visual Studio debugger), the current app domain is likely to be default one, not add-in's app domain. Of course, unless you've managed to enter another app domain while debugging.",
      "PostedDate": "2011-10-04T06:56:03.26-07:00",
      "Id": 63546
    },
    {
      "Message": "Hi sedated,\r\n\r\nThanks for replying. \r\n\r\nI was also going to mention that the binaries I gave may not work, as some of the paths were hard coded, and the binaries must run as \"full trust\" to get snoop to work. Sorry for the bad upload.\r\n\r\nAnd if you have several Excel plugins, I guess it might be a little harder. Also, I don't work much with Excel plugins, so when I made mine, I couldn't successfully make it unless I used VS 11. Is there any chance you can send me a working solution of an Excel plugin for me to debug? This is an interesting challenge.\r\n\r\n - Maciek\r\n\r\n\r\n\r\n",
      "PostedDate": "2011-10-04T10:54:34.8-07:00",
      "Id": 63547
    },
    {
      "Message": "I'm sorry, it appears that you do have something attached. I overlooked it. I will take a look at the solution, and definitely get back to you.",
      "PostedDate": "2011-10-04T11:05:28.5-07:00",
      "Id": 63548
    },
    {
      "Message": "Hi Maciek,\r\nFirst of all, it's your attachment here, not mine.\r\nRegarding the add-in... It's not a VSTO add-in, but rather Shim add-in. However the principles regarding a separate app domain stay true here.\r\n\r\nI can't upload here the add-in I'm developing, because I don't have permission (it's proprietary).",
      "PostedDate": "2011-10-05T01:01:36.277-07:00",
      "Id": 63549
    },
    {
      "Message": "Yeah, I just found that out right now. I wanted to retract my comment about the add-in, but I couldn't. I was too quick to type without looking carefully.\r\n\r\nI am in the process of making a solution that I'd be interested in testing for this. I understand you can't upload your companies solution, but was wondering in case you had a sample app. The binaries I gave you probably won't work (because they need to be full trust), but I'll upload a buildable solution after I tweak some things.\r\n\r\n - Maciek",
      "PostedDate": "2011-10-05T11:31:22.79-07:00",
      "Id": 63550
    },
    {
      "Message": "Hi sedated,\r\n\r\nI have my solution uploaded here. I'm not sure what kind of add-in you're running, but I'd be curious to see how this solution works out for you. It works well for a VSTO addin, but am not sure how you created your addin.\r\n\r\nAlso, when you build this solution, and you get build errors in the ManagedInjector projects, simply unload them. Each ManagedInjector is meant for a specific platform (.NET 4.0, x86, etc), and snoop will only use the one for your platform (which is likely to be the one that successfully built).\r\n\r\n The binaries I gave last time would not have worked anyway as some of the file-paths are hardcoded, and also assemblies downloaded online are not allowed to be dynamically loaded by default. Building this solution should work though.\r\n\r\n - Maciek",
      "PostedDate": "2011-10-05T21:36:43.597-07:00",
      "Id": 63551
    },
    {
      "Message": "Also, when I stated \"when you build this solution, and you get build errors in the ManagedInjector projects, simply unload them\", by \"unload them\", I meant unload the ones that failed to build. I just wanted to clarify in case I caused any confusion.",
      "PostedDate": "2011-10-05T21:57:21.08-07:00",
      "Id": 63552
    },
    {
      "Message": "Hi Maciek,\r\n\r\nIt's still showing \"Can't find a current application or a PresentationSource root visual!\"...\r\n\r\nI can debug your solution and tell you what might be wrong, or if you already have some other ideas, please go ahead with them.\r\n\r\n- Sid.",
      "PostedDate": "2011-10-07T03:50:31.413-07:00",
      "Id": 63553
    },
    {
      "Message": "I'll try to send you a workable solution this weekend. This is the last resort that I'll send, but I'm confident it'll work.\r\n\r\nMeanwhile, do you think you could tell me how you created your Shim addin?\r\n\r\nThank you for the feedback.\r\n\r\n - Maciek",
      "PostedDate": "2011-10-07T18:10:39.903-07:00",
      "Id": 63554
    },
    {
      "Message": "Hi Sid,\r\n\r\nHere is my last resort (so far). This solution requires 2 steps though. \r\n1) Add a reference to the Snoop.exe program attached (in the binaries directory)\r\n2) In the WPF root window/control of your addin, preferably in the constructor right after the call to InitializeComponent();, add this line of code:  Snoop.SnoopUI.RegisterSnoop(this); So your constructor in your root control should look like this:\r\nInitializeComponent();\r\nSnoop.SnoopUI.RegisterSnoop(this);\r\n...\r\n\r\nNow just press CTLR + Shift over the item you want to snoop, and a new snoop window will pop up. Now you can snoop like normal. When you close the snoop window, you can re-open it again by pressing CTRL + Shift over the visual you want to snoop.\r\n\r\nThis is not a pretty solution, but it get's the job done, and at least you're able to snoop your app. I don't want to check this in, but I want to see that at least this solution will work.\r\n\r\n - Maciek\r\n\r\n\r\n",
      "PostedDate": "2011-10-09T17:04:27.033-07:00",
      "Id": 63555
    },
    {
      "Message": "Hi Sid,\r\n\r\nAlso, to clarify, you can add an EXE reference to your project in the same manner you can add a DLL reference. In this case, you're adding a reference to snoop.exe in your Excel-addin project.\r\n\r\nI'm not checking in the source code to this, but I'd like to see this work.",
      "PostedDate": "2011-10-09T17:07:54.94-07:00",
      "Id": 63556
    },
    {
      "Message": "Hi Maciek,\r\nI made it working. If you are interested, please refer to my blog post: http://sidpsyko.blogspot.com/2011/10/adapting-snoop-wpf-to-multi-appdomain.html \r\n\r\nThe sources with Tortoise SVN payload are attached in the end of the post.\r\n\r\nRegards,\r\nSid.",
      "PostedDate": "2011-10-16T09:56:09.857-07:00",
      "Id": 63557
    },
    {
      "Message": "Hi Sid,\r\n\r\nI read your blog. Very nice. You did your research well, and you concisely explain everything. I would recommend others to read this as well.",
      "PostedDate": "2011-11-01T15:32:55.94-07:00",
      "Id": 63558
    }
  ]
}