{
  "WorkItem": {
    "AffectedComponent": {
      "Name": "",
      "DisplayName": ""
    },
    "ClosedComment": "",
    "ClosedDate": null,
    "CommentCount": 12,
    "Custom": null,
    "Description": "I have an app which uses different threads for different windows. When I installed snoop it was detecting this and asking whether I want to launch few different snoops to access those windows. Everything was working fine.\r\n\r\nAfter few days I tried this again and I can see the main window in the snoop.\r\n\r\nPlease help",
    "LastUpdatedDate": "2013-02-08T11:25:14.033-08:00",
    "PlannedForRelease": "",
    "ReleaseVisibleToPublic": false,
    "Priority": {
      "Name": "Low",
      "Severity": 50,
      "Id": 1
    },
    "ProjectName": "snoopwpf",
    "ReportedDate": "2013-02-06T13:54:07.22-08:00",
    "Status": {
      "Name": "Proposed",
      "Id": 1
    },
    "ReasonClosed": {
      "Name": "Unassigned"
    },
    "Summary": "Window in separate UI thread cant be snooped",
    "Type": {
      "Name": "Issue",
      "Id": 3
    },
    "VoteCount": 1,
    "Id": 7938
  },
  "FileAttachments": [],
  "Comments": [
    {
      "Message": "Hi maxima120,\n\nAre you saying that a few days ago, Snoop was working well for multiple UI threads, but all of a sudden it does not now?\n\nIf that's the case, can it be possible that your application changed? Perhaps you can check to see if Snoop is able to Snoop a test application that just opens a window in another dispatcher. \n\nThe ideal thing would be to have a repo app. If not, can you give us a little more detail? We can troubleshoot this.\n\n - Maciek",
      "PostedDate": "2013-02-06T15:33:14.197-08:00",
      "Id": 88760
    },
    {
      "Message": "yes that exactly what I am saying... \n\nthe window code I am trying to snoop has changed, but I understand snoop shouldnt be affected by any change while this is valid UI element... \n\nif I had any idea where to start looking for the details I'd give them :) - I drag the pointer to the second window and the snoop shows correct window header text in the tooltip next to the dog icon, then I release the dog and I get snoop with my Main window instead. tried different way to do it. I run snoop as Administrator. the app is WPF 4.0 x64 Debug build.\n\nLet me try to create a mock up and reproduce the problem. so i can share the code.\n\nBut it might take some time.",
      "PostedDate": "2013-02-06T16:01:43.427-08:00",
      "Id": 88762
    },
    {
      "Message": "Hi Maxima120,\n\nWhen you say \"then I release the dog and I get snoop with my Main window instead\", do you mean that you're able to Snoop only your main window without the window in the other dispatcher? Or is it that you can't snoop your application at all?\n\nMaciek",
      "PostedDate": "2013-02-06T23:37:46.04-08:00",
      "Id": 88804
    },
    {
      "Message": "yes. whether i click on main or on secondary window the snoop shows the main always.",
      "PostedDate": "2013-02-07T03:18:49.877-08:00",
      "Id": 88818
    },
    {
      "Message": "So you're able to snoop the window in the main dispatcher thread, but are unable to snoop any window in any other dispatcher threads, right?\n\nIf that's the case, does it prompt you to run in multiple dispatcher mode? ",
      "PostedDate": "2013-02-07T12:31:48.91-08:00",
      "Id": 88857
    },
    {
      "Message": "Thats the problem. When I ran snoop few days ago it did ask that. Now it doesnt",
      "PostedDate": "2013-02-07T12:59:08.683-08:00",
      "Id": 88860
    },
    {
      "Message": "In that case, either debug Snoop, or put this code (you can clean up for compile errors) into your application, and call it within your application to see what happens. After you put this into your application, you can call it from Snoop using the Methods tab or the PowerShell tab, and put a breakpoint in this method to see if it detects other dispatchers. If you let us know the result, we can help you from there.\n\n\t\tpublic void CheckForOtherDispatchers(Dispatcher mainDispatcher)\n\t\t{\n\t\t\t// check and see if any of the root visuals have a different mainDispatcher\n\t\t\t// if so, ask the user if they wish to enter multiple mainDispatcher mode.\n\t\t\t// if they do, launch a snoop ui for every additional mainDispatcher.\n\t\t\t// see http://snoopwpf.codeplex.com/workitem/6334 for more info.\n\n\t\t\tList<Visual> rootVisuals = new List<Visual>();\n\t\t\tList<Dispatcher> dispatchers = new List<Dispatcher>();\n\t\t\tdispatchers.Add(mainDispatcher);\n\t\t\tforeach (PresentationSource presentationSource in PresentationSource.CurrentSources)\n\t\t\t{\n\t\t\t\tVisual presentationSourceRootVisual = presentationSource.RootVisual;\n\n                if (!(presentationSourceRootVisual is Window))\n\t\t\t\t\tcontinue;\n\n\t\t\t\tDispatcher presentationSourceRootVisualDispatcher = presentationSourceRootVisual.Dispatcher;\n\n\t\t\t\tif (dispatchers.IndexOf(presentationSourceRootVisualDispatcher) == -1)\n\t\t\t\t{\n\t\t\t\t\trootVisuals.Add(presentationSourceRootVisual);\n\t\t\t\t\tdispatchers.Add(presentationSourceRootVisualDispatcher);\n\t\t\t\t}\n\t\t\t}",
      "PostedDate": "2013-02-07T14:17:20.78-08:00",
      "Id": 88868
    },
    {
      "Message": "I also forgo to add, after pasting this method, put this code in your main Window (along with the code in the previous comment), and invoke the method below to see if it detects other dispatchers:\n\npublic void DispatcherTest()\n{\n  CheckForOtherDispatchers(this.Dispatcher)\n}",
      "PostedDate": "2013-02-07T14:21:16.753-08:00",
      "Id": 88869
    },
    {
      "Message": "I did what you suggested. _PresentationSource.CurrentSources_.Count == 2 but _dispatchers.IndexOf(presentationSourceRootVisualDispatcher)_ is 0 for both dispatchers. Although _dispatchers_ List has only 1 item (main window).",
      "PostedDate": "2013-02-08T05:27:09.983-08:00",
      "Id": 88908
    },
    {
      "Message": "ooops!! I just realised that the whole discussion went the wrong way!\n\nI did change the project. The second window does __not__ run in separate thread anymore.\n\nits just secondWindow.Show() now.\n\nbut why Snoop doesnt let me see the second window then? (sorry I assumed that Snoop lets you see anything which is under the cursor when you drag it from the next to binocular icon)",
      "PostedDate": "2013-02-08T05:37:06.463-08:00",
      "Id": 88909
    },
    {
      "Message": "Hi Maxima120,\n\nI'm glad that the multiple dispatcher feature works. To snoop another window, pressing CTRL + Shift over the other window should snoop the other window. Let us know if that doesn't work for you.\n\nMaciek",
      "PostedDate": "2013-02-08T10:05:13.747-08:00",
      "Id": 88926
    },
    {
      "Message": "thank you for your help. everything is fine now.. sorry for the confusion :)",
      "PostedDate": "2013-02-08T11:25:14.033-08:00",
      "Id": 88931
    }
  ]
}