{
  "WorkItem": {
    "AffectedComponent": {
      "Name": "",
      "DisplayName": ""
    },
    "ClosedComment": "",
    "ClosedDate": null,
    "CommentCount": 0,
    "Custom": null,
    "Description": "System.InvalidOperationException: Cyclic reference found while evaluating the Style property on element 'Microsoft.Windows.Controls.Ribbon.RibbonGroup Header:{DisconnectedItem} Items.Count:0'.\r\n\r\nwhile minimizing the ribbon..",
    "LastUpdatedDate": "2013-09-10T02:55:41.007-07:00",
    "PlannedForRelease": "",
    "ReleaseVisibleToPublic": false,
    "Priority": {
      "Name": "Unassigned",
      "Severity": 0,
      "Id": 0
    },
    "ProjectName": "snoopwpf",
    "ReportedDate": "2013-09-10T02:55:41.007-07:00",
    "Status": {
      "Name": "Proposed",
      "Id": 1
    },
    "ReasonClosed": {
      "Name": "Unassigned"
    },
    "Summary": "System.InvalidOperationException: Cyclic reference found while evaluating the Style property on element 'Microsoft.Windows.Controls.Ribbon.RibbonGroup Header:{DisconnectedItem} Items.Count:0'.",
    "Type": {
      "Name": "Unassigned",
      "Id": 5
    },
    "VoteCount": 1,
    "Id": 7947
  },
  "FileAttachments": [],
  "Comments": []
}