{
  "WorkItem": {
    "AffectedComponent": {
      "Name": "",
      "DisplayName": ""
    },
    "ClosedComment": "",
    "ClosedDate": null,
    "CommentCount": 7,
    "Custom": null,
    "Description": "since the version 2.7 it is not possible to set separate top, left, bottom, right values for padding or margin on snooped instances. Values like 1,2,3,4 are not accepted and for 1,2 the values for top, left, bottom and right get set to 1.2 (1.2,1.2,1.2,1.2).",
    "LastUpdatedDate": "2015-01-13T11:05:58.76-08:00",
    "PlannedForRelease": "",
    "ReleaseVisibleToPublic": false,
    "Priority": {
      "Name": "Low",
      "Severity": 50,
      "Id": 1
    },
    "ProjectName": "snoopwpf",
    "ReportedDate": "2012-10-24T07:10:54.883-07:00",
    "Status": {
      "Name": "Proposed",
      "Id": 1
    },
    "ReasonClosed": {
      "Name": "Unassigned"
    },
    "Summary": "separate top, left, bottom, right values for padding and margin not accepted",
    "Type": {
      "Name": "Issue",
      "Id": 3
    },
    "VoteCount": 2,
    "Id": 7933
  },
  "FileAttachments": [
    {
      "FileId": 522603,
      "FileName": "CantPressEnter.png",
      "DownloadUrl": ".\\522603"
    },
    {
      "FileId": 522604,
      "FileName": "AfterEnter.png",
      "DownloadUrl": ".\\522604"
    }
  ],
  "Comments": [
    {
      "Message": "This seems to work for me.\n\nIf I enter '1, 2, 3, 4' in the text box, Left gets set to 1, Top gets set to 2, Right get sets to 3, and Bottom gets set to 4.\n\nCan you provide more information?",
      "PostedDate": "2012-10-24T08:06:07.757-07:00",
      "Id": 80888
    },
    {
      "Message": "what kind of information should i provide?\r\nIf I try to press Enter after I typed in 1,2,3,4 nothing happens - it won't be accepted \r\n(see attachment)",
      "PostedDate": "2012-10-24T08:59:55.057-07:00",
      "Id": 80898
    },
    {
      "Message": "1,2 is accepted, but all values will be set to 1.2",
      "PostedDate": "2012-10-24T09:01:15.887-07:00",
      "Id": 80899
    },
    {
      "Message": "Weird. Mine is simply working.\n\nAre you in a different locale? I wonder if the TextBox interpreting 1,2 as 1.2 due to locale differences. What is your locale?",
      "PostedDate": "2012-10-24T10:03:25.433-07:00",
      "Id": 80903
    },
    {
      "Message": "windows language is englisch, keyboard german",
      "PostedDate": "2012-10-24T23:42:43.827-07:00",
      "Id": 80958
    },
    {
      "Message": "it seems to been an localization issue. If I switch the separator from , to . it works for a short time. But my pc anyhow switches back automatically.\nBut I also think the padding and margin fields shouldn't depend on the localization, because in xaml code it doesn't covert values like  margin=\"1,5\" into 1.5,1.5,1.5,1.5. The separator is always the comma.",
      "PostedDate": "2012-11-06T10:28:17.307-08:00",
      "Id": 81793
    },
    {
      "Message": "I could find a solution for this problem!\n\nAs suspected it was a localization issue. The Microsoft.Windows.ThicknessConverter which uses the LengthConverter was not able to parse/convert strings like \"1,2,3,4\". With the debugger I got the exception: \"could not convert '1,2,3,4' to length\". \n\nThe problem is somewhere here (ThicknessConverter.cs):\n```\nTokenizerHelper th = new TokenizerHelper(s, cultureInfo);\n            double[] lengths = new double[4];\n            int i = 0;\n \n            // Peel off each double in the delimited list.\n            while (th.NextToken())\n            {\n                if (i >= 4)\n                {\n                    i = 5;    // Set i to a bad value.\n                    break;\n                }\n \n                lengths[i] = LengthConverter.FromString(th.GetCurrentToken(), cultureInfo);\n                i++;\n            }\n```\nI gues, that the TokenizerHelper is not able to split the string.\n\nSo what I've done: I created a modified ThicknessConverter which always uses the comma as string separator and replaced the converter in the StandardValueEditor (line 59)\n\n```\nTypeConverter converter = TypeDescriptor.GetConverter(targetType);\n\n                if (converter != null)\n                {\n                    if (converter is ThicknessConverter)\n                    {\n                        converter = new IndependentThicknessConverter();\n                    }\n```\n\nNow Snoop is working again!\n",
      "PostedDate": "2013-04-03T05:06:38.817-07:00",
      "Id": 95733
    }
  ]
}