{
  "WorkItem": {
    "AffectedComponent": {
      "Name": "",
      "DisplayName": ""
    },
    "ClosedComment": "",
    "ClosedDate": null,
    "CommentCount": 0,
    "Custom": null,
    "Description": "v2.8.0 - In the latest release, I can't seem to view the KeyboardNavigation attached properties.  Other attached properties (like AutomationProperties) seem to show up OK.  KeyboardNavigation properties worked OK in v2.7.1.  Awesome job with the powershell add-in!",
    "LastUpdatedDate": "2013-04-15T09:43:58.09-07:00",
    "PlannedForRelease": "",
    "ReleaseVisibleToPublic": false,
    "Priority": {
      "Name": "Unassigned",
      "Severity": 0,
      "Id": 0
    },
    "ProjectName": "snoopwpf",
    "ReportedDate": "2013-04-15T09:43:58.09-07:00",
    "Status": {
      "Name": "Proposed",
      "Id": 1
    },
    "ReasonClosed": {
      "Name": "Unassigned"
    },
    "Summary": "KeyboardNavigation Attached Properties not showing up",
    "Type": {
      "Name": "Unassigned",
      "Id": 5
    },
    "VoteCount": 1,
    "Id": 7942
  },
  "FileAttachments": [],
  "Comments": []
}