{
  "WorkItem": {
    "AffectedComponent": {
      "Name": "",
      "DisplayName": ""
    },
    "ClosedComment": "Closing this issue, since it isn't really something Snoop is causing ... the operating system is switching keyboard layouts based on Ctrl-Shift ... which Snoop users use to select a visual with the Ctrl-Shift Mouse Over trick.\n\nTo avoid this problem, change the operating system setting ... to use another keystroke ... or to not switch keyboard layouts off of a keystroke mapping.",
    "ClosedDate": "2012-05-14T08:54:07.613-07:00",
    "CommentCount": 4,
    "Custom": null,
    "Description": "I have the two keyboards \"US\" and \"United States - Dvorak\" installed on Windows 7.  I always use the \"US\" keyboard but when Snoop starts it changes my keyboard to the Dvorak keyboard.",
    "LastUpdatedDate": "2012-05-14T08:54:07.613-07:00",
    "PlannedForRelease": "",
    "ReleaseVisibleToPublic": false,
    "Priority": {
      "Name": "Low",
      "Severity": 50,
      "Id": 1
    },
    "ProjectName": "snoopwpf",
    "ReportedDate": "2011-05-24T12:24:23.267-07:00",
    "Status": {
      "Name": "Closed",
      "Id": 4
    },
    "ReasonClosed": {
      "Name": "Unassigned"
    },
    "Summary": "Snoop changes default keyboard",
    "Type": {
      "Name": "Issue",
      "Id": 3
    },
    "VoteCount": 1,
    "Id": 6712
  },
  "FileAttachments": [],
  "Comments": [
    {
      "Message": "Uh ... that's a new one ... and I have no idea why that would happen ... or even how.\r\n\r\nAre you talking about when you start the app chooser? Or are you talking about when you Snoop an application ... by clicking on the Snoop binoculars (in the app chooser)?",
      "PostedDate": "2011-05-24T13:04:24.033-07:00",
      "Id": 63515
    },
    {
      "Message": "Can't reproduce ... installed the Dvorak keyboard ... launched Snoop (no change to default keyboard) ... Snooped an app (no change to default keyboard).\n\r\n\r** Closed by cplotts 05/12/2012 4:55AM",
      "PostedDate": "2012-05-12T04:55:16.667-07:00",
      "Id": 65570
    },
    {
      "Message": "Oooh. Now it is happening to me ... re-opening for now ... let's see if we can isolate why it is happening.",
      "PostedDate": "2012-05-12T05:58:24.963-07:00",
      "Id": 65571
    },
    {
      "Message": "Ok, I've got it figured out.\n\nWhen you add another keyboard (on Windows 7 at least, that's what I'm running too), it adds a little widget to the system tray.\n\nRight click on that widget (it looks like a keyboard), and click 'Settings'. That will bring up the Text Services and Input Languages dialog.\n\nSwitch to the Advanced Key Settings tab page of this dialog.\n\nNow, the problem is that the Ctrl-Shift keystroke sequence ... is set to switch between keyboard layouts.\n\nHowever, the Advanced Key Settings tab page ... doesn't show this ... you have to click on the 'Change Key Sequence' button.\n\nOnce you click on this button, you will bring up the 'Change Key Sequence' dialog. In that dialog, you can see that Ctrl-Shift is assigned to 'Switch Keyboard Layout'.\n\nSo, simply select 'Not Assigned' or one of the other options ... besides 'Ctrl-Shift' ... since 'Ctrl-Shift' will conflict with the Snoop Ctrl-Shift Mouse Over trick.\n\nHope that helps.",
      "PostedDate": "2012-05-14T08:49:58.63-07:00",
      "Id": 65697
    }
  ]
}