{
  "WorkItem": {
    "AffectedComponent": {
      "Name": "",
      "DisplayName": ""
    },
    "ClosedComment": "",
    "ClosedDate": null,
    "CommentCount": 3,
    "Custom": null,
    "Description": "I would like to use Snoop WPF to help in developing and troubleshooting my applications' UI. The problem is, when I check the file on Virus Total, it says that it is infected, so I am not allowed to install it at work. Has else had problems with this download? Please see the report from Virus Total:\r\n\r\nhttps://imgur.com/a/PUMvI\r\n\r\nDoes anyone have any suggestions?",
    "LastUpdatedDate": "2017-01-03T06:26:46.673-08:00",
    "PlannedForRelease": "",
    "ReleaseVisibleToPublic": false,
    "Priority": {
      "Name": "Unassigned",
      "Severity": 0,
      "Id": 0
    },
    "ProjectName": "snoopwpf",
    "ReportedDate": "2016-09-06T07:49:07.473-07:00",
    "Status": {
      "Name": "Proposed",
      "Id": 1
    },
    "ReasonClosed": {
      "Name": "Unassigned"
    },
    "Summary": "snoop wpf virus total",
    "Type": {
      "Name": "Unassigned",
      "Id": 5
    },
    "VoteCount": 2,
    "Id": 7968
  },
  "FileAttachments": [],
  "Comments": [
    {
      "Message": "I wonder if it thinks that due to the injection code that is by definition part of Snoop. Don't worry, it doesn't have a virus.\n\nIf you are that concerned, download and build it yourself from GitHub:\nhttps://github.com/cplotts/snoopwpf",
      "PostedDate": "2016-09-06T08:21:44.813-07:00",
      "Id": 203912
    },
    {
      "Message": "Yes, thank you.  I have built it from source.  But now I am getting the following exception.  I am guess it is a problem with my XAML, but I'm just curious because I don't remember seeing it before with the fully installed version:\n\n```\nSystem.Windows.Markup.XamlParseException occurred\n  HResult=-2146233087\n  LineNumber=0\n  LinePosition=0\n  Message=Provide value on 'System.Windows.Markup.StaticResourceHolder' threw an exception.\n  Source=PresentationFramework\n  StackTrace:\n       at System.Windows.Markup.XamlReader.RewrapException(Exception e, IXamlLineInfo lineInfo, Uri baseUri)\n       at System.Windows.Markup.WpfXamlLoader.Load(XamlReader xamlReader, IXamlObjectWriterFactory writerFactory, Boolean skipJournaledProperties, Object rootObject, XamlObjectWriterSettings settings, Uri baseUri)\n       at System.Windows.ResourceDictionary.CreateObject(KeyRecord key)\n       at System.Windows.ResourceDictionary.OnGettingValue(Object key, Object& value, Boolean& canCache)\n       at System.Windows.ResourceDictionary.OnGettingValuePrivate(Object key, Object& value, Boolean& canCache)\n       at System.Windows.ResourceDictionary.GetValueWithoutLock(Object key, Boolean& canCache)\n       at System.Windows.ResourceDictionary.GetValue(Object key, Boolean& canCache)\n       at System.Windows.ResourceDictionary.get_Item(Object key)\n       at Snoop.Infrastructure.ResourceDictionaryKeyHelpers.GetKeyInResourceDictionary(ResourceDictionary dictionary, Object resourceItem) in C:\\Tools\\snoopwpf-master\\Snoop\\Infrastructure\\ResourceDictionaryKeyHelpers.cs:line 62\n  InnerException: \n       HResult=-2146233088\n       Message=Cannot find resource named 'ColorControlAccentFlat'. Resource names are case sensitive.\n       Source=PresentationFramework\n       StackTrace:\n            at System.Windows.StaticResourceExtension.ProvideValueInternal(IServiceProvider serviceProvider, Boolean allowDeferredReference)\n            at MS.Internal.Xaml.Runtime.ClrObjectRuntime.CallProvideValue(MarkupExtension me, IServiceProvider serviceProvider)\n       InnerException:\n```",
      "PostedDate": "2016-09-22T10:00:07.63-07:00",
      "Id": 204240
    },
    {
      "Message": "I have tried to download this through two different browsers and I have got an virus warning. The virus name seems to be \"Starter.AMBL_2\".",
      "PostedDate": "2017-01-03T06:26:46.673-08:00",
      "Id": 205844
    }
  ]
}