{
  "WorkItem": {
    "AffectedComponent": {
      "Name": "",
      "DisplayName": ""
    },
    "ClosedComment": "",
    "ClosedDate": "2011-09-02T07:54:29.21-07:00",
    "CommentCount": 3,
    "Custom": "",
    "Description": "If you Snoop an application that has a default TextBlock style defined in the Application resource dictionary ... and that Style has a White Foreground property setter ... this results in the main Snoop UI being very hard to read.\n\nSince the main Snoop UI is injected into the process being Snoop(ed), it picks up this default TextBlock style when it shouldn't.",
    "LastUpdatedDate": "2011-09-02T07:54:29.21-07:00",
    "PlannedForRelease": "Snoop 2.5.1",
    "ReleaseVisibleToPublic": true,
    "Priority": {
      "Name": "Low",
      "Severity": 50,
      "Id": 1
    },
    "ProjectName": "snoopwpf",
    "ReportedDate": "2010-05-21T13:41:29.19-07:00",
    "Status": {
      "Name": "Closed",
      "Id": 4
    },
    "ReasonClosed": {
      "Name": "Unassigned"
    },
    "Summary": "Snooping an Application with a Default White Foreground TextBlock Style",
    "Type": {
      "Name": "Issue",
      "Id": 3
    },
    "VoteCount": 1,
    "Id": 4701
  },
  "FileAttachments": [],
  "Comments": [
    {
      "Message": "http://snoopwpf.codeplex.com/SourceControl/changeset/changes/46209\r\n\r\nThis has been fixed by change set 46209.\r\n\n\n** Closed by cplotts 5/21/2010 1:55 PM",
      "PostedDate": "2010-05-21T13:56:27.46-07:00",
      "Id": 63394
    },
    {
      "Message": "I think I'll mark this Fixed instead of Closed. Duh.",
      "PostedDate": "2010-05-21T13:56:28.14-07:00",
      "Id": 63395
    },
    {
      "Message": "[changeset:46209]\r\n\r\nThis has been fixed by change set 46209.",
      "PostedDate": "2010-05-21T13:57:08.94-07:00",
      "Id": 63396
    }
  ]
}