{
  "WorkItem": {
    "AffectedComponent": {
      "Name": "",
      "DisplayName": ""
    },
    "ClosedComment": "I am closing this issue ... since the cross hairs functionality ... really makes it moot.\n\nThat is, just use the cross hairs introduced in Snoop 2.7.0 (http://snoopwpf.codeplex.com/releases/view/60745) to select the app that you want to Snoop.",
    "ClosedDate": "2012-05-12T04:39:06.73-07:00",
    "CommentCount": 0,
    "Custom": "",
    "Description": "Hiya all,\n\ni am new here, so sorry if I post on the wrong place. I tried to use WPF Snoop this morning. I am using it on a terminal server with 11 users logged on. The number of items in NativeMethods.ToplevelWindows is over 1000! It takes 2 - 5 minutes to process them all. I wrote a fix for myself which doesn't enumerate the windows, but just the processes and then checks the SessionID.  I don't know if I am missing windows this way, but now NativeMethods.ToplevelWindows only returns 50 items...\n\nThis is my fix, hope it also works in non-terminal-server environments:\n\npublic static IntPtr[] ToplevelWindows\n{\n\tget\n\t{\n        List<IntPtr> windowList = new List<IntPtr>();\n        Process[] processes = Process.GetProcesses();\n        int mySessionId = Process.GetCurrentProcess().SessionId;\n\n        foreach (Process p in processes)\n        {\n            if (p.SessionId == mySessionId)\n            {\n                windowList.Add(p.MainWindowHandle);\n            }\n        }\n        return windowList.ToArray();\n    }\n}",
    "LastUpdatedDate": "2012-05-12T04:39:06.73-07:00",
    "PlannedForRelease": "",
    "ReleaseVisibleToPublic": false,
    "Priority": {
      "Name": "Low",
      "Severity": 50,
      "Id": 1
    },
    "ProjectName": "snoopwpf",
    "ReportedDate": "2010-04-26T00:12:35.977-07:00",
    "Status": {
      "Name": "Closed",
      "Id": 4
    },
    "ReasonClosed": {
      "Name": "Unassigned"
    },
    "Summary": "Creating list of WPF applications is slooooow  (on terminal server)",
    "Type": {
      "Name": "Feature",
      "Id": 1
    },
    "VoteCount": 1,
    "Id": 4311
  },
  "FileAttachments": [],
  "Comments": []
}