{
  "WorkItem": {
    "AffectedComponent": {
      "Name": "",
      "DisplayName": ""
    },
    "ClosedComment": "",
    "ClosedDate": "2010-07-15T19:40:05.143-07:00",
    "CommentCount": 1,
    "Custom": "",
    "Description": "Double click a property name in the property editor grid to Delve into that property.\n\nFrom Dan Hanan",
    "LastUpdatedDate": "2010-07-15T19:40:05.143-07:00",
    "PlannedForRelease": "Snoop 2.6.1",
    "ReleaseVisibleToPublic": true,
    "Priority": {
      "Name": "Low",
      "Severity": 50,
      "Id": 1
    },
    "ProjectName": "snoopwpf",
    "ReportedDate": "2010-07-15T19:38:00.067-07:00",
    "Status": {
      "Name": "Closed",
      "Id": 4
    },
    "ReasonClosed": {
      "Name": "Unassigned"
    },
    "Summary": "Double Click Delve",
    "Type": {
      "Name": "Issue",
      "Id": 3
    },
    "VoteCount": 0,
    "Id": 5150
  },
  "FileAttachments": [],
  "Comments": [
    {
      "Message": "Resolved with changeset 49605.",
      "PostedDate": "2010-07-15T19:40:05.143-07:00",
      "Id": 63437
    }
  ]
}