{
  "WorkItem": {
    "AffectedComponent": {
      "Name": "",
      "DisplayName": ""
    },
    "ClosedComment": "",
    "ClosedDate": "2010-07-22T16:27:36.587-07:00",
    "CommentCount": 1,
    "Custom": "",
    "Description": "Currently, you can use the editable combo box to filter the visual tree TreeView. However, after you select the 'Show only visuals with binding errors' ... selecting 'Clear any filter applied to the tree view' does not clear the filter.",
    "LastUpdatedDate": "2010-07-22T16:29:45.403-07:00",
    "PlannedForRelease": "Snoop 2.6.1",
    "ReleaseVisibleToPublic": true,
    "Priority": {
      "Name": "Low",
      "Severity": 50,
      "Id": 1
    },
    "ProjectName": "snoopwpf",
    "ReportedDate": "2010-07-02T10:46:49.55-07:00",
    "Status": {
      "Name": "Closed",
      "Id": 4
    },
    "ReasonClosed": {
      "Name": "Unassigned"
    },
    "Summary": "Fix the 'Clear any filter applied to the tree view' so that it works.",
    "Type": {
      "Name": "Issue",
      "Id": 3
    },
    "VoteCount": 0,
    "Id": 4989
  },
  "FileAttachments": [],
  "Comments": [
    {
      "Message": "Fixed this a while back and forgot to close this work item.",
      "PostedDate": "2010-07-22T16:27:36.587-07:00",
      "Id": 63425
    }
  ]
}