{
  "WorkItem": {
    "AffectedComponent": {
      "Name": "",
      "DisplayName": ""
    },
    "ClosedComment": "",
    "ClosedDate": null,
    "CommentCount": 1,
    "Custom": null,
    "Description": "Message: Exception has been thrown by the target of an invocation.\r\nStacktrace:\r\n   at System.RuntimeMethodHandle.InvokeMethod(Object target, Object[] arguments, Signature sig, Boolean constructor)\r\n   at System.Reflection.RuntimeMethodInfo.UnsafeInvokeInternal(Object obj, Object[] parameters, Object[] arguments)\r\n   at System.Delegate.DynamicInvokeImpl(Object[] args)\r\n   at Microsoft.Win32.SystemEvents.SystemEventInvokeInfo.InvokeCallback(Object arg)\r\n   at System.Windows.Threading.ExceptionWrapper.InternalRealCall(Delegate callback, Object args, Int32 numArgs)\r\n   at MS.Internal.Threading.ExceptionFilterHelper.TryCatchWhen(Object source, Delegate method, Object args, Int32 numArgs, Delegate catchHandler)\r\n\r\n\r\nInnerException:\r\n\r\nMessage: Object reference not set to an instance of an object.\r\nStacktrace:\r\n   at Microsoft.VisualStudio.Editors.ResourceEditor.ResourceListView.OnSystemColorsChanged(EventArgs e)\r\n   at System.Windows.Forms.Control.OnSystemColorsChanged(EventArgs e)\r\n   at System.Windows.Forms.Control.OnSystemColorsChanged(EventArgs e)\r\n   at System.Windows.Forms.Control.UserPreferenceChanged(Object sender, UserPreferenceChangedEventArgs pref)\r\n",
    "LastUpdatedDate": "2014-03-05T22:51:15.977-08:00",
    "PlannedForRelease": "",
    "ReleaseVisibleToPublic": false,
    "Priority": {
      "Name": "Unassigned",
      "Severity": 0,
      "Id": 0
    },
    "ProjectName": "snoopwpf",
    "ReportedDate": "2014-03-04T19:02:32.027-08:00",
    "Status": {
      "Name": "Proposed",
      "Id": 1
    },
    "ReasonClosed": {
      "Name": "Unassigned"
    },
    "Summary": "Unhandled exception on UI thread",
    "Type": {
      "Name": "Unassigned",
      "Id": 5
    },
    "VoteCount": 1,
    "Id": 7955
  },
  "FileAttachments": [],
  "Comments": [
    {
      "Message": "Do you have any idea how this is reproduced? It looks like you are also integrating WinForms into your WPF app.",
      "PostedDate": "2014-03-05T22:51:15.977-08:00",
      "Id": 136005
    }
  ]
}