{
  "WorkItem": {
    "AffectedComponent": {
      "Name": "",
      "DisplayName": ""
    },
    "ClosedComment": "The Ctrl-Shift Mouse Over trick works here ... closing the issue.",
    "ClosedDate": "2012-05-12T03:47:18-07:00",
    "CommentCount": 2,
    "Custom": "",
    "Description": "When I refresh the combo, Snoop only every finds one of my app's windows.  Whether I use the combo or the crosshairs, I can only snoop one of my app's windows, regardless of which one I click on.  The window shown in the combo and the one the Snoop always snoops are not necessarily the same one.",
    "LastUpdatedDate": "2012-05-12T03:47:18-07:00",
    "PlannedForRelease": "",
    "ReleaseVisibleToPublic": false,
    "Priority": {
      "Name": "Low",
      "Severity": 50,
      "Id": 1
    },
    "ProjectName": "snoopwpf",
    "ReportedDate": "2012-02-13T10:12:33.217-08:00",
    "Status": {
      "Name": "Closed",
      "Id": 4
    },
    "ReasonClosed": {
      "Name": "Unassigned"
    },
    "Summary": "Can't snoop second window",
    "Type": {
      "Name": "Issue",
      "Id": 3
    },
    "VoteCount": 2,
    "Id": 7726
  },
  "FileAttachments": [],
  "Comments": [
    {
      "Message": "Have you tried pressing CTRL + Shift while above the other window you want to snoop? If not, let me know how that goes.",
      "PostedDate": "2012-02-13T12:43:28.917-08:00",
      "Id": 63575
    },
    {
      "Message": "Yes, that works.  If I open the main Snoop window with the wrong target, I can use the Ctrl+Shift technique to change it over to to the correct window.",
      "PostedDate": "2012-02-14T03:02:24.03-08:00",
      "Id": 63576
    }
  ]
}