{
  "WorkItem": {
    "AffectedComponent": {
      "Name": "",
      "DisplayName": ""
    },
    "ClosedComment": "Snooping modal windows seems to work OK.",
    "ClosedDate": "2012-03-31T12:36:01.837-07:00",
    "CommentCount": 1,
    "Custom": "",
    "Description": "Hi ,\n\nI have a modal window which i wnat to snoop . but snoop utiltiy is able to show only parent window ? Is there any work around for that ?\n\nWhatever I do I always end with Snoop showing the properties of the MainWindow, not the Window1. I added an image too.\n\nLOL. While doing the screenshot I found a workaround. After doing the snoop I can click on the modal window and snoop will set Window1 as the Keyboard.FocusedWindow. Then I can click on the Window1 link of the snoop statusbar and it will open a new snoop window showing the Window1.\n\nAnyway this looks as a workaround and not as the expected behavior.",
    "LastUpdatedDate": "2012-04-06T05:36:37.573-07:00",
    "PlannedForRelease": "",
    "ReleaseVisibleToPublic": false,
    "Priority": {
      "Name": "Low",
      "Severity": 50,
      "Id": 1
    },
    "ProjectName": "snoopwpf",
    "ReportedDate": "2012-03-28T12:56:19.307-07:00",
    "Status": {
      "Name": "Closed",
      "Id": 4
    },
    "ReasonClosed": {
      "Name": "Unassigned"
    },
    "Summary": "How to snoop the modal window ?",
    "Type": {
      "Name": "Issue",
      "Id": 3
    },
    "VoteCount": 1,
    "Id": 7846
  },
  "FileAttachments": [
    {
      "FileId": 371334,
      "FileName": "TestSnoopModal.7z",
      "DownloadUrl": ".\\371334"
    }
  ],
  "Comments": [
    {
      "Message": "If anyone else runs into this issue ... in order to Snoop dialogs ... you must first open the modal dialog ... then you must Snoop it ... and finally you must use the Ctrl-Shift Mouse Over trick to get at the window.\r\n\r\nSee http://www.cplotts.com/2011/02/10/snoop-tips-tricks-1-ctrl-shift-mouse-over/ for more info.",
      "PostedDate": "2012-04-06T05:36:37.573-07:00",
      "Id": 63584
    }
  ]
}