{
  "WorkItem": {
    "AffectedComponent": {
      "Name": "",
      "DisplayName": ""
    },
    "ClosedComment": "",
    "ClosedDate": null,
    "CommentCount": 1,
    "Custom": "",
    "Description": "Try SnapsToDevicePixels.\n\nUnfortunately, UseLayoutRounding=\"True\" and TextOptions.TextFormattingMode=\"Display\" are not options until we go WPF 4.0 for Snoop itself (which we won't do for the forseeable future ... so that Snoop can still handle Snooping WPF 3.5 applications).",
    "LastUpdatedDate": "2010-07-02T10:55:16.553-07:00",
    "PlannedForRelease": "",
    "ReleaseVisibleToPublic": false,
    "Priority": {
      "Name": "Low",
      "Severity": 50,
      "Id": 1
    },
    "ProjectName": "snoopwpf",
    "ReportedDate": "2010-06-07T08:12:04.25-07:00",
    "Status": {
      "Name": "Proposed",
      "Id": 1
    },
    "ReasonClosed": {
      "Name": "Unassigned"
    },
    "Summary": "See if we can make things look crisp in all parts of the Snoop user interface.",
    "Type": {
      "Name": "Feature",
      "Id": 1
    },
    "VoteCount": 1,
    "Id": 4843
  },
  "FileAttachments": [],
  "Comments": [
    {
      "Message": "Snoop will be a WPF 3.5 SP1 application for the foreseeable future. This means that LayoutRounding and the new text mode capabilities in WPF 4.0 are out of the picture for now. Modifying the work item as appropriate.",
      "PostedDate": "2010-07-02T10:55:16.553-07:00",
      "Id": 63407
    }
  ]
}