{
  "WorkItem": {
    "AffectedComponent": {
      "Name": "",
      "DisplayName": ""
    },
    "ClosedComment": "",
    "ClosedDate": null,
    "CommentCount": 3,
    "Custom": null,
    "Description": "HI I am trying to snoop my applicaiton and when i try to track of events my application suddenly crashes by saying StackOverFlow. I tried look at logs but did not help why it is causing issue.",
    "LastUpdatedDate": "2013-04-12T15:15:15.71-07:00",
    "PlannedForRelease": "",
    "ReleaseVisibleToPublic": false,
    "Priority": {
      "Name": "Unassigned",
      "Severity": 0,
      "Id": 0
    },
    "ProjectName": "snoopwpf",
    "ReportedDate": "2013-04-08T13:51:34.137-07:00",
    "Status": {
      "Name": "Proposed",
      "Id": 1
    },
    "ReasonClosed": {
      "Name": "Unassigned"
    },
    "Summary": "Stackoverflow exception",
    "Type": {
      "Name": "Unassigned",
      "Id": 5
    },
    "VoteCount": 1,
    "Id": 7941
  },
  "FileAttachments": [],
  "Comments": [
    {
      "Message": "I would suggest downloading the Snoop source code ... and debugging the issue yourself. We can do little with the information you provided.\n\nIf you can get us the stack, that might be helpful ... to see why it is overflowing.",
      "PostedDate": "2013-04-10T19:25:55.617-07:00",
      "Id": 96707
    },
    {
      "Message": "Also, I wanted to add that Snoop runs as part of the application being snooped. Therefore, you should be able to see the call stack in your debugger. if you're able to see that, then that could help troubleshoot the issue as well.",
      "PostedDate": "2013-04-11T09:20:41.62-07:00",
      "Id": 96738
    },
    {
      "Message": "THere is no much help in callstack but it seems like some infinite calls have been made whenever i try the short cut ctrl+Shift+mouse over on a control. this happened to different controls. Not sure what can be the fix",
      "PostedDate": "2013-04-12T15:15:15.71-07:00",
      "Id": 96874
    }
  ]
}