{
  "WorkItem": {
    "AffectedComponent": {
      "Name": "",
      "DisplayName": ""
    },
    "ClosedComment": "",
    "ClosedDate": "2010-10-22T11:53:32.377-07:00",
    "CommentCount": 5,
    "Custom": "",
    "Description": "Snoop is creating VisualTreeItem's with a null Target for some of my applications ResourceDictionaries.  I don't have enough knowledge of the Snoop code to understand why this happens or whether or not it is correct.\n\nI fixed the null reference exception in my local version by replacing this:\nthis.typeNameLower = this.Target.GetType().Name.ToLower();\n\nwith this:\nthis.typeNameLower = this.Target != null ? this.Target.GetType().Name.ToLower() : string.Empty;\n\nWorks for me, figured I'd share.",
    "LastUpdatedDate": "2010-10-22T11:59:10.71-07:00",
    "PlannedForRelease": "Snoop 2.6.1",
    "ReleaseVisibleToPublic": true,
    "Priority": {
      "Name": "Low",
      "Severity": 50,
      "Id": 1
    },
    "ProjectName": "snoopwpf",
    "ReportedDate": "2010-09-07T11:42:01.893-07:00",
    "Status": {
      "Name": "Closed",
      "Id": 4
    },
    "ReasonClosed": {
      "Name": "Unassigned"
    },
    "Summary": "Crash in VisualTreeItem.Reload()",
    "Type": {
      "Name": "Issue",
      "Id": 3
    },
    "VoteCount": 2,
    "Id": 5558
  },
  "FileAttachments": [],
  "Comments": [
    {
      "Message": "Interesting and pretty safe. I'll definitely take a look at integrating this change and will let you know when I do.\r\n\r\nEven better if you can send me a small test harness which illustrates the issue! Is that possible?\r\n\r\nAnd ... most of all, thanks for sharing! It helps everyone!",
      "PostedDate": "2010-09-08T08:19:46.623-07:00",
      "Id": 63449
    },
    {
      "Message": "You can reproduce the issue by adding something like this to your top level resource dictionary.\r\n\r\nI can't disclose why we have this in our source, but it may end up in a blog post someday...",
      "PostedDate": "2010-09-08T16:24:19.96-07:00",
      "Id": 63450
    },
    {
      "Message": "Just now getting around to integrating this fix ... and I can't get it to crash ... even with your simple example.\r\n\r\nCan you attach a test harness? I always prefer to validate the fixes I integrate ... even though, I agree, your change seems smart and safe.",
      "PostedDate": "2010-10-09T09:06:49.117-07:00",
      "Id": 63451
    },
    {
      "Message": "Resolved with changeset 57517.",
      "PostedDate": "2010-10-22T11:53:32.377-07:00",
      "Id": 63452
    },
    {
      "Message": "Just decided that this fix was too safe ... to not add ... if you ever get around to uploading or emailing me a test harness ... that would be very cool.",
      "PostedDate": "2010-10-22T11:59:10.71-07:00",
      "Id": 63453
    }
  ]
}