{
  "WorkItem": {
    "AffectedComponent": {
      "Name": "",
      "DisplayName": ""
    },
    "ClosedComment": "",
    "ClosedDate": "2011-09-01T19:18:15.72-07:00",
    "CommentCount": 4,
    "Custom": "",
    "Description": "If you're looking at a Style in the property grid, you can not see the value of the x:Key attribute.",
    "LastUpdatedDate": "2011-09-01T19:18:15.72-07:00",
    "PlannedForRelease": "Snoop 2.7.0",
    "ReleaseVisibleToPublic": true,
    "Priority": {
      "Name": "Low",
      "Severity": 50,
      "Id": 1
    },
    "ProjectName": "snoopwpf",
    "ReportedDate": "2010-06-18T12:41:25.95-07:00",
    "Status": {
      "Name": "Closed",
      "Id": 4
    },
    "ReasonClosed": {
      "Name": "Unassigned"
    },
    "Summary": "See if we can display the value of the x:Key attribute.",
    "Type": {
      "Name": "Feature",
      "Id": 1
    },
    "VoteCount": 5,
    "Id": 4919
  },
  "FileAttachments": [],
  "Comments": [
    {
      "Message": "Good ability",
      "PostedDate": "2010-07-02T02:28:58.7-07:00",
      "Id": 63412
    },
    {
      "Message": "Thanks for taking this on.",
      "PostedDate": "2010-07-08T09:38:29.757-07:00",
      "Id": 63413
    },
    {
      "Message": "Updated the text of this issue ... to clarify what I was intending when I originally wrote it. And ... I have no idea what an x:Value attribute is! Duh! I think I meant x:Name ... but those are already displayed in the property grid ... so, I'm crazy.",
      "PostedDate": "2011-05-06T06:37:37.06-07:00",
      "Id": 63414
    },
    {
      "Message": "Resolved with changeset 69822.",
      "PostedDate": "2011-09-01T19:18:15.72-07:00",
      "Id": 63415
    }
  ]
}