{
  "WorkItem": {
    "AffectedComponent": {
      "Name": "",
      "DisplayName": ""
    },
    "ClosedComment": "Closing this issue out since I believe change set 70033 fixed it.",
    "ClosedDate": "2012-04-21T05:08:37.507-07:00",
    "CommentCount": 5,
    "Custom": "",
    "Description": "Snoop.SnoopUI.GoBabyGo():\n foreach (PresentationSource source in PresentationSource.CurrentSources)\n    {\n        Visual rootVisual = source.RootVisual;\n(*)        Dispatcher dispatcher = rootVisual.Dispatcher;\n        if (list2.IndexOf(dispatcher) == -1)\n        {\n            parameter.Add(rootVisual);\n            list2.Add(dispatcher);\n        }\n    }\n\nThe (*) line causes a NullReferenceException if the RootVisual of the presentation source is null.",
    "LastUpdatedDate": "2012-04-21T05:08:37.507-07:00",
    "PlannedForRelease": "Snoop 2.7.1",
    "ReleaseVisibleToPublic": true,
    "Priority": {
      "Name": "Low",
      "Severity": 50,
      "Id": 1
    },
    "ProjectName": "snoopwpf",
    "ReportedDate": "2011-09-14T01:12:41.64-07:00",
    "Status": {
      "Name": "Closed",
      "Id": 4
    },
    "ReasonClosed": {
      "Name": "Unassigned"
    },
    "Summary": "Snoop 2.7 - NullReferenceException",
    "Type": {
      "Name": "Issue",
      "Id": 3
    },
    "VoteCount": 1,
    "Id": 7164
  },
  "FileAttachments": [],
  "Comments": [
    {
      "Message": "Thank you very much for bringing this to our attention.\r\n\r\nAre you debugging Snoop locally? And if so, did checking for null on the rootVisual and continuing:\r\nif (rootVisual == null) continue;\r\n\r\nfix the problem?",
      "PostedDate": "2011-09-14T10:17:52.93-07:00",
      "Id": 63537
    },
    {
      "Message": "hi, \r\nyes, that should fix the problem.\r\nIn my case i got two presentation sources, where the first one had no root visual assigned.\r\nSkipping it solved the problem for me.\r\n\r\n\r\n",
      "PostedDate": "2011-09-14T13:19:54.8-07:00",
      "Id": 63538
    },
    {
      "Message": "Thanks for letting us know. In my latest build, I added that line (so now at least you can be in sync with the latest).",
      "PostedDate": "2011-09-14T17:12:37.527-07:00",
      "Id": 63539
    },
    {
      "Message": "Thanks",
      "PostedDate": "2011-09-14T23:42:52.33-07:00",
      "Id": 63540
    },
    {
      "Message": "I believe this was fixed with change set 70033.",
      "PostedDate": "2012-04-21T05:07:18.357-07:00",
      "Id": 63541
    }
  ]
}