{
  "WorkItem": {
    "AffectedComponent": {
      "Name": "",
      "DisplayName": ""
    },
    "ClosedComment": "Not an issue. Snoop couldn't find the application since Visual Studio 2010 was running as Administrator while Snoop wasn't.",
    "ClosedDate": "2011-05-25T08:20:18.417-07:00",
    "CommentCount": 3,
    "Custom": "",
    "Description": "Windows 7, VS 2010, WPF 4.0.  Load solution in VS2010, Start Debugging.  Snoop can't see the application to allow snooping of it.",
    "LastUpdatedDate": "2011-05-25T08:20:18.417-07:00",
    "PlannedForRelease": "",
    "ReleaseVisibleToPublic": false,
    "Priority": {
      "Name": "Low",
      "Severity": 50,
      "Id": 1
    },
    "ProjectName": "snoopwpf",
    "ReportedDate": "2011-05-24T12:26:38.083-07:00",
    "Status": {
      "Name": "Closed",
      "Id": 4
    },
    "ReasonClosed": {
      "Name": "Unassigned"
    },
    "Summary": "Snoop can't find a WPF 4.0 application running in VS2010 debugger",
    "Type": {
      "Name": "Issue",
      "Id": 3
    },
    "VoteCount": 1,
    "Id": 6713
  },
  "FileAttachments": [],
  "Comments": [
    {
      "Message": "This is likely due to your running Visual Studio 2010 in elevated (as Administrator) mode ... while not also running Snoop as Administrator.\r\n\r\nIs this the case? Let me know, if it is, so I can close this issue.",
      "PostedDate": "2011-05-24T13:02:04.073-07:00",
      "Id": 63516
    },
    {
      "Message": "That is the case.  Thank you.  Sorry to bother you about this.",
      "PostedDate": "2011-05-24T14:55:09.407-07:00",
      "Id": 63517
    },
    {
      "Message": "No problem! Glad it was easy.",
      "PostedDate": "2011-05-25T08:18:57.993-07:00",
      "Id": 63518
    }
  ]
}