{
  "WorkItem": {
    "AffectedComponent": {
      "Name": "",
      "DisplayName": ""
    },
    "ClosedComment": "",
    "ClosedDate": "2011-02-14T19:24:52.04-08:00",
    "CommentCount": 7,
    "Custom": "",
    "Description": "Create one window and then create another and Show it from the first. Try Snooping it.\n\nSnoop is able to handle looking at properties on the secondary window, but the events area only works on the primary window.",
    "LastUpdatedDate": "2011-04-08T08:52:56.953-07:00",
    "PlannedForRelease": "Snoop 2.7.0",
    "ReleaseVisibleToPublic": true,
    "Priority": {
      "Name": "High",
      "Severity": 150,
      "Id": 3
    },
    "ProjectName": "snoopwpf",
    "ReportedDate": "2010-07-01T08:34:41.947-07:00",
    "Status": {
      "Name": "Closed",
      "Id": 4
    },
    "ReasonClosed": {
      "Name": "Unassigned"
    },
    "Summary": "The Events Area Doesn't Work with Secondary Windows/Dialogs",
    "Type": {
      "Name": "Issue",
      "Id": 3
    },
    "VoteCount": 8,
    "Id": 4984
  },
  "FileAttachments": [],
  "Comments": [
    {
      "Message": "Very needed capability",
      "PostedDate": "2010-07-02T02:27:52.12-07:00",
      "Id": 63417
    },
    {
      "Message": "I can't get snoop to look at the second window. It always looks at the main window. However this may be unique--I'm forced to use Snoop on a VM (x64 windows server). It can see the main window, but the window dropdown gets confused and you can only snoop the main window. When a second window is opened, the snoop dropdown will show the new window name, but snoooping is still on the main window, and the main window will get focus. The dropdown also only holds one name.",
      "PostedDate": "2010-07-08T09:46:43.117-07:00",
      "Id": 63418
    },
    {
      "Message": "Snoop-ing non main windows would be very helpful for me too ;)",
      "PostedDate": "2010-08-16T01:02:38.363-07:00",
      "Id": 63419
    },
    {
      "Message": "To everyone trying to Snoop non main windows: try using the Ctrl-Shift mouse over trick on the non main window. Snoop should pick it up and be able to Snoop it. I haven't had any problems.\r\n\r\nHolding down the Ctrl key and the Shift key while mousing over the Window you would like to Snoop ... is what I call the Ctrl-Shift mouse over trick. It will work for all Windows in the Snooped process.",
      "PostedDate": "2010-08-16T07:26:49.49-07:00",
      "Id": 63420
    },
    {
      "Message": "Let me clarify, I'm talking about the main properties grid window ... and not the events area. Unfortunately, this only works with the main window at this point ... which is the reason for this work item.\r\n\r\nSo, the Snoop property grid works on non main windows .... whereas the Snoop events area only works on the main window.",
      "PostedDate": "2010-08-16T07:38:10.75-07:00",
      "Id": 63421
    },
    {
      "Message": "I have the same issue with events fired from a control inside of a combobox on the main window.",
      "PostedDate": "2010-10-05T07:23:41.363-07:00",
      "Id": 63422
    },
    {
      "Message": "Resolved with changeset 62369.",
      "PostedDate": "2011-02-14T19:24:52.04-08:00",
      "Id": 63423
    }
  ]
}