{
  "WorkItem": {
    "AffectedComponent": {
      "Name": "",
      "DisplayName": ""
    },
    "ClosedComment": "",
    "ClosedDate": "2011-04-16T14:07:08.027-07:00",
    "CommentCount": 1,
    "Custom": "",
    "Description": "It is annoying to have to wait for the animation of the minimize/close buttons ... in order to minimize or close the Snoop app chooser.\n\nA great suggestion by Dan Hannan!",
    "LastUpdatedDate": "2011-04-16T14:07:08.027-07:00",
    "PlannedForRelease": "Snoop 2.7.0",
    "ReleaseVisibleToPublic": true,
    "Priority": {
      "Name": "Low",
      "Severity": 50,
      "Id": 1
    },
    "ProjectName": "snoopwpf",
    "ReportedDate": "2011-04-16T14:05:06.563-07:00",
    "Status": {
      "Name": "Closed",
      "Id": 4
    },
    "ReasonClosed": {
      "Name": "Unassigned"
    },
    "Summary": "Move the Minimize/Close Buttons into Main App Chooser Bar",
    "Type": {
      "Name": "Feature",
      "Id": 1
    },
    "VoteCount": 0,
    "Id": 6497
  },
  "FileAttachments": [],
  "Comments": [
    {
      "Message": "Resolved with changeset 65350.",
      "PostedDate": "2011-04-16T14:07:08.027-07:00",
      "Id": 63511
    }
  ]
}