{
  "WorkItem": {
    "AffectedComponent": {
      "Name": "",
      "DisplayName": ""
    },
    "ClosedComment": "",
    "ClosedDate": null,
    "CommentCount": 0,
    "Custom": null,
    "Description": "_I may be wrong here but I could not find any solution to this_\r\n\r\nWhen I snoop my screen , Left side element area does not show any vertical scroll bar.\r\n\r\nAttached is the screen shot for reference.\r\n\r\n\r\n\r\n",
    "LastUpdatedDate": "2016-05-27T05:29:26.463-07:00",
    "PlannedForRelease": "",
    "ReleaseVisibleToPublic": false,
    "Priority": {
      "Name": "Unassigned",
      "Severity": 0,
      "Id": 0
    },
    "ProjectName": "snoopwpf",
    "ReportedDate": "2016-05-27T05:29:26.243-07:00",
    "Status": {
      "Name": "Proposed",
      "Id": 1
    },
    "ReasonClosed": {
      "Name": "Unassigned"
    },
    "Summary": "Snooping a screen does not show the vertical scroll bar",
    "Type": {
      "Name": "Unassigned",
      "Id": 5
    },
    "VoteCount": 1,
    "Id": 7967
  },
  "FileAttachments": [
    {
      "FileId": 1574442,
      "FileName": "snoop_not vertical scroll bar.PNG",
      "DownloadUrl": ".\\1574442"
    }
  ],
  "Comments": []
}