{
  "WorkItem": {
    "AffectedComponent": {
      "Name": "",
      "DisplayName": ""
    },
    "ClosedComment": "",
    "ClosedDate": null,
    "CommentCount": 1,
    "Custom": null,
    "Description": "Add donate button, I used this soft several times with results, want to put few USD.",
    "LastUpdatedDate": "2015-03-19T20:35:39.247-07:00",
    "PlannedForRelease": "",
    "ReleaseVisibleToPublic": false,
    "Priority": {
      "Name": "Unassigned",
      "Severity": 0,
      "Id": 0
    },
    "ProjectName": "snoopwpf",
    "ReportedDate": "2014-09-22T01:26:25.4-07:00",
    "Status": {
      "Name": "Proposed",
      "Id": 1
    },
    "ReasonClosed": {
      "Name": "Unassigned"
    },
    "Summary": "Add donate button",
    "Type": {
      "Name": "Unassigned",
      "Id": 5
    },
    "VoteCount": 1,
    "Id": 7959
  },
  "FileAttachments": [],
  "Comments": [
    {
      "Message": "Thank you so much for the offer :). We actually decided not to post ads on this page either, and decided make this app completely free. We take great satisfaction in helping others out, and building a quality tool that is used outside. \n\nIf you encounter any problems, or have an application that can't be snooped, we really appreciate posting apps that reproduce the issue (I know it can be painful to create a mini app that isolates the problem and package it).\n\nThank you so much for the offer, and let us know what you like about Snoop (or what you don't like). ",
      "PostedDate": "2015-03-19T20:35:39.247-07:00",
      "Id": 179631
    }
  ]
}