{
  "WorkItem": {
    "AffectedComponent": {
      "Name": "",
      "DisplayName": ""
    },
    "ClosedComment": "",
    "ClosedDate": null,
    "CommentCount": 1,
    "Custom": null,
    "Description": "When I try to snoop a wpf application I get this error :\r\n\r\nError Snooping\r\n\r\nThere was an error snooping! Message=Impossible to load the component Windows PowerShell Microsoft.WSMan.Management because the assembly \"Microsoft.WSMan\" or one of its dependencies could not be loaded. Unable to find the file.\r\n\r\nStack Trace :\r\nSystem.Management.Automation.RunSpace.InitialSessionState.CreateDefault()\r\n  Snoop.Shell.EmbeddedShellView.ctor()\r\n  Snoop.SnoopUI.InitShell()\r\n  Snoop.SnoopUI.SnoopApplication()\r\n  Snoop.SnoopUI.GoBaby()\r\n\r\nIt was working fine few days ago.\r\nI run snoop as administrator\r\nI tryed to reinstall snoop.\r\nThe problem is the same for all the wpf applications.\r\n\r\nThanks for your help\r\n",
    "LastUpdatedDate": "2016-03-25T04:58:25.743-07:00",
    "PlannedForRelease": "",
    "ReleaseVisibleToPublic": false,
    "Priority": {
      "Name": "Unassigned",
      "Severity": 0,
      "Id": 0
    },
    "ProjectName": "snoopwpf",
    "ReportedDate": "2016-02-22T01:57:37.417-08:00",
    "Status": {
      "Name": "Proposed",
      "Id": 1
    },
    "ReasonClosed": {
      "Name": "Unassigned"
    },
    "Summary": "Crash when snooping",
    "Type": {
      "Name": "Unassigned",
      "Id": 5
    },
    "VoteCount": 1,
    "Id": 7965
  },
  "FileAttachments": [],
  "Comments": [
    {
      "Message": "I downloaded the Source Code and put a try catch for InitShell() it loads but then it tries to load. \n\nGot the error \"Failed to grant minimum permission requests\". \n\nI assumed because the applications are not located in the same folder as my wpf exe.. I copied snoop and all ManagedInjectorLauncherXX-XX.exe to my exe location \n\nThis caused errors \"Required Permission Cannot be Acquired\" on the ManagedInjectorLauncherXX-XX.exe. \nAnd my Application Crashed. \n\nSo I didn't go anywhere, at the end. \n\nSuch a shame \"Snoop\" is discontinued. And Shame on Microsoft for not integrating it as part of Visual Studio. ",
      "PostedDate": "2016-03-25T04:58:25.743-07:00",
      "Id": 198181
    }
  ]
}