{
  "WorkItem": {
    "AffectedComponent": {
      "Name": "",
      "DisplayName": ""
    },
    "ClosedComment": "",
    "ClosedDate": "2011-04-08T08:30:19.513-07:00",
    "CommentCount": 1,
    "Custom": "",
    "Description": "How can I change where Snoop installs to? I don't want it on my C:\\ drive and it doesn't give me an option to change during the install.",
    "LastUpdatedDate": "2011-04-08T08:52:43.83-07:00",
    "PlannedForRelease": "Snoop 2.7.0",
    "ReleaseVisibleToPublic": true,
    "Priority": {
      "Name": "Low",
      "Severity": 50,
      "Id": 1
    },
    "ProjectName": "snoopwpf",
    "ReportedDate": "2010-12-15T07:08:03-08:00",
    "Status": {
      "Name": "Closed",
      "Id": 4
    },
    "ReasonClosed": {
      "Name": "Unassigned"
    },
    "Summary": "Add Ability to Change Install Location",
    "Type": {
      "Name": "Feature",
      "Id": 1
    },
    "VoteCount": 1,
    "Id": 5955
  },
  "FileAttachments": [],
  "Comments": [
    {
      "Message": "Resolved with changeset 64828.",
      "PostedDate": "2011-04-08T08:30:19.513-07:00",
      "Id": 63478
    }
  ]
}