{
  "WorkItem": {
    "AffectedComponent": {
      "Name": "",
      "DisplayName": ""
    },
    "ClosedComment": "Not an issue ... the app was elevated ... Snoop wasn't.",
    "ClosedDate": "2012-07-05T07:21:26.72-07:00",
    "CommentCount": 3,
    "Custom": null,
    "Description": "Just downloaded the Snoop v.2.7.1, and I can only make it work if I create a WPF 3.5 application. With my WPF 4 application nothing showed up in the app chooser. I can see this has been an issue before, but it seems it still is... What can I do?",
    "LastUpdatedDate": "2012-07-05T07:22:03.877-07:00",
    "PlannedForRelease": "",
    "ReleaseVisibleToPublic": false,
    "Priority": {
      "Name": "Low",
      "Severity": 50,
      "Id": 1
    },
    "ProjectName": "snoopwpf",
    "ReportedDate": "2012-06-27T12:15:52.41-07:00",
    "Status": {
      "Name": "Closed",
      "Id": 4
    },
    "ReasonClosed": {
      "Name": "Unassigned"
    },
    "Summary": "WPF 4 apps does not show up app chooser (v.2.7.1)",
    "Type": {
      "Name": "Issue",
      "Id": 3
    },
    "VoteCount": 1,
    "Id": 7927
  },
  "FileAttachments": [],
  "Comments": [
    {
      "Message": "Are you sure that you aren't running the app elevated (as Administrator) ... and yet aren't running Snoop elevated?\n\nIf your app is elevated, but Snoop is not, you will see nothing in the app chooser.\n\nIf that isn't the case, can you attach a test harness that illustrates the problem?",
      "PostedDate": "2012-06-27T13:02:05.873-07:00",
      "Id": 69151
    },
    {
      "Message": "Ahh I did not think of that, my visual studio ran elevated, and Snoop did not. Thank you for the help.",
      "PostedDate": "2012-07-05T00:50:25.24-07:00",
      "Id": 69546
    },
    {
      "Message": "Thanks for taking time to respond back so that I knew it wasn't an issue.",
      "PostedDate": "2012-07-05T07:22:03.877-07:00",
      "Id": 69569
    }
  ]
}