{
  "WorkItem": {
    "AffectedComponent": {
      "Name": "",
      "DisplayName": ""
    },
    "ClosedComment": "",
    "ClosedDate": "2011-04-07T16:26:05.25-07:00",
    "CommentCount": 1,
    "Custom": "",
    "Description": "Ran into a Snoop crash where it bombed (with a XamlParseException) because there was a invalid resource in one of the resource dictionaries. This didn't bomb out at compile time because it was a deferred image resource (via an ImageDrawing element).\n\nEven though the bad xaml isn't Snoop's fault, it shouldn't crash!",
    "LastUpdatedDate": "2011-04-07T16:26:05.25-07:00",
    "PlannedForRelease": "Snoop 2.7.0",
    "ReleaseVisibleToPublic": true,
    "Priority": {
      "Name": "Low",
      "Severity": 50,
      "Id": 1
    },
    "ProjectName": "snoopwpf",
    "ReportedDate": "2011-04-07T16:25:17.727-07:00",
    "Status": {
      "Name": "Closed",
      "Id": 4
    },
    "ReasonClosed": {
      "Name": "Unassigned"
    },
    "Summary": "Snoop Crashes When Trying to Snoop a Visual Tree with a Bad Resource",
    "Type": {
      "Name": "Issue",
      "Id": 3
    },
    "VoteCount": 0,
    "Id": 6464
  },
  "FileAttachments": [],
  "Comments": [
    {
      "Message": "Resolved with changeset 64771.",
      "PostedDate": "2011-04-07T16:26:05.25-07:00",
      "Id": 63508
    }
  ]
}