{
  "WorkItem": {
    "AffectedComponent": {
      "Name": "",
      "DisplayName": ""
    },
    "ClosedComment": "",
    "ClosedDate": "2010-07-06T09:25:40.393-07:00",
    "CommentCount": 1,
    "Custom": "",
    "Description": "To open context menu in the properties grid (with 'Delve...' commands) I should specifically click on the text. Otherwise, click is ignored. \n\nI think fix could be as simple as setting row's background to transparent, so that WPF could consider it during hit testing...",
    "LastUpdatedDate": "2010-07-06T09:25:40.393-07:00",
    "PlannedForRelease": "Snoop 2.6.0",
    "ReleaseVisibleToPublic": true,
    "Priority": {
      "Name": "Low",
      "Severity": 50,
      "Id": 1
    },
    "ProjectName": "snoopwpf",
    "ReportedDate": "2010-04-08T04:34:04.727-07:00",
    "Status": {
      "Name": "Closed",
      "Id": 4
    },
    "ReasonClosed": {
      "Name": "Unassigned"
    },
    "Summary": "Right click on white space in the properties grid doesn't open context menu",
    "Type": {
      "Name": "Issue",
      "Id": 3
    },
    "VoteCount": 1,
    "Id": 4250
  },
  "FileAttachments": [],
  "Comments": [
    {
      "Message": "This is now fixed ... and in change set 46355 ... and will be in the next released version.",
      "PostedDate": "2010-05-23T10:14:31.2-07:00",
      "Id": 63389
    }
  ]
}