{
  "WorkItem": {
    "AffectedComponent": {
      "Name": "",
      "DisplayName": ""
    },
    "ClosedComment": "",
    "ClosedDate": "2011-08-26T19:40:05.817-07:00",
    "CommentCount": 1,
    "Custom": "",
    "Description": "Snoop crashes on a certain binding errors in .NET 4 applications (haven't tried it on 3.5). I have the cod and application attached. It happens when the data context is inherited from the parent.\n\nSteps to reproduce:\n1) Download the patch and run the application \"WpfApplicationStackOverflowCrash.exe\"\n2) Try snooping the yellow text block named \"CrashingTextBlock\".\nSnoop crashes with a stack overflow exception.\n\nHere is the full XAML of the application (There is no code behind other than the default code behind of a new project.):\n\n\n<Window x:Class=\"WpfApplicationStackOverflowCrash.MainWindow\"\n        xmlns=\"http://schemas.microsoft.com/winfx/2006/xaml/presentation\"\n        xmlns:x=\"http://schemas.microsoft.com/winfx/2006/xaml\"\n        Title=\"MainWindow\" Height=\"350\" Width=\"525\">\n    <Grid DataContext=\"SomeString\">\n        <TextBlock Name=\"CrashingTextBlock\" Background=\"Yellow\" Text=\"Snoop this text block and I'll crash\" Foreground=\"{Binding NonexistentProperty}\" Height=\"30\" />\n    </Grid>\n</Window>",
    "LastUpdatedDate": "2011-08-26T19:40:05.817-07:00",
    "PlannedForRelease": "Snoop 2.7.0",
    "ReleaseVisibleToPublic": true,
    "Priority": {
      "Name": "Low",
      "Severity": 50,
      "Id": 1
    },
    "ProjectName": "snoopwpf",
    "ReportedDate": "2011-05-25T23:21:54.207-07:00",
    "Status": {
      "Name": "Closed",
      "Id": 4
    },
    "ReasonClosed": {
      "Name": "Unassigned"
    },
    "Summary": "Snoop causes application to crash on a certain binding error.",
    "Type": {
      "Name": "Issue",
      "Id": 3
    },
    "VoteCount": 2,
    "Id": 6722
  },
  "FileAttachments": [
    {
      "FileId": 371324,
      "FileName": "WpfApplicationStackOverflowCrash.zip",
      "DownloadUrl": ".\\371324"
    }
  ],
  "Comments": [
    {
      "Message": "Resolved with changeset 69731.",
      "PostedDate": "2011-08-26T19:40:05.817-07:00",
      "Id": 63519
    }
  ]
}