{
  "WorkItem": {
    "AffectedComponent": {
      "Name": "",
      "DisplayName": ""
    },
    "ClosedComment": "Closed since I can't repro ... and tobi1449 now says it works.",
    "ClosedDate": "2010-10-16T11:11:08.787-07:00",
    "CommentCount": 10,
    "Custom": "",
    "Description": "Hi,\njust noticed, that my app suddenly stopped to show up on the snoop list.\nIf configuration is set to Debug and x86, it does not show up, \nif I set it to Release and All Platforms, it works.\nThose modules are loaded in debug mode, Project is attached\n\nMusicManager.vshost.exe, ntdll.dll, wow64.dll, wow64win.dll, wow64cpu.dll, MusicManager.vshost.exe, ntdll.dll, MSCOREE.DLL, KERNEL32.dll, KERNELBASE.dll, ADVAPI32.dll, msvcrt.dll, sechost.dll, RPCRT4.dll, SspiCli.dll, CRYPTBASE.dll, mscoreei.dll, SHLWAPI.dll, GDI32.dll, USER32.dll, LPK.dll, USP10.dll, IMM32.DLL, MSCTF.dll, ole32.dll, clr.dll, MSVCR100_CLR0400.dll, TraceLogProfiler.dll, OLEAUT32.dll, PSAPI.DLL, SHELL32.dll, VERSION.dll, apphelp.dll, clrjit.dll, nlssorting.dll, CLBCatQ.DLL, CRYPTSP.dll, rsaenh.dll, RpcRtRemote.dll, Microsoft.VisualStudio.Debugger.Runtime.Impl.dll, MSVCR100.dll, SXS.DLL, System.Data.dll, WS2_32.dll, NSI.dll, CRYPT32.dll, MSASN1.dll, uxtheme.dll, comctl32.dll, dwmapi.dll, ShHook.dll, dwrite.dll, wpfgfx_v0400.dll, PresentationNative_v0400.dll, diasymreader.dll, urlmon.dll, iertutil.dll, d3d9.dll, d3d8thk.dll, nvd3dum.dll, System.Transactions.dll, WtsApi32.dll, WINSTA.dll, security.dll, SECUR32.DLL, credssp.dll, schannel.dll, Kerberos.DLL, cryptdll.dll, msv1_0.DLL, ntdsapi.dll, netapi32.dll, netutils.dll, srvcli.dll, wkscli.dll, LOGONCLI.DLL, instapi.dll, MSVCR80.dll, mswsock.dll, wshtcpip.dll, wship6.dll, DNSAPI.dll, mdnsNSP.dll, Iphlpapi.DLL, WINNSI.DLL, rasadhlp.dll, fwpuclnt.dll, ncrypt.dll, bcrypt.dll, bcryptprimitives.dll, powrprof.dll, SETUPAPI.dll, CFGMGR32.dll, DEVOBJ.dll, msctfui.dll, WINMM.dll, ManagedInjector32-3.5.dll, MSVCR90.dll, msvcm90.dll, mscorwks.dll, mscordbc.dll, profapi.dll, mscorlib.ni.dll, mscorlib.resources.dll, mscorjit.dll, System.ni.dll, WindowsBase.ni.dll, PresentationCore.ni.dll, PresentationFramework.ni.dll, wpfgfx_v0300.dll, System.Configuration.ni.dll, System.Xml.ni.dll, WindowsCodecs.dll, PresentationFramework.Aero.ni.dll, shfolder.dll, PresentationFramework.resources.dll, System.Drawing.ni.dll, System.Windows.Forms.ni.dll, WindowsFormsIntegration.ni.dll",
    "LastUpdatedDate": "2010-12-20T07:49:09.233-08:00",
    "PlannedForRelease": "",
    "ReleaseVisibleToPublic": false,
    "Priority": {
      "Name": "Low",
      "Severity": 50,
      "Id": 1
    },
    "ProjectName": "snoopwpf",
    "ReportedDate": "2010-09-17T12:33:12.103-07:00",
    "Status": {
      "Name": "Closed",
      "Id": 4
    },
    "ReasonClosed": {
      "Name": "Unassigned"
    },
    "Summary": "WPF 4 App does not show up on list",
    "Type": {
      "Name": "Issue",
      "Id": 3
    },
    "VoteCount": 2,
    "Id": 5599
  },
  "FileAttachments": [
    {
      "FileId": 371320,
      "FileName": "app.zip",
      "DownloadUrl": ".\\371320"
    }
  ],
  "Comments": [
    {
      "Message": "Sorry for the long delay in responding to you (my day job has been busy) ... but my version of Snoop can see your application just fine (and it can Snoop it just fine as well). I did have problems with your test application crashing ... but after two or three runs of it ... it didn't crash.\r\n\r\nHave you tried downloading the source code for Snoop, building it yourself, and then trying to see if Snoop sees your app?",
      "PostedDate": "2010-10-09T09:22:45.403-07:00",
      "Id": 63459
    },
    {
      "Message": "Let me know if using the source code works ... I can't see why it would be any different ... but that is what I am running on (i.e. the latest source code bits).",
      "PostedDate": "2010-10-09T09:23:45.85-07:00",
      "Id": 63460
    },
    {
      "Message": "Hi,\r\nsince the issue occured some time ago, I don't remember how I solved the problem (but I think I did solve it).\r\nI'll download the latest source for snoop and test it again as soon as I have time.\r\nThe problem seemed to be that Snoop is looking for programs having loaded PresentationFramework.dll (or PresentationCore.dll, don't remember)\r\nAnd for some reason, my program was just loading PresentationFramework.ni.dll (looks for me as if this is a NativeImage of the PresentationFramework.dll, but again, I don't know for sure).",
      "PostedDate": "2010-10-12T11:56:10.15-07:00",
      "Id": 63461
    },
    {
      "Message": "Hmmm. Snoop filters everything that doesn't contain a dependency on either PresentationFramework.dll OR PresentationFramework.ni.dll. So, the specific situation you mention above should work.\r\n\r\nI wonder if it is possible to have a WPF application that doesn't reference PresentationFramework.dll (or its .ni counterpart). I can't think of one ... but I'm willing to be proved wrong.",
      "PostedDate": "2010-10-12T13:25:06.6-07:00",
      "Id": 63462
    },
    {
      "Message": "Well, it does work now, dunno why, but it works.\r\nMaybe I picked an old source code rev and updated it in the meanwhile.\r\nBut, now it works and this is the main point ;-)",
      "PostedDate": "2010-10-16T03:37:23.01-07:00",
      "Id": 63463
    },
    {
      "Message": "Well, it does work now, dunno why, but it works.\r\nMaybe I picked an old source code rev and updated it in the meanwhile.\r\nBut, now it works and this is the main point ;-)",
      "PostedDate": "2010-10-16T03:49:06.807-07:00",
      "Id": 63464
    },
    {
      "Message": "I'm having the same problem. My project used to show up on snoop's list. I debugged snoop and it turns out IsValidProcess() can't find neither PresentationFramework.dll nor PresentationFramework.ni.dll in Modules. My project references PresentationFramework.dll obviously but somehow it's not added to Modules. For now I will try checking for PresentationNative_V0400.dll.\r\nHere's the list of szModule in Modules\r\n\t\t[0]\t\"Goodunk.vshost.exe\"\tstring\r\n\t\t[1]\t\"ntdll.dll\"\tstring\r\n\t\t[2]\t\"wow64.dll\"\tstring\r\n\t\t[3]\t\"wow64win.dll\"\tstring\r\n\t\t[4]\t\"wow64cpu.dll\"\tstring\r\n\t\t[5]\t\"Goodunk.vshost.exe\"\tstring\r\n\t\t[6]\t\"ntdll.dll\"\tstring\r\n\t\t[7]\t\"MSCOREE.DLL\"\tstring\r\n\t\t[8]\t\"KERNEL32.dll\"\tstring\r\n\t\t[9]\t\"KERNELBASE.dll\"\tstring\r\n\t\t[10]\t\"ADVAPI32.dll\"\tstring\r\n\t\t[11]\t\"msvcrt.dll\"\tstring\r\n\t\t[12]\t\"sechost.dll\"\tstring\r\n\t\t[13]\t\"RPCRT4.dll\"\tstring\r\n\t\t[14]\t\"SspiCli.dll\"\tstring\r\n\t\t[15]\t\"CRYPTBASE.dll\"\tstring\r\n\t\t[16]\t\"mscoreei.dll\"\tstring\r\n\t\t[17]\t\"SHLWAPI.dll\"\tstring\r\n\t\t[18]\t\"GDI32.dll\"\tstring\r\n\t\t[19]\t\"USER32.dll\"\tstring\r\n\t\t[20]\t\"LPK.dll\"\tstring\r\n\t\t[21]\t\"USP10.dll\"\tstring\r\n\t\t[22]\t\"IMM32.DLL\"\tstring\r\n\t\t[23]\t\"MSCTF.dll\"\tstring\r\n\t\t[24]\t\"clr.dll\"\tstring\r\n\t\t[25]\t\"MSVCR100_CLR0400.dll\"\tstring\r\n\t\t[26]\t\"ole32.dll\"\tstring\r\n\t\t[27]\t\"TraceLogProfiler.dll\"\tstring\r\n\t\t[28]\t\"OLEAUT32.dll\"\tstring\r\n\t\t[29]\t\"PSAPI.DLL\"\tstring\r\n\t\t[30]\t\"SHELL32.dll\"\tstring\r\n\t\t[31]\t\"VERSION.dll\"\tstring\r\n\t\t[32]\t\"apphelp.dll\"\tstring\r\n\t\t[33]\t\"clrjit.dll\"\tstring\r\n\t\t[34]\t\"nlssorting.dll\"\tstring\r\n\t\t[35]\t\"CLBCatQ.DLL\"\tstring\r\n\t\t[36]\t\"CRYPTSP.dll\"\tstring\r\n\t\t[37]\t\"rsaenh.dll\"\tstring\r\n\t\t[38]\t\"RpcRtRemote.dll\"\tstring\r\n\t\t[39]\t\"Microsoft.VisualStudio.Debugger.Runtime.Impl.dll\"\tstring\r\n\t\t[40]\t\"MSVCR100.dll\"\tstring\r\n\t\t[41]\t\"SXS.DLL\"\tstring\r\n\t\t[42]\t\"System.Data.dll\"\tstring\r\n\t\t[43]\t\"WS2_32.dll\"\tstring\r\n\t\t[44]\t\"NSI.dll\"\tstring\r\n\t\t[45]\t\"CRYPT32.dll\"\tstring\r\n\t\t[46]\t\"MSASN1.dll\"\tstring\r\n\t\t[47]\t\"uxtheme.dll\"\tstring\r\n\t\t[48]\t\"comctl32.dll\"\tstring\r\n\t\t[49]\t\"dwmapi.dll\"\tstring\r\n\t\t[50]\t\"urlmon.dll\"\tstring\r\n\t\t[51]\t\"iertutil.dll\"\tstring\r\n\t\t[52]\t\"ntmarta.dll\"\tstring\r\n\t\t[53]\t\"WLDAP32.dll\"\tstring\r\n\t\t[54]\t\"dwrite.dll\"\tstring\r\n\t\t[55]\t\"wpfgfx_v0400.dll\"\tstring\r\n\t\t[56]\t\"PresentationNative_v0400.dll\"\tstring\r\n\t\t[57]\t\"diasymreader.dll\"\tstring\r\n\t\t[58]\t\"WindowsCodecs.dll\"\tstring\r\n\t\t[59]\t\"mscms.dll\"\tstring\r\n\t\t[60]\t\"USERENV.dll\"\tstring\r\n\t\t[61]\t\"profapi.dll\"\tstring\r\n\t\t[62]\t\"WindowsCodecsExt.dll\"\tstring\r\n\t\t[63]\t\"icm32.dll\"\tstring\r\n\t\t[64]\t\"d3d9.dll\"\tstring\r\n\t\t[65]\t\"d3d8thk.dll\"\tstring\r\n\t\t[66]\t\"aticfx32.dll\"\tstring\r\n\t\t[67]\t\"atiu9pag.dll\"\tstring\r\n\t\t[68]\t\"atiumdag.dll\"\tstring\r\n\t\t[69]\t\"atiumdva.dll\"\tstring\r\n\t\t[70]\t\"System.Transactions.dll\"\tstring\r\n\t\t[71]\t\"System.Data.OracleClient.dll\"\tstring\r\n\t\t[72]\t\"security.dll\"\tstring\r\n\t\t[73]\t\"SECUR32.DLL\"\tstring\r\n\t\t[74]\t\"credssp.dll\"\tstring\r\n\t\t[75]\t\"schannel.dll\"\tstring\r\n\t\t[76]\t\"Kerberos.DLL\"\tstring\r\n\t\t[77]\t\"cryptdll.dll\"\tstring\r\n\t\t[78]\t\"msv1_0.DLL\"\tstring\r\n\t\t[79]\t\"ntdsapi.dll\"\tstring\r\n\t\t[80]\t\"netapi32.dll\"\tstring\r\n\t\t[81]\t\"netutils.dll\"\tstring\r\n\t\t[82]\t\"srvcli.dll\"\tstring\r\n\t\t[83]\t\"wkscli.dll\"\tstring\r\n\t\t[84]\t\"LOGONCLI.DLL\"\tstring\r\n\t\t[85]\t\"instapi.dll\"\tstring\r\n\t\t[86]\t\"MSVCR80.dll\"\tstring\r\n\t\t[87]\t\"mswsock.dll\"\tstring\r\n\t\t[88]\t\"wshtcpip.dll\"\tstring\r\n\t\t[89]\t\"wship6.dll\"\tstring\r\n\t\t[90]\t\"DNSAPI.dll\"\tstring\r\n\t\t[91]\t\"WLIDNSP.DLL\"\tstring\r\n\t\t[92]\t\"IPHLPAPI.DLL\"\tstring\r\n\t\t[93]\t\"WINNSI.DLL\"\tstring\r\n\t\t[94]\t\"rasadhlp.dll\"\tstring\r\n\t\t[95]\t\"fwpuclnt.dll\"\tstring\r\n\t\t[96]\t\"ncrypt.dll\"\tstring\r\n\t\t[97]\t\"bcrypt.dll\"\tstring\r\n\t\t[98]\t\"bcryptprimitives.dll\"\tstring\r\n\t\t[99]\t\"WtsApi32.dll\"\tstring\r\n\t\t[100]\t\"WINSTA.dll\"\tstring\r\n\t\t[101]\t\"PenIMC.dll\"\tstring\r\n\t\t[102]\t\"tpcps.dll\"\tstring\r\n\t\t[103]\t\"msctfui.dll\"\tstring\r\n\t\t[104]\t\"WINMM.dll\"\tstring\r\n",
      "PostedDate": "2010-10-22T08:43:12.043-07:00",
      "Id": 63465
    },
    {
      "Message": "It was IntelliTrace. Once I disabled IntelliTrace, I can debug my application and snoop it perfectly.",
      "PostedDate": "2010-10-22T10:03:01.95-07:00",
      "Id": 63466
    },
    {
      "Message": "Thanks tedypranolo! I appreciate the post back here so that everyone else knows what's up ...",
      "PostedDate": "2010-10-23T05:53:41.523-07:00",
      "Id": 63467
    },
    {
      "Message": "It seems as if there was more to this issue ... that originally thought. Check out this related issue:  http://snoopwpf.codeplex.com/workitem/5964\r\n\r\nA fix has been made for that related issue ... so if people are still experiencing issues where their WPF 4.0 applications aren't showing up in the app chooser ... try downloading the latest code and building it yourself. This fix isn't in a released version yet. It is slated for 2.6.1.",
      "PostedDate": "2010-12-20T07:49:09.233-08:00",
      "Id": 63468
    }
  ]
}