{
  "WorkItem": {
    "AffectedComponent": {
      "Name": "",
      "DisplayName": ""
    },
    "ClosedComment": "",
    "ClosedDate": "2011-09-13T22:42:06.587-07:00",
    "CommentCount": 1,
    "Custom": "",
    "Description": "When delving into an item, we want to see the path of the delve. I will check in the part that shows the delve path soon. I do not have the bells and whistles (such as an item within the delve path to go directly to it, or the back button).",
    "LastUpdatedDate": "2011-09-13T22:42:06.587-07:00",
    "PlannedForRelease": "Snoop 2.7.1",
    "ReleaseVisibleToPublic": true,
    "Priority": {
      "Name": "Low",
      "Severity": 50,
      "Id": 1
    },
    "ProjectName": "snoopwpf",
    "ReportedDate": "2011-09-13T00:15:23.81-07:00",
    "Status": {
      "Name": "Closed",
      "Id": 4
    },
    "ReasonClosed": {
      "Name": "Unassigned"
    },
    "Summary": "Delve breadcrumb path",
    "Type": {
      "Name": "Feature",
      "Id": 1
    },
    "VoteCount": 2,
    "Id": 7157
  },
  "FileAttachments": [],
  "Comments": [
    {
      "Message": "Resolved with changeset 70029.",
      "PostedDate": "2011-09-13T22:42:06.587-07:00",
      "Id": 63533
    }
  ]
}