{
  "WorkItem": {
    "AffectedComponent": {
      "Name": "",
      "DisplayName": ""
    },
    "ClosedComment": "",
    "ClosedDate": null,
    "CommentCount": 4,
    "Custom": null,
    "Description": "This exception has recently started coming up even though I haven't changed anything:\r\n\r\n(the following [] are substitutes for unprintable characters that I can't drop in here)\r\n\r\n```\r\nMessage: Font 'Lato[] UI[][][][][][][][][][]...' cannot be found\r\n\r\nStacktrace:\r\n   at System.Drawing.FontFamily.CreateFontFamily(String name, FontCollection fontCollection)\r\n   at System.Drawing.FontFamily..ctor(String name)\r\n   at Microsoft.VisualStudio.TraceLogPackage.TraceLogPackage.FontFromUIDLGLOGFONT(UIDLGLOGFONT logFont)\r\n   at Microsoft.VisualStudio.TraceLogPackage.TraceLogPackage.get_EnvironmentFont()\r\n   at Microsoft.VisualStudio.TraceLogPackage.TreeStackControl.SetFontAndColor()\r\n   at Microsoft.VisualStudio.TraceLogPackage.TreeStackControl..ctor(ToolWindowHostingControl control)\r\n   at Microsoft.VisualStudio.TraceLogPackage.ToolWindowHostingControl.EnsureTreeStackControlCreated()\r\n   at Microsoft.VisualStudio.TraceLogPackage.ToolWindowHostingControl.RefreshControls(Boolean filterChanged)\r\n   at Microsoft.VisualStudio.TraceLogPackage.ToolWindowHostingControl.DoRefreshData()\r\n   at Microsoft.VisualStudio.TraceLogPackage.ToolWindowHostingControl.<.ctor>b__4(Object param0, EventArgs param1)\r\n   at System.Windows.Threading.DispatcherTimer.FireTick(Object unused)\r\n   at System.Windows.Threading.ExceptionWrapper.InternalRealCall(Delegate callback, Object args, Int32 numArgs)\r\n   at MS.Internal.Threading.ExceptionFilterHelper.TryCatchWhen(Object source, Delegate method, Object args, Int32 numArgs, Delegate catchHandler)\r\n```\r\n\r\n\r\nThe font very much exists and I'm not sure why it has suddenly acquired all the unprintable characters in its name. Fortunately this is merely an annoyance and I can ignore it every time I attach and keep working. The exception only occurs when I attach snoop to an application I've run through f5 and then break into VS with a breakpoint.",
    "LastUpdatedDate": "2014-01-10T09:39:41.48-08:00",
    "PlannedForRelease": "",
    "ReleaseVisibleToPublic": false,
    "Priority": {
      "Name": "Unassigned",
      "Severity": 0,
      "Id": 0
    },
    "ProjectName": "snoopwpf",
    "ReportedDate": "2014-01-09T04:36:46.037-08:00",
    "Status": {
      "Name": "Proposed",
      "Id": 1
    },
    "ReasonClosed": {
      "Name": "Unassigned"
    },
    "Summary": "Snoop cannot find Font used in VS Environtment",
    "Type": {
      "Name": "Unassigned",
      "Id": 5
    },
    "VoteCount": 1,
    "Id": 7951
  },
  "FileAttachments": [],
  "Comments": [
    {
      "Message": "Is there any chance you can upload a small app to reproduce the problem? We will be happy to fix it!",
      "PostedDate": "2014-01-09T09:30:57.013-08:00",
      "Id": 129949
    },
    {
      "Message": "Apologies, I should have thought of that first! I'm off for today, but I'll try to reproduce in a new application tomorrow and post back with results / project. Thanks for the quick reply!",
      "PostedDate": "2014-01-09T10:15:18.38-08:00",
      "Id": 129957
    },
    {
      "Message": "I'm not sure how I'm tripping this exception, but I've so far failed to reproduce it in a simple application. It only seems to be happening in that one project. I guess we can close this for now until i can reproduce the issue.",
      "PostedDate": "2014-01-10T07:20:17.4-08:00",
      "Id": 130069
    },
    {
      "Message": "I would also suggest building Snoop, and debugging it. Does the big Snoop Error dialog box show up (the one that asks to submit the error), or a mini message box? If it's the big error dialog box, you can click the check box to not show it again, and keep working. If it's a mini dialog box, I think the best we can do is just comment it, and do a debug.writeline instead (the small dialog boxes can get very annoying if there are lots of exceptions thrown).\n\nThere are instructions for building snoop on this codeplex page. If there is anything unclear, feel free to post.\n\nThanks,\n\nMaciek",
      "PostedDate": "2014-01-10T09:39:41.48-08:00",
      "Id": 130078
    }
  ]
}