{
  "WorkItem": {
    "AffectedComponent": {
      "Name": "",
      "DisplayName": ""
    },
    "ClosedComment": "",
    "ClosedDate": null,
    "CommentCount": 1,
    "Custom": null,
    "Description": "I consistently get the following error about 10-15 seconds after I begin snooping an application I'm working on (VS 2013 on Win7 64bit). Seems like snoop is looking for a non-existent property - __SizeEW__:\r\n\r\nSystem.Windows.Markup.XamlParseException occurred\r\n  _HResult=-2146233087\r\n  _message='Provide value on 'System.Windows.Baml2006.TypeConverterMarkupExtension' threw an exception.' Line number '283' and line position '18'.\r\n  HResult=-2146233087\r\n  IsTransient=false\r\n  Message='Provide value on 'System.Windows.Baml2006.TypeConverterMarkupExtension' threw an exception.' Line number '283' and line position '18'.\r\n  Source=PresentationFramework\r\n  LineNumber=283\r\n  LinePosition=18\r\n  StackTrace:\r\n       at System.Windows.Markup.XamlReader.RewrapException(Exception e, IXamlLineInfo lineInfo, Uri baseUri)\r\n  InnerException: System.ArgumentException\r\n       _HResult=-2147024809\r\n       _message=Requested value 'SizeEW' was not found.\r\n       HResult=-2147024809\r\n       IsTransient=false\r\n       Message=Requested value 'SizeEW' was not found.\r\n       Source=mscorlib\r\n       StackTrace:\r\n            at System.Enum.EnumResult.SetFailure(ParseFailureKind failure, String failureMessageID, Object failureMessageFormatArgument)\r\n            at System.Enum.TryParseEnum(Type enumType, String value, Boolean ignoreCase, EnumResult& parseResult)\r\n            at System.Enum.Parse(Type enumType, String value, Boolean ignoreCase)\r\n            at System.Windows.Input.CursorConverter.ConvertFrom(ITypeDescriptorContext context, CultureInfo culture, Object value)\r\n            at MS.Internal.Xaml.Runtime.ClrObjectRuntime.CallProvideValue(MarkupExtension me, IServiceProvider serviceProvider)\r\n       InnerException: \r\n",
    "LastUpdatedDate": "2015-03-19T16:01:34.97-07:00",
    "PlannedForRelease": "",
    "ReleaseVisibleToPublic": false,
    "Priority": {
      "Name": "Unassigned",
      "Severity": 0,
      "Id": 0
    },
    "ProjectName": "snoopwpf",
    "ReportedDate": "2015-03-07T01:16:33.687-08:00",
    "Status": {
      "Name": "Proposed",
      "Id": 1
    },
    "ReasonClosed": {
      "Name": "Unassigned"
    },
    "Summary": "XamlParseException While Snooping",
    "Type": {
      "Name": "Unassigned",
      "Id": 5
    },
    "VoteCount": 1,
    "Id": 7960
  },
  "FileAttachments": [],
  "Comments": [
    {
      "Message": "Is it possible to send a mini application that reproduces the issue?",
      "PostedDate": "2015-03-19T16:01:34.97-07:00",
      "Id": 179621
    }
  ]
}