{
  "WorkItem": {
    "AffectedComponent": {
      "Name": "",
      "DisplayName": ""
    },
    "ClosedComment": "",
    "ClosedDate": null,
    "CommentCount": 0,
    "Custom": null,
    "Description": "We use plugins in our software for extensibility. The plugins are in a defined directory and we decided to use the event AssemblyResolve in AppDomain.CurrentDomain. This event is raised, when the software wants to use a plugin. Unfortunatelly this event also occurs on all calls of .resources files since .NET 4.\r\n\r\nNow we have the issue, that we cannot snoop our software anymore, because this event is also raised, when we attach SNOOP to the process. The used event method returns null, but SNOOP raises the error, I attached with this issue.\r\n\r\nIs there any other way to continue working with SNOOP?\r\n\r\nThanks in advance,\r\nSven",
    "LastUpdatedDate": "2017-02-14T05:15:50.46-08:00",
    "PlannedForRelease": "",
    "ReleaseVisibleToPublic": false,
    "Priority": {
      "Name": "Unassigned",
      "Severity": 0,
      "Id": 0
    },
    "ProjectName": "snoopwpf",
    "ReportedDate": "2017-02-14T05:15:50.317-08:00",
    "Status": {
      "Name": "Proposed",
      "Id": 1
    },
    "ReasonClosed": {
      "Name": "Unassigned"
    },
    "Summary": "Error snooping WPF application",
    "Type": {
      "Name": "Unassigned",
      "Id": 5
    },
    "VoteCount": 1,
    "Id": 7969
  },
  "FileAttachments": [
    {
      "FileId": 1637924,
      "FileName": "error_while_attaching_snoop.png",
      "DownloadUrl": ".\\1637924"
    }
  ],
  "Comments": []
}