{
  "WorkItem": {
    "AffectedComponent": {
      "Name": "",
      "DisplayName": ""
    },
    "ClosedComment": "",
    "ClosedDate": "2010-10-22T10:56:53.15-07:00",
    "CommentCount": 3,
    "Custom": "",
    "Description": "While you can bring up Snoop on a dialog (using ctrl-shift mouse over), the Snoop UI is currently blocked (i.e. you can do nothing ... like change property values).",
    "LastUpdatedDate": "2010-10-22T10:56:53.15-07:00",
    "PlannedForRelease": "Snoop 2.6.1",
    "ReleaseVisibleToPublic": true,
    "Priority": {
      "Name": "Medium",
      "Severity": 100,
      "Id": 2
    },
    "ProjectName": "snoopwpf",
    "ReportedDate": "2010-07-29T16:59:15.387-07:00",
    "Status": {
      "Name": "Closed",
      "Id": 4
    },
    "ReasonClosed": {
      "Name": "Unassigned"
    },
    "Summary": "The Snoop UI is blocked when Snooping dialogs.",
    "Type": {
      "Name": "Issue",
      "Id": 3
    },
    "VoteCount": 0,
    "Id": 5307
  },
  "FileAttachments": [],
  "Comments": [
    {
      "Message": "Resolved with changeset 51211.",
      "PostedDate": "2010-07-29T17:01:09.483-07:00",
      "Id": 63444
    },
    {
      "Message": "Changeset 51211 had nothing to do with whether the Snoop UI is blocked when Snooping dialogs. The real story is that you must Snoop the dialog AFTER you bring up the dialog ... not BEFORE you bring up the dialog. Rolling this 'fix' back.",
      "PostedDate": "2010-10-22T10:55:18-07:00",
      "Id": 63445
    },
    {
      "Message": "Resolved with changeset 57516.",
      "PostedDate": "2010-10-22T10:56:53.15-07:00",
      "Id": 63446
    }
  ]
}