{
  "WorkItem": {
    "AffectedComponent": {
      "Name": "",
      "DisplayName": ""
    },
    "ClosedComment": "",
    "ClosedDate": null,
    "CommentCount": 12,
    "Custom": null,
    "Description": "I regularly use the property filtering functionality, but then when I delve into some value (or binding), the filter remains. Most of the time this doesn't make sense and I want to look at different properties.",
    "LastUpdatedDate": "2013-08-23T09:19:34.89-07:00",
    "PlannedForRelease": "",
    "ReleaseVisibleToPublic": false,
    "Priority": {
      "Name": "Low",
      "Severity": 50,
      "Id": 1
    },
    "ProjectName": "snoopwpf",
    "ReportedDate": "2013-02-17T01:29:10.807-08:00",
    "Status": {
      "Name": "Proposed",
      "Id": 1
    },
    "ReasonClosed": {
      "Name": "Unassigned"
    },
    "Summary": "When delving an object, reset the filter ",
    "Type": {
      "Name": "Issue",
      "Id": 3
    },
    "VoteCount": 5,
    "Id": 7939
  },
  "FileAttachments": [
    {
      "FileId": 630840,
      "FileName": "Snoop Binaries.zip",
      "DownloadUrl": ".\\630840"
    }
  ],
  "Comments": [
    {
      "Message": "Interesting idea ... this has bugged me in the past too. We will definitely consider it!",
      "PostedDate": "2013-02-17T06:24:43.673-08:00",
      "Id": 90597
    },
    {
      "Message": "What if we simply had a check box that said \"Clear filter on delve\"? Would that suffice, or do you think we would need something more elaborate? This part bugs me as well.",
      "PostedDate": "2013-02-17T20:43:53.333-08:00",
      "Id": 90616
    },
    {
      "Message": "Such a checkbox sounds like a good idea to me. Especially if it would be saved between sessions..",
      "PostedDate": "2013-02-17T23:18:29.833-08:00",
      "Id": 90625
    },
    {
      "Message": "I already added a branch in the GitHub repository called \"ClearAfterDelve\". If you have the time, download and build this branch, and let us know if this is what you're looking for. We will then discuss as a team whether this is the best way to address this issue, or perhaps another optimal way of solving this issue is better.\n\nMeanwhile, let us know how this branch works our for you (if you have time), and let us know your feedback.\n\nRegards,\n\nMaciek",
      "PostedDate": "2013-02-19T00:58:36.277-08:00",
      "Id": 90749
    },
    {
      "Message": "Wow, that's fast!\n\nMaciek, is there any way you could upload a build here? (Or somewhere else) Not sure how hard it is to build snoop.. :)\n\n",
      "PostedDate": "2013-02-19T01:45:05.857-08:00",
      "Id": 90754
    },
    {
      "Message": "You can try these binaries. Note that Windows has security measures to block random executables from injecting into your app. Therefore, you may have to right click on each .exe and .dll file, click \"properties\", and click \"Unblock\", depending on your windows setup (there are 9 exes/dlls combined).\r\n\r\nWhen running the setup program (which Cory takes care of) or building, Snoop has more permissions to do what it wants\r\n\r\nIf you want to build Snoop, it's actually pretty easy. When you go to the snoop github page, choose the [\"ClearAfterDelve\" branch](https://github.com/cplotts/snoopwpf/tree/ClearAfterDelve) and click on the ZIP button to download the source. You can then choose the \"SnoopOnly\" solution, and you should be good to go.",
      "PostedDate": "2013-02-19T08:45:55.523-08:00",
      "Id": 90779
    },
    {
      "Message": "Also, at work I downloaded the binaries I have uploaded here, ran Snoop as admin, and everything worked fine. However, on my Windows 8 machine at home, when I downloaded the Snoop binaries to test, I needed to do follow the instructions to \"unblock\" the binaries. Just a heads up. Compiling your code will work 100% of the time without doing special things (and it should be very easy to compile).",
      "PostedDate": "2013-02-19T12:41:31.287-08:00",
      "Id": 90836
    },
    {
      "Message": "Sorry for my late response..\n\nThis already works great. One extra thing I can think of now is this:\n\nWhen I tick the checkbox and do some delving, the textbox is nicely reset. NOw it would be awesome if snoop would remember the filter, when doing the \"level up button\", so you get the same view as before.",
      "PostedDate": "2013-02-24T01:58:49.393-08:00",
      "Id": 91343
    },
    {
      "Message": "Almost forgot: the checkbox works great!",
      "PostedDate": "2013-02-24T03:42:19.99-08:00",
      "Id": 91347
    },
    {
      "Message": "Try the new attachment called \"Snoop Delve 2\". It has a smarter way of clearing. Please let us know how it works out (I also have the code on github - I'm not sure whether you build the code, or just use the binaries).",
      "PostedDate": "2013-02-25T00:13:53.123-08:00",
      "Id": 91402
    },
    {
      "Message": "here is the attachment.",
      "PostedDate": "2013-02-25T00:43:50.057-08:00",
      "Id": 91403
    },
    {
      "Message": "This one includes a couple bug fixes.",
      "PostedDate": "2013-02-25T19:20:12.837-08:00",
      "Id": 91522
    }
  ]
}