{
  "WorkItem": {
    "AffectedComponent": {
      "Name": "",
      "DisplayName": ""
    },
    "ClosedComment": "Closing this issue as it turned out to be a permissions issue.",
    "ClosedDate": "2012-08-24T04:39:33.34-07:00",
    "CommentCount": 1,
    "Custom": null,
    "Description": "When running Snoop 2.7.1 on Windows 8, there is no .NET app available in the drop down box. Also the crosshair selection does not work.",
    "LastUpdatedDate": "2012-08-24T04:39:33.34-07:00",
    "PlannedForRelease": "",
    "ReleaseVisibleToPublic": false,
    "Priority": {
      "Name": "Low",
      "Severity": 50,
      "Id": 1
    },
    "ProjectName": "snoopwpf",
    "ReportedDate": "2012-08-24T03:06:39.097-07:00",
    "Status": {
      "Name": "Closed",
      "Id": 4
    },
    "ReasonClosed": {
      "Name": "Unassigned"
    },
    "Summary": "Snoop 2.7.1 not working on Windows 8 RTM",
    "Type": {
      "Name": "Issue",
      "Id": 3
    },
    "VoteCount": 1,
    "Id": 7931
  },
  "FileAttachments": [],
  "Comments": [
    {
      "Message": "After further testing, the problem is related to the Run As Administrator issue. So please ignore this issue :).",
      "PostedDate": "2012-08-24T03:08:55.51-07:00",
      "Id": 74947
    }
  ]
}