{
  "WorkItem": {
    "AffectedComponent": {
      "Name": "",
      "DisplayName": ""
    },
    "ClosedComment": "",
    "ClosedDate": "2010-07-06T09:25:40.393-07:00",
    "CommentCount": 1,
    "Custom": "",
    "Description": "The application resources show up as the first child under the application item. However, the visual item resources show up at the bottom (or as the last child).\n\nMove the visual item resources to the top such that it is the first child ... so that it matches the application item resources ... and so that the Snoop tree view is just that much more usable (it is easier to identify which item the resources belong to).",
    "LastUpdatedDate": "2010-07-06T09:25:40.393-07:00",
    "PlannedForRelease": "Snoop 2.6.0",
    "ReleaseVisibleToPublic": true,
    "Priority": {
      "Name": "Low",
      "Severity": 50,
      "Id": 1
    },
    "ProjectName": "snoopwpf",
    "ReportedDate": "2010-06-07T09:53:51.647-07:00",
    "Status": {
      "Name": "Closed",
      "Id": 4
    },
    "ReasonClosed": {
      "Name": "Unassigned"
    },
    "Summary": "Move the visual item resources to the top such that it is the first child.",
    "Type": {
      "Name": "Issue",
      "Id": 3
    },
    "VoteCount": 0,
    "Id": 4846
  },
  "FileAttachments": [],
  "Comments": [
    {
      "Message": "This was fixed by change sets 47329 and 47330.",
      "PostedDate": "2010-06-07T09:54:32.983-07:00",
      "Id": 63410
    }
  ]
}