{
  "WorkItem": {
    "AffectedComponent": {
      "Name": "",
      "DisplayName": ""
    },
    "ClosedComment": "",
    "ClosedDate": null,
    "CommentCount": 3,
    "Custom": null,
    "Description": "Would be nice if they showed up in the data inspector and be available as method parameters for the method invocation.",
    "LastUpdatedDate": "2016-08-02T02:10:18.063-07:00",
    "PlannedForRelease": "",
    "ReleaseVisibleToPublic": false,
    "Priority": {
      "Name": "Unassigned",
      "Severity": 0,
      "Id": 0
    },
    "ProjectName": "snoopwpf",
    "ReportedDate": "2013-06-10T07:39:56.47-07:00",
    "Status": {
      "Name": "Proposed",
      "Id": 1
    },
    "ReasonClosed": {
      "Name": "Unassigned"
    },
    "Summary": "RenderOptions AttachedProperties support",
    "Type": {
      "Name": "Unassigned",
      "Id": 5
    },
    "VoteCount": 2,
    "Id": 7943
  },
  "FileAttachments": [
    {
      "FileId": 691444,
      "FileName": "RenderOptionsProperties.diff",
      "DownloadUrl": ".\\691444"
    }
  ],
  "Comments": [
    {
      "Message": "Uploading a diff I applied to Snoop to get it in the inspector.\r\n\r\n",
      "PostedDate": "2013-06-10T08:29:51.26-07:00",
      "Id": 102655
    },
    {
      "Message": "Hi Drake,\n\nI'm sorry... I don't understand what you mean by this. Are you saying that some items aren't showing up in the property grid? Or do you mean that you want to pass in certain parameters when invoking methods?",
      "PostedDate": "2013-06-10T14:18:36.73-07:00",
      "Id": 102707
    },
    {
      "Message": "Hi,\n\nThe attached properties defined in the System.Windows.Media.RenderOptions do not show up in the grid.\n\nFor the methods invokation, I noticed later that Attached properties are never included in the option (for example the GetValue() method), si it probably doesnt apply there.",
      "PostedDate": "2013-06-11T10:35:21.157-07:00",
      "Id": 102786
    }
  ]
}