{
  "WorkItem": {
    "AffectedComponent": {
      "Name": "",
      "DisplayName": ""
    },
    "ClosedComment": "",
    "ClosedDate": null,
    "CommentCount": 0,
    "Custom": null,
    "Description": "Message: Object reference not set to an instance of an object.\r\nStacktrace:\r\n   at Xceed.Wpf.Toolkit.ColorPicker.OnSelectedColorPropertyChanged(DependencyObject d, DependencyPropertyChangedEventArgs e)\r\n   at System.Windows.DependencyObject.OnPropertyChanged(DependencyPropertyChangedEventArgs e)\r\n   at System.Windows.FrameworkElement.OnPropertyChanged(DependencyPropertyChangedEventArgs e)\r\n   at System.Windows.DependencyObject.NotifyPropertyChange(DependencyPropertyChangedEventArgs args)\r\n   at System.Windows.DependencyObject.UpdateEffectiveValue(EntryIndex entryIndex, DependencyProperty dp, PropertyMetadata metadata, EffectiveValueEntry oldEntry, EffectiveValueEntry& newEntry, Boolean coerceWithDeferredReference, Boolean coerceWithCurrentValue, OperationType operationType)\r\n   at System.Windows.DependencyObject.ClearValueCommon(EntryIndex entryIndex, DependencyProperty dp, PropertyMetadata metadata)\r\n   at System.Windows.DependencyObject.ClearValue(DependencyProperty dp)\r\n   at Snoop.PropertyInformation.Update()\r\n   at Snoop.PropertyInformation.OnValueChanged()\r\n   at Snoop.PropertyInformation.HandleValueChanged(DependencyObject d, DependencyPropertyChangedEventArgs e)\r\n   at System.Windows.DependencyObject.OnPropertyChanged(DependencyPropertyChangedEventArgs e)\r\n   at System.Windows.DependencyObject.NotifyPropertyChange(DependencyPropertyChangedEventArgs args)\r\n   at System.Windows.DependencyObject.UpdateEffectiveValue(EntryIndex entryIndex, DependencyProperty dp, PropertyMetadata metadata, EffectiveValueEntry oldEntry, EffectiveValueEntry& newEntry, Boolean coerceWithDeferredReference, Boolean coerceWithCurrentValue, OperationType operationType)\r\n   at System.Windows.DependencyObject.ClearValueCommon(EntryIndex entryIndex, DependencyProperty dp, PropertyMetadata metadata)\r\n   at System.Windows.DependencyObject.ClearValue(DependencyProperty dp)\r\n   at System.Windows.Data.BindingOperations.ClearAllBindings(DependencyObject target)\r\n   at Snoop.PropertyInformation.Teardown()\r\n   at Snoop.PropertyGrid2.ChangeTarget(Object newTarget)\r\n   at Snoop.PropertyGrid2.HandleTargetChanged(DependencyObject d, DependencyPropertyChangedEventArgs e)\r\n   at System.Windows.DependencyObject.OnPropertyChanged(DependencyPropertyChangedEventArgs e)\r\n   at System.Windows.FrameworkElement.OnPropertyChanged(DependencyPropertyChangedEventArgs e)\r\n   at System.Windows.DependencyObject.NotifyPropertyChange(DependencyPropertyChangedEventArgs args)\r\n   at System.Windows.DependencyObject.UpdateEffectiveValue(EntryIndex entryIndex, DependencyProperty dp, PropertyMetadata metadata, EffectiveValueEntry oldEntry, EffectiveValueEntry& newEntry, Boolean coerceWithDeferredReference, Boolean coerceWithCurrentValue, OperationType operationType)\r\n   at System.Windows.DependencyObject.InvalidateProperty(DependencyProperty dp, Boolean preserveCurrentValue)\r\n   at System.Windows.Data.BindingExpressionBase.Invalidate(Boolean isASubPropertyChange)\r\n   at System.Windows.Data.BindingExpression.TransferValue(Object newValue, Boolean isASubPropertyChange)\r\n   at System.Windows.Data.BindingExpression.ScheduleTransfer(Boolean isASubPropertyChange)\r\n   at MS.Internal.Data.ClrBindingWorker.NewValueAvailable(Boolean dependencySourcesChanged, Boolean initialValue, Boolean isASubPropertyChange)\r\n   at MS.Internal.Data.PropertyPathWorker.UpdateSourceValueState(Int32 k, ICollectionView collectionView, Object newValue, Boolean isASubPropertyChange)\r\n   at MS.Internal.Data.PropertyPathWorker.OnDependencyPropertyChanged(DependencyObject d, DependencyProperty dp, Boolean isASubPropertyChange)\r\n   at MS.Internal.Data.ClrBindingWorker.OnSourceInvalidation(DependencyObject d, DependencyProperty dp, Boolean isASubPropertyChange)\r\n   at System.Windows.Data.BindingExpression.HandlePropertyInvalidation(DependencyObject d, DependencyPropertyChangedEventArgs args)\r\n   at System.Windows.Data.BindingExpressionBase.OnPropertyInvalidation(DependencyObject d, DependencyPropertyChangedEventArgs args)\r\n   at System.Windows.Data.BindingExpression.OnPropertyInvalidation(DependencyObject d, DependencyPropertyChangedEventArgs args)\r\n   at System.Windows.DependentList.InvalidateDependents(DependencyObject source, DependencyPropertyChangedEventArgs sourceArgs)\r\n   at System.Windows.DependencyObject.NotifyPropertyChange(DependencyPropertyChangedEventArgs args)\r\n   at System.Windows.DependencyObject.UpdateEffectiveValue(EntryIndex entryIndex, DependencyProperty dp, PropertyMetadata metadata, EffectiveValueEntry oldEntry, EffectiveValueEntry& newEntry, Boolean coerceWithDeferredReference, Boolean coerceWithCurrentValue, OperationType operationType)\r\n   at System.Windows.DependencyObject.SetValueCommon(DependencyProperty dp, Object value, PropertyMetadata metadata, Boolean coerceWithDeferredReference, Boolean coerceWithCurrentValue, OperationType operationType, Boolean isInternal)\r\n   at System.Windows.DependencyObject.SetValue(DependencyProperty dp, Object value)\r\n   at Snoop.PropertyInspector.set_Target(Object value)\r\n   at Snoop.PropertyInspector.PushTarget(Object target)\r\n   at Snoop.PropertyInspector.HandleDelveBindingExpression(Object sender, ExecutedRoutedEventArgs e)\r\n   at System.Windows.Input.CommandBinding.OnExecuted(Object sender, ExecutedRoutedEventArgs e)\r\n   at System.Windows.Input.CommandManager.ExecuteCommandBinding(Object sender, ExecutedRoutedEventArgs e, CommandBinding commandBinding)\r\n   at System.Windows.Input.CommandManager.FindCommandBinding(CommandBindingCollection commandBindings, Object sender, RoutedEventArgs e, ICommand command, Boolean execute)\r\n   at System.Windows.Input.CommandManager.FindCommandBinding(Object sender, RoutedEventArgs e, ICommand command, Boolean execute)\r\n   at System.Windows.Input.CommandManager.OnExecuted(Object sender, ExecutedRoutedEventArgs e)\r\n   at System.Windows.UIElement.OnExecutedThunk(Object sender, ExecutedRoutedEventArgs e)\r\n   at System.Windows.Input.ExecutedRoutedEventArgs.InvokeEventHandler(Delegate genericHandler, Object target)\r\n   at System.Windows.RoutedEventArgs.InvokeHandler(Delegate handler, Object target)\r\n   at System.Windows.RoutedEventHandlerInfo.InvokeHandler(Object target, RoutedEventArgs routedEventArgs)\r\n   at System.Windows.EventRoute.InvokeHandlersImpl(Object source, RoutedEventArgs args, Boolean reRaised)\r\n   at System.Windows.UIElement.RaiseEventImpl(DependencyObject sender, RoutedEventArgs args)\r\n   at System.Windows.UIElement.RaiseEvent(RoutedEventArgs args, Boolean trusted)\r\n   at System.Windows.Input.RoutedCommand.ExecuteImpl(Object parameter, IInputElement target, Boolean userInitiated)\r\n   at System.Windows.Input.RoutedCommand.ExecuteCore(Object parameter, IInputElement target, Boolean userInitiated)\r\n   at System.Windows.Input.CommandManager.TransferEvent(IInputElement newSource, ExecutedRoutedEventArgs e)\r\n   at System.Windows.Input.CommandManager.OnExecuted(Object sender, ExecutedRoutedEventArgs e)\r\n   at System.Windows.UIElement.OnExecutedThunk(Object sender, ExecutedRoutedEventArgs e)\r\n   at System.Windows.Input.ExecutedRoutedEventArgs.InvokeEventHandler(Delegate genericHandler, Object target)\r\n   at System.Windows.RoutedEventArgs.InvokeHandler(Delegate handler, Object target)\r\n   at System.Windows.RoutedEventHandlerInfo.InvokeHandler(Object target, RoutedEventArgs routedEventArgs)\r\n   at System.Windows.EventRoute.InvokeHandlersImpl(Object source, RoutedEventArgs args, Boolean reRaised)\r\n   at System.Windows.UIElement.RaiseEventImpl(DependencyObject sender, RoutedEventArgs args)\r\n   at System.Windows.UIElement.RaiseEvent(RoutedEventArgs args, Boolean trusted)\r\n   at System.Windows.Input.RoutedCommand.ExecuteImpl(Object parameter, IInputElement target, Boolean userInitiated)\r\n   at System.Windows.Input.RoutedCommand.ExecuteCore(Object parameter, IInputElement target, Boolean userInitiated)\r\n   at MS.Internal.Commands.CommandHelpers.CriticalExecuteCommandSource(ICommandSource commandSource, Boolean userInitiated)\r\n   at System.Windows.Controls.MenuItem.InvokeClickAfterRender(Object arg)\r\n   at System.Windows.Threading.ExceptionWrapper.InternalRealCall(Delegate callback, Object args, Int32 numArgs)\r\n   at MS.Internal.Threading.ExceptionFilterHelper.TryCatchWhen(Object source, Delegate method, Object args, Int32 numArgs, Delegate catchHandler)\r\n",
    "LastUpdatedDate": "2013-01-04T14:40:28.913-08:00",
    "PlannedForRelease": "",
    "ReleaseVisibleToPublic": false,
    "Priority": {
      "Name": "Low",
      "Severity": 50,
      "Id": 1
    },
    "ProjectName": "snoopwpf",
    "ReportedDate": "2013-01-04T14:40:28.913-08:00",
    "Status": {
      "Name": "Proposed",
      "Id": 1
    },
    "ReasonClosed": {
      "Name": "Unassigned"
    },
    "Summary": "Unhandled Exception with WpfToolkit Colorpicker",
    "Type": {
      "Name": "Issue",
      "Id": 3
    },
    "VoteCount": 1,
    "Id": 7936
  },
  "FileAttachments": [],
  "Comments": []
}