{
  "WorkItem": {
    "AffectedComponent": {
      "Name": "",
      "DisplayName": ""
    },
    "ClosedComment": "",
    "ClosedDate": null,
    "CommentCount": 0,
    "Custom": null,
    "Description": "I have a control which is dynamically generated and it bind some properties with other control using RelativeSource or ElementName. When I attach Snoop and then generate the control, I found those bindings are broken. I got following error message.\r\n\r\nSystem.Windows.Data Error: 3 : Cannot find element that provides DataContext. BindingExpression:(no path); DataItem=null; target element is 'FrameworkElement' (Name=''); target property is 'DataContext' (type 'Object')\r\n\r\nThen I selected the control on Snoop visual tree, the binding got recovered. Maybe because it reloads them.\r\n\r\nWithout attaching Snoop, the binding works correctly.",
    "LastUpdatedDate": "2017-02-16T17:43:21.3-08:00",
    "PlannedForRelease": "",
    "ReleaseVisibleToPublic": false,
    "Priority": {
      "Name": "Unassigned",
      "Severity": 0,
      "Id": 0
    },
    "ProjectName": "snoopwpf",
    "ReportedDate": "2017-02-16T17:43:21.3-08:00",
    "Status": {
      "Name": "Proposed",
      "Id": 1
    },
    "ReasonClosed": {
      "Name": "Unassigned"
    },
    "Summary": "Snoop breaks binding of the control not exists when Snoop attached",
    "Type": {
      "Name": "Unassigned",
      "Id": 5
    },
    "VoteCount": 1,
    "Id": 7970
  },
  "FileAttachments": [],
  "Comments": []
}