{
  "WorkItem": {
    "AffectedComponent": {
      "Name": "",
      "DisplayName": ""
    },
    "ClosedComment": "",
    "ClosedDate": "2011-11-04T10:51:27.65-07:00",
    "CommentCount": 1,
    "Custom": "",
    "Description": "Let's remember whether the user wants to see all the properties (or not) ... and whether they want to see a preview of the visual that they have selected.",
    "LastUpdatedDate": "2011-11-04T10:51:27.65-07:00",
    "PlannedForRelease": "Snoop 2.7.1",
    "ReleaseVisibleToPublic": true,
    "Priority": {
      "Name": "Low",
      "Severity": 50,
      "Id": 1
    },
    "ProjectName": "snoopwpf",
    "ReportedDate": "2010-06-24T09:27:15.277-07:00",
    "Status": {
      "Name": "Closed",
      "Id": 4
    },
    "ReasonClosed": {
      "Name": "Unassigned"
    },
    "Summary": "Remember the states of the show defaults button and the toggle previewer button.",
    "Type": {
      "Name": "Feature",
      "Id": 1
    },
    "VoteCount": 0,
    "Id": 4946
  },
  "FileAttachments": [],
  "Comments": [
    {
      "Message": "Resolved with changeset 70819.",
      "PostedDate": "2011-11-04T10:51:27.65-07:00",
      "Id": 63416
    }
  ]
}