{
  "WorkItem": {
    "AffectedComponent": {
      "Name": "",
      "DisplayName": ""
    },
    "ClosedComment": "",
    "ClosedDate": null,
    "CommentCount": 6,
    "Custom": null,
    "Description": "I'm not sure what i'm missing to get snoop to work on this machine.\r\n\r\nWhen I launch snoop, it comes up with a blank drop down list.  I hit the refresh button and only 1 item appears. \"- CCC [4216]\"\r\n\r\nIf this phantom application is selected or if nothing is selected, dragging either of the targets on my WPF application does nothing.\r\n\r\nDoes this give anyone a clue to what could be going wrong?\r\n\r\nRunning Win7 64, all .net versions up to 4.5 are installed and I have all the latest service packs.\r\n",
    "LastUpdatedDate": "2014-03-20T02:37:55.797-07:00",
    "PlannedForRelease": "",
    "ReleaseVisibleToPublic": false,
    "Priority": {
      "Name": "Unassigned",
      "Severity": 0,
      "Id": 0
    },
    "ProjectName": "snoopwpf",
    "ReportedDate": "2013-09-26T10:12:02.573-07:00",
    "Status": {
      "Name": "Proposed",
      "Id": 1
    },
    "ReasonClosed": {
      "Name": "Unassigned"
    },
    "Summary": "Snoop not functioning on Win7 64 machine",
    "Type": {
      "Name": "Unassigned",
      "Id": 5
    },
    "VoteCount": 2,
    "Id": 7948
  },
  "FileAttachments": [],
  "Comments": [
    {
      "Message": "Have you tried dragging the white button onto the application to be snooped?\n\nAlso, have you tried following these [troubleshooting instructions](https://snoopwpf.codeplex.com/wikipage?title=Troubleshooting)? I hope I can help to get snoop to work.",
      "PostedDate": "2013-09-26T14:04:13.217-07:00",
      "Id": 115751
    },
    {
      "Message": "Turns out the CCC app is the \"ATI catalyst control center\"  When i kill its PID (4216) then reopen snoop and hit refresh nothing is in the drop down box.\n\nAlso, nothing happens when I drag the white button targets over my WPF app.\n\nI found the log at C:\\Users\\xxMyUserNamexx\\AppData\\Roaming\\Snoop\nMy log says that I am able to successfully inject into CCC when it is open.\n\nHowever, no log is generated if I delete the log, close snoop, kill CCC, launch my app in VS, then reopen snoop and hit refresh and/or drag the white button targets over my application.\n\nIts as though it cannot find any applications.",
      "PostedDate": "2013-09-27T09:38:08.497-07:00",
      "Id": 115822
    },
    {
      "Message": "Is the application a standard WPF application? Or is it a winforms/native/other application that has a WPF Host plugin?\n\nAnd if your app is a standard WPF app, and Snoop successfully injected (look carefully at the time stamps in the log, as they should be there as far as I can remember), did you follow the full troubleshooting instructions by having the debugger break on all exceptions?\n\nAlso, is Snoop able to Snoop other applications, but just not this one? If possible, I would love to help out if you can send a repro app (assuming you haven't fixed the issue already). \n\n",
      "PostedDate": "2013-09-27T12:36:49.84-07:00",
      "Id": 115862
    },
    {
      "Message": "Hi, \n\nI exeperience the very same Snoop behaviour on a machine with Win7-x64 video card ATI FirePro M2000 with ATI driver 8.951.6.1500 and Catalyst Control Center installed.\n\nThe only application Snoop shows in its list is CCC.exe (which is Catalyst Control Center). After I kill CCC process Snoop can't see anything.\n\nPointing _any_ WPF application with the \"target\" button doesn't work, and there is nothing written in the log C:\\Users\\<XXX>\\AppData\\Roaming\\Snoop (the log file is not created at all).\n\nThe only case when SnoopLog.txt is created is when user uses the \"magnifier\" button, them content of the log looks like this:\n\n_03-07-2014 11:06:19 : Starting the injection process...\n03-07-2014 11:06:19 : GetModuleHandleEx successful\n03-07-2014 11:06:19 : Got process id\n03-07-2014 11:06:19 : Got process handle\n03-07-2014 11:06:19 : VirtualAllocEx successful\n03-07-2014 11:06:19 : SetWindowsHookEx successful\n03-07-2014 11:06:22 : Successfully injected Snoop for process CCC (PID = 7248)_\n\nI wonder if you could release a \"debug\" version of Snoop with more logging/tracing which could help to find out why it fails to capture WPF apps on certain machines (I suspect it related somehow to ATI driver r the CCC).",
      "PostedDate": "2014-03-07T02:23:54.323-08:00",
      "Id": 136147
    },
    {
      "Message": "I can confirm that I experience the issue only on a machine with the ATI driver, Snoop works just fine in VMWare virtual machine (the guest is Win Server 2012 - x64) with the same application. And the combo box with list of application works well as well.",
      "PostedDate": "2014-03-07T07:19:56.54-08:00",
      "Id": 136172
    },
    {
      "Message": "Hi guys,\n\nI take my words back - everything works if I run SNOOP with Administrator rights!\nPlease try it yourself.",
      "PostedDate": "2014-03-20T02:37:55.797-07:00",
      "Id": 137423
    }
  ]
}