{
  "WorkItem": {
    "AffectedComponent": {
      "Name": "",
      "DisplayName": ""
    },
    "ClosedComment": "",
    "ClosedDate": null,
    "CommentCount": 1,
    "Custom": null,
    "Description": "I try to bind Canvas.Children to <ListView/>. The View didn't updated after I had added an element in the Canvas.\r\nSnoop would crash after I open Snoop and focus on the <ListView/>(Click the item in the table of snoop.)\r\n",
    "LastUpdatedDate": "2015-07-10T20:42:15.407-07:00",
    "PlannedForRelease": "",
    "ReleaseVisibleToPublic": false,
    "Priority": {
      "Name": "Unassigned",
      "Severity": 0,
      "Id": 0
    },
    "ProjectName": "snoopwpf",
    "ReportedDate": "2015-07-03T01:15:32.59-07:00",
    "Status": {
      "Name": "Proposed",
      "Id": 1
    },
    "ReasonClosed": {
      "Name": "Unassigned"
    },
    "Summary": "Snoop will Crash when focus on <ListView/> binding to element.Children",
    "Type": {
      "Name": "Unassigned",
      "Id": 5
    },
    "VoteCount": 1,
    "Id": 7962
  },
  "FileAttachments": [],
  "Comments": [
    {
      "Message": "Hi,\n\nWe will be very happy to help you out. Would it be possible to attach an application that reproduces the issue? If that's not possible, then copying and pasting the XAML that reproduces the issue would also server as a good starting point to fixing the problem (although a repro app is usually idea).\n\nWe look forward to fixing your issue.",
      "PostedDate": "2015-07-10T20:42:15.407-07:00",
      "Id": 187107
    }
  ]
}