{
  "WorkItem": {
    "AffectedComponent": {
      "Name": "",
      "DisplayName": ""
    },
    "ClosedComment": "Duplicate of 5599 but with no project attached.",
    "ClosedDate": "2010-09-17T13:47:13.93-07:00",
    "CommentCount": 0,
    "Custom": "",
    "Description": "Hi,\njust noticed, that my app suddenly stopped to show up on the snoop list.\nIf configuration is set to Debug and x86, it does not show up, \nif I set it to Release and All Platforms, it works.\nThose modules are loaded in debug mode, Project is attached\n\nMusicManager.vshost.exe, ntdll.dll, wow64.dll, wow64win.dll, wow64cpu.dll, MusicManager.vshost.exe, ntdll.dll, MSCOREE.DLL, KERNEL32.dll, KERNELBASE.dll, ADVAPI32.dll, msvcrt.dll, sechost.dll, RPCRT4.dll, SspiCli.dll, CRYPTBASE.dll, mscoreei.dll, SHLWAPI.dll, GDI32.dll, USER32.dll, LPK.dll, USP10.dll, IMM32.DLL, MSCTF.dll, ole32.dll, clr.dll, MSVCR100_CLR0400.dll, TraceLogProfiler.dll, OLEAUT32.dll, PSAPI.DLL, SHELL32.dll, VERSION.dll, apphelp.dll, clrjit.dll, nlssorting.dll, CLBCatQ.DLL, CRYPTSP.dll, rsaenh.dll, RpcRtRemote.dll, Microsoft.VisualStudio.Debugger.Runtime.Impl.dll, MSVCR100.dll, SXS.DLL, System.Data.dll, WS2_32.dll, NSI.dll, CRYPT32.dll, MSASN1.dll, uxtheme.dll, comctl32.dll, dwmapi.dll, ShHook.dll, dwrite.dll, wpfgfx_v0400.dll, PresentationNative_v0400.dll, diasymreader.dll, urlmon.dll, iertutil.dll, d3d9.dll, d3d8thk.dll, nvd3dum.dll, System.Transactions.dll, WtsApi32.dll, WINSTA.dll, security.dll, SECUR32.DLL, credssp.dll, schannel.dll, Kerberos.DLL, cryptdll.dll, msv1_0.DLL, ntdsapi.dll, netapi32.dll, netutils.dll, srvcli.dll, wkscli.dll, LOGONCLI.DLL, instapi.dll, MSVCR80.dll, mswsock.dll, wshtcpip.dll, wship6.dll, DNSAPI.dll, mdnsNSP.dll, Iphlpapi.DLL, WINNSI.DLL, rasadhlp.dll, fwpuclnt.dll, ncrypt.dll, bcrypt.dll, bcryptprimitives.dll, powrprof.dll, SETUPAPI.dll, CFGMGR32.dll, DEVOBJ.dll, msctfui.dll, WINMM.dll, ManagedInjector32-3.5.dll, MSVCR90.dll, msvcm90.dll, mscorwks.dll, mscordbc.dll, profapi.dll, mscorlib.ni.dll, mscorlib.resources.dll, mscorjit.dll, System.ni.dll, WindowsBase.ni.dll, PresentationCore.ni.dll, PresentationFramework.ni.dll, wpfgfx_v0300.dll, System.Configuration.ni.dll, System.Xml.ni.dll, WindowsCodecs.dll, PresentationFramework.Aero.ni.dll, shfolder.dll, PresentationFramework.resources.dll, System.Drawing.ni.dll, System.Windows.Forms.ni.dll, WindowsFormsIntegration.ni.dll",
    "LastUpdatedDate": "2010-09-17T13:47:13.93-07:00",
    "PlannedForRelease": "",
    "ReleaseVisibleToPublic": false,
    "Priority": {
      "Name": "Unassigned",
      "Severity": 0,
      "Id": 0
    },
    "ProjectName": "snoopwpf",
    "ReportedDate": "2010-09-17T12:33:09.713-07:00",
    "Status": {
      "Name": "Closed",
      "Id": 4
    },
    "ReasonClosed": {
      "Name": "Unassigned"
    },
    "Summary": "WPF 4 App does not show up on list",
    "Type": {
      "Name": "Issue",
      "Id": 3
    },
    "VoteCount": 0,
    "Id": 5598
  },
  "FileAttachments": [],
  "Comments": []
}