{
  "WorkItem": {
    "AffectedComponent": {
      "Name": "",
      "DisplayName": ""
    },
    "ClosedComment": "",
    "ClosedDate": "2012-04-17T08:05:17.563-07:00",
    "CommentCount": 2,
    "Custom": "",
    "Description": "Sometimes it is very hard to type in the filtering text boxes ... since it refilters for every keystroke. In particular, if you try to filter the visual tree view, searching for 'CheckBox' or 'ScrollBar' ... and you have quite a bit of visual elements, the performance really starts lagging.\n\nLet's add a timer so that we don't filter on every keystroke.",
    "LastUpdatedDate": "2012-04-24T05:06:37.167-07:00",
    "PlannedForRelease": "Snoop 2.7.1",
    "ReleaseVisibleToPublic": true,
    "Priority": {
      "Name": "Unassigned",
      "Severity": 0,
      "Id": 0
    },
    "ProjectName": "snoopwpf",
    "ReportedDate": "2012-04-17T06:59:54.993-07:00",
    "Status": {
      "Name": "Closed",
      "Id": 4
    },
    "ReasonClosed": {
      "Name": "Unassigned"
    },
    "Summary": "Fix the Lag in the Filtering TextBox(es)",
    "Type": {
      "Name": "Issue",
      "Id": 3
    },
    "VoteCount": 0,
    "Id": 7926
  },
  "FileAttachments": [],
  "Comments": [
    {
      "Message": "Resolved with changeset 74283.",
      "PostedDate": "2012-04-17T08:05:17.563-07:00",
      "Id": 63587
    },
    {
      "Message": "Associated with changeset 74427.",
      "PostedDate": "2012-04-24T05:06:37.167-07:00",
      "Id": 63588
    }
  ]
}