{
  "WorkItem": {
    "AffectedComponent": {
      "Name": "",
      "DisplayName": ""
    },
    "ClosedComment": "",
    "ClosedDate": "2011-09-01T11:43:11.587-07:00",
    "CommentCount": 3,
    "Custom": "",
    "Description": "It's possible to open a new window in its own dispatcher thread:\nhttp://msdn.microsoft.com/en-us/library/ms741870.aspx#Y8300\nThis could make the application more responsive, as each window has its own UI thread, so a long operation on one UI thread won't affect the other. However, It's not possible to snoop such an application. I have the example attached.\n\nSteps to reproduce:\n\n1) Unzip the folder, and run the executable MultipleDispatchers.exe.\n2) Click the button labeled \"Button\". A new window pops up.\n3) Start snooping the NEW popped up window by pressing CTRL + Shift over it. Notice that snoop crashes.",
    "LastUpdatedDate": "2011-09-01T11:45:43.017-07:00",
    "PlannedForRelease": "Snoop 2.7.0",
    "ReleaseVisibleToPublic": true,
    "Priority": {
      "Name": "Low",
      "Severity": 50,
      "Id": 1
    },
    "ProjectName": "snoopwpf",
    "ReportedDate": "2011-03-17T00:09:31.647-07:00",
    "Status": {
      "Name": "Closed",
      "Id": 4
    },
    "ReasonClosed": {
      "Name": "Unassigned"
    },
    "Summary": "Snoop crashes on program having multiple dispatchers",
    "Type": {
      "Name": "Issue",
      "Id": 3
    },
    "VoteCount": 3,
    "Id": 6334
  },
  "FileAttachments": [
    {
      "FileId": 371323,
      "FileName": "MultipleDispatchers-solution + program.zip",
      "DownloadUrl": ".\\371323"
    }
  ],
  "Comments": [
    {
      "Message": "Please evaluate patch",
      "PostedDate": "2011-05-05T15:35:37.343-07:00",
      "Id": 63505
    },
    {
      "Message": "Please evaluate patch for this issue: http://snoopwpf.codeplex.com/SourceControl/list/patches",
      "PostedDate": "2011-05-05T16:36:40.507-07:00",
      "Id": 63506
    },
    {
      "Message": "Resolved with changeset 69801.",
      "PostedDate": "2011-09-01T11:43:11.587-07:00",
      "Id": 63507
    }
  ]
}