{
  "WorkItem": {
    "AffectedComponent": {
      "Name": "",
      "DisplayName": ""
    },
    "ClosedComment": "",
    "ClosedDate": "2012-04-09T22:16:06.547-07:00",
    "CommentCount": 10,
    "Custom": "",
    "Description": "I have a custom System.Windows.Controls.Canvas so I can override OnRender.  I cannot see the preview of these items in the Preview area.  After enabling the preview area, the Snoop logo goes away.  I have tried zooming, and changing the background color.  I can see the preview when I hover over the node in the treeview.  \"Save preview to bitmap\" doesn't show any preview too.\n\nIn an older version (before 2.7) I can see previews for these controls is the preview area.\n\nI am on Windows 7 x64.\n\nIn the sample project, the preview area does not show preview for MyCanvas.",
    "LastUpdatedDate": "2012-04-09T22:16:06.547-07:00",
    "PlannedForRelease": "Snoop 2.7.1",
    "ReleaseVisibleToPublic": true,
    "Priority": {
      "Name": "Low",
      "Severity": 50,
      "Id": 1
    },
    "ProjectName": "snoopwpf",
    "ReportedDate": "2011-10-03T14:31:31.527-07:00",
    "Status": {
      "Name": "Closed",
      "Id": 4
    },
    "ReasonClosed": {
      "Name": "Unassigned"
    },
    "Summary": "Preview area does not show for custom System.Windows.Controls.Canvas",
    "Type": {
      "Name": "Issue",
      "Id": 3
    },
    "VoteCount": 2,
    "Id": 7217
  },
  "FileAttachments": [
    {
      "FileId": 371328,
      "FileName": "SnoopTestCase.zip",
      "DownloadUrl": ".\\371328"
    }
  ],
  "Comments": [
    {
      "Message": "In version 2.7, we made the preview area zoomable, for which we added a ViewBox to host the VisualBrush. I have not investigated this, but I'm thinking this might be causing the problem since that's the only difference I can think of (again, I might be wrong about this). I will investigate this later.\r\n\r\nMeanwhile, would you be content if I gave you the ability to choose which previewer you want,, whether it's the zoomable one, or the old one (by adding a 4th button alongside the camera and the magnifier)? I will also have to consult with the team on this to see what they want.\r\n\r\nThanks for bringing this to our attention.\r\n\r\n - Maciek",
      "PostedDate": "2011-10-03T16:15:55.413-07:00",
      "Id": 63559
    },
    {
      "Message": "Associated with changeset 70441.",
      "PostedDate": "2011-10-04T20:44:46.513-07:00",
      "Id": 63560
    },
    {
      "Message": "Hi iamphi,\r\n\r\nI have a checkin for this issue. If you can, download the latest source (http://snoopwpf.codeplex.com/SourceControl/list/changesets), and build it. When building, if one of the ManagedInjector projects fail to build, simply unload them from the solution. Chances are that the projects that failed to build will not be used by Snoop, as they are platform specific (64 vs 32 bit, framekwork 4.0 vs 3.5, etc), and snoop chooses the right DLL to load at runtime depending on your environment. \r\n\r\nPlease let us know your feedback if you get a chance to build and run this version of snoop.\r\n\r\nAlso, thank you very much for taking the time to give us a test project, and bringing this issue to our attention. It helped isolate the problem.\r\n\r\n - Maciek",
      "PostedDate": "2011-10-04T21:35:35.2-07:00",
      "Id": 63561
    },
    {
      "Message": "Changeset 70441 fixed the preview area.\r\nZoomer.cs has the same issue and the same fix can be applied.  Also, it looks like Zoomer and ZoomerControl can share some code.\r\nThe screenshot preview doesn't show in changeset 70441, but saves out correctly.\r\n",
      "PostedDate": "2011-10-05T10:36:21.88-07:00",
      "Id": 63562
    },
    {
      "Message": "Thanks for replying. \r\n\r\nYou're right... the ZoomerControl is just a copy of Zoomer.cs, but just shoved into a user control. The window Zoomer was there from the beginning, and I felt like keeping it as is since no one was complaining about it. I tend to shy away from changing code if it's not broken. Correct me if I'm wrong, but it seems like the preview area can be a replacement for the Zoomer window since you can just expand it's size and not have another annoying window open. I'm not going to get rid of the zoomer window, but now that the preview area is zoomable (and you can resize it to make it take almost the full screen), do you use the Zoomer control or not? Just asking to get some user feedback for the features.\r\n\r\n - Maciek",
      "PostedDate": "2011-10-05T11:05:59.983-07:00",
      "Id": 63563
    },
    {
      "Message": "I use the Zoomer for the 3D view; I use it to check for hidden visuals.  The Zoomer 2D view in 2.6 didn't preview for me (maybe for the same reason), instead I used the preview area.  I would use both.  The  Zoomer is easier to maximize and move to a different window.",
      "PostedDate": "2011-10-05T14:57:37.547-07:00",
      "Id": 63564
    },
    {
      "Message": "Hi iamphi,\r\n\r\nI forgot about the 3D view. I have never used it (therefore I don't touch it). I'd be curious how applying the change to the zoomer window will work out for the 3D view. If you get a chance to apply the change and try it, I'd like to know your results. You can submit a patch for this, and if it gets through the team, we can apply the patch and you can get credit for it.\r\n\r\n - Maciek",
      "PostedDate": "2011-10-05T21:40:37.203-07:00",
      "Id": 63565
    },
    {
      "Message": "Hi Maciek\r\n\r\nThere is no problem with the 3D Zoomer view.  The problem is in the 2D Zoomer view.  I applied the same fix that you did for the ZoomerControl.CreateIfPossible to Zoomer.CreateIfPossible.",
      "PostedDate": "2011-10-07T10:50:55.193-07:00",
      "Id": 63566
    },
    {
      "Message": "Patch 10639 created to fix Zoomer 2D view",
      "PostedDate": "2011-10-19T13:07:42.163-07:00",
      "Id": 63567
    },
    {
      "Message": "Resolved with changeset 73954.",
      "PostedDate": "2012-04-09T22:16:06.547-07:00",
      "Id": 63568
    }
  ]
}