{
  "WorkItem": {
    "AffectedComponent": {
      "Name": "",
      "DisplayName": ""
    },
    "ClosedComment": "Closing this issue as Carsten states that it was resolved.",
    "ClosedDate": "2012-05-12T04:32:46.177-07:00",
    "CommentCount": 2,
    "Custom": "",
    "Description": "Hi @all,\n\nI'm trying to snoop my current .NET 4.0 application on Windows 7 with the stable 2.7.0 version, but Snoop always crashes with a TargetInvocationException. \n\n   at System.RuntimeMethodHandle._InvokeMethodFast(IRuntimeMethodInfo method, Object target, Object[] arguments, SignatureStruct& sig, MethodAttributes methodAttributes, RuntimeType typeOwner)\n   at System.RuntimeMethodHandle.InvokeMethodFast(IRuntimeMethodInfo method, Object target, Object[] arguments, Signature sig, MethodAttributes methodAttributes, RuntimeType typeOwner)\n   at System.Reflection.RuntimeMethodInfo.Invoke(Object obj, BindingFlags invokeAttr, Binder binder, Object[] parameters, CultureInfo culture, Boolean skipVisibilityChecks)\n   at System.Reflection.RuntimeMethodInfo.Invoke(Object obj, BindingFlags invokeAttr, Binder binder, Object[] parameters, CultureInfo culture)\n   at System.Reflection.MethodBase.Invoke(Object obj, Object[] parameters)\n   at MessageHookProc(Int32 nCode, UInt32 wparam, Int32 lparam)\n   at MS.Win32.UnsafeNativeMethods.ITfMessagePump.GetMessageW(MSG& msg, IntPtr hwnd, Int32 msgFilterMin, Int32 msgFilterMax, Int32& result)\n   at System.Windows.Threading.Dispatcher.GetMessage(MSG& msg, IntPtr hwnd, Int32 minMessage, Int32 maxMessage)\n   at System.Windows.Threading.Dispatcher.PushFrameImpl(DispatcherFrame frame)\n   at System.Windows.Threading.Dispatcher.PushFrame(DispatcherFrame frame)\n   at System.Windows.Application.RunDispatcher(Object ignore)\n   at System.Windows.Application.RunInternal(Window window)\n   at System.Windows.Application.Run(Window window)\n   at <our application start class>\n\nThe inner exception is a NullReference Exception  simply  at Snoop.SnoopUI.GoBabyGo() I tried version 2.6.1 and it works just fine.  The System.Windows.Application.Run is called from a custom class I suppressed here.\nDoes anyone have a clue what might be the reason for the crash?\n\nBest regards\nCarsten",
    "LastUpdatedDate": "2012-05-12T04:32:46.177-07:00",
    "PlannedForRelease": "",
    "ReleaseVisibleToPublic": false,
    "Priority": {
      "Name": "Low",
      "Severity": 50,
      "Id": 1
    },
    "ProjectName": "snoopwpf",
    "ReportedDate": "2011-11-29T05:23:39.793-08:00",
    "Status": {
      "Name": "Closed",
      "Id": 4
    },
    "ReasonClosed": {
      "Name": "Unassigned"
    },
    "Summary": "TargetInvocationExcepton inner NullReferenceException",
    "Type": {
      "Name": "Issue",
      "Id": 3
    },
    "VoteCount": 1,
    "Id": 7498
  },
  "FileAttachments": [],
  "Comments": [
    {
      "Message": "Hi Carsten,\r\n\r\nI have an idea of what it is, because there was an issue where we didn't do a null check when adding some code. If you get the latest source code (at http://snoopwpf.codeplex.com/SourceControl/list/changesets) and build it, this should hopefully fix it. If you get a chance to try it, let us know how it works out for you.\r\n\r\nThanks,\r\n\r\nMaciek",
      "PostedDate": "2011-11-29T11:27:52.993-08:00",
      "Id": 63572
    },
    {
      "Message": "Hi Maciek,\r\n\r\nsorry for my very late answer, but I had to install VS 2008 before trying your suggestion. Using the latest change set the issue seems to be solved.\r\n\r\nBest regards\r\nCarsten",
      "PostedDate": "2011-12-21T05:21:17.877-08:00",
      "Id": 63573
    }
  ]
}