{
  "WorkItem": {
    "AffectedComponent": {
      "Name": "",
      "DisplayName": ""
    },
    "ClosedComment": "",
    "ClosedDate": "2011-04-21T14:57:30.65-07:00",
    "CommentCount": 1,
    "Custom": "",
    "Description": "It would be nice to be able to capture hi-res screenshots of any Visual in the application.\n\nThanks to Bert Vanhooff ... now you can!",
    "LastUpdatedDate": "2011-04-21T14:57:30.65-07:00",
    "PlannedForRelease": "Snoop 2.7.0",
    "ReleaseVisibleToPublic": true,
    "Priority": {
      "Name": "Low",
      "Severity": 50,
      "Id": 1
    },
    "ProjectName": "snoopwpf",
    "ReportedDate": "2011-04-21T14:56:12.103-07:00",
    "Status": {
      "Name": "Closed",
      "Id": 4
    },
    "ReasonClosed": {
      "Name": "Unassigned"
    },
    "Summary": "Add the ability to capture hi-res screenshots.",
    "Type": {
      "Name": "Feature",
      "Id": 1
    },
    "VoteCount": 0,
    "Id": 6512
  },
  "FileAttachments": [],
  "Comments": [
    {
      "Message": "Resolved with changeset 65551.",
      "PostedDate": "2011-04-21T14:57:30.65-07:00",
      "Id": 63512
    }
  ]
}