{
  "WorkItem": {
    "AffectedComponent": {
      "Name": "",
      "DisplayName": ""
    },
    "ClosedComment": "",
    "ClosedDate": null,
    "CommentCount": 1,
    "Custom": null,
    "Description": "Hi,\r\n\r\nTrying to snoop a new tab in our application snoop pops up following exception. All other tabs in our app working create with snoop. Any ideas?\r\n\r\n```\r\nMessage: Der Objektverweis wurde nicht auf eine Objektinstanz festgelegt.\r\nStacktrace:\r\n   bei Snoop.VisualTreeItem.Reload()\r\n   bei Snoop.VisualTreeItem.Construct(Object target, VisualTreeItem parent)\r\n   bei Snoop.VisualItem.Reload(List`1 toBeRemoved)\r\n   bei Snoop.VisualTreeItem.Reload()\r\n   bei Snoop.VisualTreeItem.Construct(Object target, VisualTreeItem parent)\r\n   bei Snoop.VisualItem.Reload(List`1 toBeRemoved)\r\n   bei Snoop.VisualTreeItem.Reload()\r\n   bei Snoop.VisualTreeItem.Construct(Object target, VisualTreeItem parent)\r\n   bei Snoop.VisualItem.Reload(List`1 toBeRemoved)\r\n   bei Snoop.VisualTreeItem.Reload()\r\n   bei Snoop.VisualTreeItem.Construct(Object target, VisualTreeItem parent)\r\n   bei Snoop.VisualItem.Reload(List`1 toBeRemoved)\r\n   bei Snoop.VisualTreeItem.Reload()\r\n   bei Snoop.VisualTreeItem.Construct(Object target, VisualTreeItem parent)\r\n   bei Snoop.VisualItem.Reload(List`1 toBeRemoved)\r\n   bei Snoop.VisualTreeItem.Reload()\r\n   bei Snoop.VisualTreeItem.Construct(Object target, VisualTreeItem parent)\r\n   bei Snoop.VisualItem.Reload(List`1 toBeRemoved)\r\n   bei Snoop.VisualTreeItem.Reload()\r\n   bei Snoop.VisualTreeItem.Construct(Object target, VisualTreeItem parent)\r\n   bei Snoop.VisualItem.Reload(List`1 toBeRemoved)\r\n   bei Snoop.VisualTreeItem.Reload()\r\n   bei Snoop.VisualTreeItem.Construct(Object target, VisualTreeItem parent)\r\n   bei Snoop.VisualItem.Reload(List`1 toBeRemoved)\r\n   bei Snoop.VisualTreeItem.Reload()\r\n   bei Snoop.VisualTreeItem.Construct(Object target, VisualTreeItem parent)\r\n   bei Snoop.VisualItem.Reload(List`1 toBeRemoved)\r\n   bei Snoop.VisualTreeItem.Reload()\r\n   bei Snoop.VisualTreeItem.Construct(Object target, VisualTreeItem parent)\r\n   bei Snoop.VisualItem.Reload(List`1 toBeRemoved)\r\n   bei Snoop.VisualTreeItem.Reload()\r\n   bei Snoop.VisualTreeItem.Construct(Object target, VisualTreeItem parent)\r\n   bei Snoop.VisualItem.Reload(List`1 toBeRemoved)\r\n   bei Snoop.VisualTreeItem.Reload()\r\n   bei Snoop.VisualTreeItem.Construct(Object target, VisualTreeItem parent)\r\n   bei Snoop.VisualItem.Reload(List`1 toBeRemoved)\r\n   bei Snoop.VisualTreeItem.Reload()\r\n   bei Snoop.VisualTreeItem.Construct(Object target, VisualTreeItem parent)\r\n   bei Snoop.VisualItem.Reload(List`1 toBeRemoved)\r\n   bei Snoop.VisualTreeItem.Reload()\r\n   bei Snoop.VisualTreeItem.Construct(Object target, VisualTreeItem parent)\r\n   bei Snoop.VisualItem.Reload(List`1 toBeRemoved)\r\n   bei Snoop.VisualTreeItem.Reload()\r\n   bei Snoop.VisualTreeItem.Construct(Object target, VisualTreeItem parent)\r\n   bei Snoop.ApplicationTreeItem.Reload(List`1 toBeRemoved)\r\n   bei Snoop.VisualTreeItem.Reload()\r\n   bei Snoop.VisualTreeItem.Construct(Object target, VisualTreeItem parent)\r\n   bei Snoop.SnoopUI.HandleRefresh(Object sender, ExecutedRoutedEventArgs e)\r\n   bei System.Windows.Input.CommandBinding.OnExecuted(Object sender, ExecutedRoutedEventArgs e)\r\n   bei System.Windows.Input.CommandManager.ExecuteCommandBinding(Object sender, ExecutedRoutedEventArgs e, CommandBinding commandBinding)\r\n   bei System.Windows.Input.CommandManager.FindCommandBinding(CommandBindingCollection commandBindings, Object sender, RoutedEventArgs e, ICommand command, Boolean execute)\r\n   bei System.Windows.Input.CommandManager.FindCommandBinding(Object sender, RoutedEventArgs e, ICommand command, Boolean execute)\r\n   bei System.Windows.Input.CommandManager.OnExecuted(Object sender, ExecutedRoutedEventArgs e)\r\n   bei System.Windows.RoutedEventArgs.InvokeHandler(Delegate handler, Object target)\r\n   bei System.Windows.EventRoute.InvokeHandlersImpl(Object source, RoutedEventArgs args, Boolean reRaised)\r\n   bei System.Windows.UIElement.RaiseEventImpl(DependencyObject sender, RoutedEventArgs args)\r\n   bei System.Windows.Input.RoutedCommand.ExecuteImpl(Object parameter, IInputElement target, Boolean userInitiated)\r\n   bei MS.Internal.Commands.CommandHelpers.CriticalExecuteCommandSource(ICommandSource commandSource, Boolean userInitiated)\r\n   bei System.Windows.Controls.Button.OnClick()\r\n   bei System.Windows.Controls.Primitives.ButtonBase.OnMouseLeftButtonUp(MouseButtonEventArgs e)\r\n   bei System.Windows.RoutedEventArgs.InvokeHandler(Delegate handler, Object target)\r\n   bei System.Windows.EventRoute.InvokeHandlersImpl(Object source, RoutedEventArgs args, Boolean reRaised)\r\n   bei System.Windows.UIElement.ReRaiseEventAs(DependencyObject sender, RoutedEventArgs args, RoutedEvent newEvent)\r\n   bei System.Windows.RoutedEventArgs.InvokeHandler(Delegate handler, Object target)\r\n   bei System.Windows.EventRoute.InvokeHandlersImpl(Object source, RoutedEventArgs args, Boolean reRaised)\r\n   bei System.Windows.UIElement.RaiseEventImpl(DependencyObject sender, RoutedEventArgs args)\r\n   bei System.Windows.UIElement.RaiseTrustedEvent(RoutedEventArgs args)\r\n   bei System.Windows.Input.InputManager.ProcessStagingArea()\r\n   bei System.Windows.Input.InputManager.ProcessInput(InputEventArgs input)\r\n   bei System.Windows.Input.InputProviderSite.ReportInput(InputReport inputReport)\r\n   bei System.Windows.Interop.HwndMouseInputProvider.ReportInput(IntPtr hwnd, InputMode mode, Int32 timestamp, RawMouseActions actions, Int32 x, Int32 y, Int32 wheel)\r\n   bei System.Windows.Interop.HwndMouseInputProvider.FilterMessage(IntPtr hwnd, WindowMessage msg, IntPtr wParam, IntPtr lParam, Boolean& handled)\r\n   bei System.Windows.Interop.HwndSource.InputFilterMessage(IntPtr hwnd, Int32 msg, IntPtr wParam, IntPtr lParam, Boolean& handled)\r\n   bei MS.Win32.HwndWrapper.WndProc(IntPtr hwnd, Int32 msg, IntPtr wParam, IntPtr lParam, Boolean& handled)\r\n   bei MS.Win32.HwndSubclass.DispatcherCallbackOperation(Object o)\r\n   bei System.Windows.Threading.ExceptionWrapper.InternalRealCall(Delegate callback, Object args, Int32 numArgs)\r\n   bei MS.Internal.Threading.ExceptionFilterHelper.TryCatchWhen(Object source, Delegate method, Object args, Int32 numArgs, Delegate catchHandler)\r\n\r\n```",
    "LastUpdatedDate": "2014-02-03T09:14:05.257-08:00",
    "PlannedForRelease": "",
    "ReleaseVisibleToPublic": false,
    "Priority": {
      "Name": "Unassigned",
      "Severity": 0,
      "Id": 0
    },
    "ProjectName": "snoopwpf",
    "ReportedDate": "2014-01-29T01:10:41.923-08:00",
    "Status": {
      "Name": "Proposed",
      "Id": 1
    },
    "ReasonClosed": {
      "Name": "Unassigned"
    },
    "Summary": "NullReferenz-Exception on attach",
    "Type": {
      "Name": "Unassigned",
      "Id": 5
    },
    "VoteCount": 1,
    "Id": 7952
  },
  "FileAttachments": [],
  "Comments": [
    {
      "Message": "This is interesting. Are you using the latest version of Snoop? I'm looking at where this can possibly happen. Here are some thoughts on how we can troubleshoot this issue:\n\n1) The ideal thing would be to attach an application that reproduces the issue. We will be happy to take a look, and diagnose this issue to fix it.\n\n2) Download the latest source code and build it. Then, either attach the debugger running Snoop, OR open the file VisualTreeItem.cs file in the debugger running your WPF application (the snoop source runs INSIDE the application being snooped). Let us know the precise line number.\n\nDo any of these sound feasible to you?",
      "PostedDate": "2014-02-03T09:14:05.257-08:00",
      "Id": 132416
    }
  ]
}