{
  "WorkItem": {
    "AffectedComponent": {
      "Name": "",
      "DisplayName": ""
    },
    "ClosedComment": "As far as I can tell ... this works just fine.",
    "ClosedDate": "2011-02-21T10:27:01.813-08:00",
    "CommentCount": 1,
    "Custom": "",
    "Description": "Running my WPF application in debugmode from Visual Studio 2010; but when attaching Snoop i only can view the Control tree of VisualStudio... not my application.",
    "LastUpdatedDate": "2011-02-21T10:27:01.813-08:00",
    "PlannedForRelease": "",
    "ReleaseVisibleToPublic": false,
    "Priority": {
      "Name": "Low",
      "Severity": 50,
      "Id": 1
    },
    "ProjectName": "snoopwpf",
    "ReportedDate": "2010-12-07T02:53:54.673-08:00",
    "Status": {
      "Name": "Closed",
      "Id": 4
    },
    "ReasonClosed": {
      "Name": "Unassigned"
    },
    "Summary": "Unable to snoop while debugging",
    "Type": {
      "Name": "Issue",
      "Id": 3
    },
    "VoteCount": 1,
    "Id": 5903
  },
  "FileAttachments": [],
  "Comments": [
    {
      "Message": "Just tried this ... everything works fine on my end ... can you attach a simple test harness to duplicate the issue?",
      "PostedDate": "2010-12-07T11:07:18.38-08:00",
      "Id": 63477
    }
  ]
}