{
  "WorkItem": {
    "AffectedComponent": {
      "Name": "",
      "DisplayName": ""
    },
    "ClosedComment": "",
    "ClosedDate": null,
    "CommentCount": 13,
    "Custom": null,
    "Description": "I have my WPF application developed using VS2013 (Update 2). When I have launched my application in debug mode through VS2013, I can't see my application in the list of the application available for snooping. If I open my solution in VS2012 and then launch my application in debug mode, then I can see my application in list of application available for snooping. \r\n\r\nIs this a issue or I'm missing something. \r\n\r\nRegards,\r\nKrunal",
    "LastUpdatedDate": "2015-03-04T01:26:48.927-08:00",
    "PlannedForRelease": "",
    "ReleaseVisibleToPublic": false,
    "Priority": {
      "Name": "Unassigned",
      "Severity": 0,
      "Id": 0
    },
    "ProjectName": "snoopwpf",
    "ReportedDate": "2014-05-23T10:49:05.887-07:00",
    "Status": {
      "Name": "Proposed",
      "Id": 1
    },
    "ReasonClosed": {
      "Name": "Unassigned"
    },
    "Summary": "Doesn't work with Visual Studio 2013",
    "Type": {
      "Name": "Unassigned",
      "Id": 5
    },
    "VoteCount": 4,
    "Id": 7956
  },
  "FileAttachments": [
    {
      "FileId": 851351,
      "FileName": "AvalonDock2.0.zip",
      "DownloadUrl": ".\\851351"
    }
  ],
  "Comments": [
    {
      "Message": "Have you tried dragging the cross-hairs over the application?",
      "PostedDate": "2014-05-25T23:56:56.74-07:00",
      "Id": 147672
    },
    {
      "Message": "If I drag the Cross-hair, it just opens up the \"Zoomer\"  but not the snoop window showing all the details. \n\nIs this known issue??",
      "PostedDate": "2014-05-26T00:37:27.72-07:00",
      "Id": 147676
    },
    {
      "Message": "It looks like you dragged the Cross-Hair for the zoomer. There is a separate one on the right for the \"real snoop\". In other words, there are 2 Cross-Hairs: one for the zoomer and one for Snoop itself.\n\nIf you're getting the zoomer, it seems like the snooping mechanisms are actually working. Let us know if dragging the other Cross-Hair works or not.",
      "PostedDate": "2014-05-28T10:55:57.11-07:00",
      "Id": 148146
    },
    {
      "Message": "Yes, you are right. I dragged the wrong cross hair. I tried to snoop the application using the other cross hair but still can't snoop the application which has been launched in debug mode from VS2013. However, it works for VS2012 applications.",
      "PostedDate": "2014-05-28T11:35:43.28-07:00",
      "Id": 148160
    },
    {
      "Message": "I will have to take a look at this when I get the chance. This seems like a very serious issue.",
      "PostedDate": "2014-05-28T11:58:48.87-07:00",
      "Id": 148162
    },
    {
      "Message": "I downloaded Visual Studio Express 2013, created a new WPF project targeting Framework 4.5, and I was able to Snoop the app. Have you tried creating a simple app in Visual Studio 2013, and tried Snooping that? I'm curious what your symptoms are. \n\nIf possible, it would be great if you could attach a Solution that reproduces the issue. We can continue further diagnostics, and hopefully get to the bottom of the issue.",
      "PostedDate": "2014-05-29T00:10:04.433-07:00",
      "Id": 148217
    },
    {
      "Message": "Check for the solution in attached zip file. I cannot snoop the attached solution. ",
      "PostedDate": "2014-05-29T00:52:35.213-07:00",
      "Id": 148226
    },
    {
      "Message": "In case if you didn't get attachment then I have shared the solution through google drive\n\nhttps://drive.google.com/file/d/0BzF4YuWPqFKRekJHWUhMTWFuakU/edit?usp=sharing",
      "PostedDate": "2014-05-29T01:09:20.683-07:00",
      "Id": 148230
    },
    {
      "Message": "I tried opening this solution in Visual Studio 2013 (the express edition), and I was able to debug it and Snoop it just fine. I'd be curious what the results of the troubleshooting steps are. Have you looked at the output log file?\n\nAlso, have you looked at the output window of Visual Studio (the version debugging the Snooped app)? Hopefully the results are similar to what is mentioned in the [troubleshooting steps](https://snoopwpf.codeplex.com/wikipage?title=Troubleshooting).",
      "PostedDate": "2014-05-29T17:36:30.187-07:00",
      "Id": 148323
    },
    {
      "Message": "I downloaded the solution and tried it too. Everything works for me.\n\nI have Visual Studio 2013 Ultimate ... even though version of VS 2013 shouldn't matter ...",
      "PostedDate": "2014-06-02T09:10:22.06-07:00",
      "Id": 148566
    },
    {
      "Message": "Sorry for delay in updates.\n\n@maciekrakowski \n\nI tried looking at debugging steps but it is not generating log file for me somehow. Also, my visual studio debug window is not showing any unusual/suspect message when I'm trying to snoop my application. \n\nIt seems like my Visual Studio installer might have problem but except the snoop problem everything works fine for me so not sure what to do?",
      "PostedDate": "2014-06-12T04:28:37.83-07:00",
      "Id": 149478
    },
    {
      "Message": "!!! Run inspector as an Administrator !!!",
      "PostedDate": "2014-10-09T07:20:19.57-07:00",
      "Id": 161786
    },
    {
      "Message": "I launch Snoop with \"Run As Administrator\" and now I'm able to snoop VS2013 application. \n\nThanks for those who cared and replied to my issue. \n\nRegards,\nKrunal",
      "PostedDate": "2014-10-15T11:05:07.08-07:00",
      "Id": 162337
    }
  ]
}