{
  "WorkItem": {
    "AffectedComponent": {
      "Name": "",
      "DisplayName": ""
    },
    "ClosedComment": "",
    "ClosedDate": null,
    "CommentCount": 0,
    "Custom": null,
    "Description": "Found that you have to have 2010 Runtimes for this to work.   If you try to use this on a fresh non dev machine, it wont attach.  A simple fix :)\r\n\r\nThanks!",
    "LastUpdatedDate": "2013-08-23T10:00:41.507-07:00",
    "PlannedForRelease": "",
    "ReleaseVisibleToPublic": false,
    "Priority": {
      "Name": "Unassigned",
      "Severity": 0,
      "Id": 0
    },
    "ProjectName": "snoopwpf",
    "ReportedDate": "2013-08-23T10:00:41.507-07:00",
    "Status": {
      "Name": "Proposed",
      "Id": 1
    },
    "ReasonClosed": {
      "Name": "Unassigned"
    },
    "Summary": "Static Compile C++ 2010 Runtimes with Snoop app",
    "Type": {
      "Name": "Unassigned",
      "Id": 5
    },
    "VoteCount": 1,
    "Id": 7946
  },
  "FileAttachments": [],
  "Comments": []
}