{
  "WorkItem": {
    "AffectedComponent": {
      "Name": "",
      "DisplayName": ""
    },
    "ClosedComment": "",
    "ClosedDate": "2010-07-06T09:25:40.393-07:00",
    "CommentCount": 1,
    "Custom": "",
    "Description": "There are some controls which don't have labels or icons ... much less tool tips. As labels, tool tips, and the such ease the learning curve ... let's put these in.",
    "LastUpdatedDate": "2010-07-06T09:25:40.393-07:00",
    "PlannedForRelease": "Snoop 2.6.0",
    "ReleaseVisibleToPublic": true,
    "Priority": {
      "Name": "Low",
      "Severity": 50,
      "Id": 1
    },
    "ProjectName": "snoopwpf",
    "ReportedDate": "2010-05-24T09:44:26.927-07:00",
    "Status": {
      "Name": "Closed",
      "Id": 4
    },
    "ReasonClosed": {
      "Name": "Unassigned"
    },
    "Summary": "Add tool tips and labels to as many controls as possible.",
    "Type": {
      "Name": "Issue",
      "Id": 3
    },
    "VoteCount": 0,
    "Id": 4735
  },
  "FileAttachments": [],
  "Comments": [
    {
      "Message": "This has been fixed by change sets 46743 and 46744.",
      "PostedDate": "2010-05-27T13:47:58.87-07:00",
      "Id": 63400
    }
  ]
}