{
  "WorkItem": {
    "AffectedComponent": {
      "Name": "",
      "DisplayName": ""
    },
    "ClosedComment": "",
    "ClosedDate": "2011-06-08T06:30:42.773-07:00",
    "CommentCount": 2,
    "Custom": "",
    "Description": "At times, Snoop will show your application, but you are unable to Snoop it. Interestingly enough, you can Magnify (bring up the Zoomer window) it. It turns out that, depending on your app.config file, a NullReferenceException might get thrown in the PresentationTraceSources.Refresh call (in the SnoopUI constructor).\n\nI can't do much about the app.config file, but I can put a try/catch block around that call ... to protect against the NullReferenceException. So, let's do that.\n\nSee the following discussion for more info: http://snoopwpf.codeplex.com/discussions/236503",
    "LastUpdatedDate": "2011-08-31T12:52:33.343-07:00",
    "PlannedForRelease": "Snoop 2.7.0",
    "ReleaseVisibleToPublic": true,
    "Priority": {
      "Name": "Low",
      "Severity": 50,
      "Id": 1
    },
    "ProjectName": "snoopwpf",
    "ReportedDate": "2011-05-17T11:56:36.11-07:00",
    "Status": {
      "Name": "Closed",
      "Id": 4
    },
    "ReasonClosed": {
      "Name": "Unassigned"
    },
    "Summary": "Snoop Shows App, But You Can't Snoop",
    "Type": {
      "Name": "Issue",
      "Id": 3
    },
    "VoteCount": 1,
    "Id": 6647
  },
  "FileAttachments": [],
  "Comments": [
    {
      "Message": "It's worth pointing out that the problem in the app.config file is caused by empty  entries, which can safely be removed, avoiding the problem. Obviously, a try/catch call would make this unnecessary, so is worth doing.",
      "PostedDate": "2011-05-18T02:06:57.14-07:00",
      "Id": 63513
    },
    {
      "Message": "Resolved with changeset 67455.",
      "PostedDate": "2011-06-08T06:30:42.773-07:00",
      "Id": 63514
    }
  ]
}