{
  "WorkItem": {
    "AffectedComponent": {
      "Name": "",
      "DisplayName": ""
    },
    "ClosedComment": "Duplicate of http://snoopwpf.codeplex.com/workitem/6227",
    "ClosedDate": "2011-02-11T10:34:59.053-08:00",
    "CommentCount": 1,
    "Custom": "",
    "Description": "Any chance you could provide a portable version of Snoop that doesn't require installation? Even just offering a ZIP with the program files would be fine.\n\nThe reason for this is that I have a DropBox folder of portable utilities that I use a lot. This lets me have access to my common tools from lots of machines and virtual machines without have to constantly reinstall them (and update them). I'd love to be able to update Snoop to the latest version once and have it available for all of my machines.\n\nThis obviously will require that .NET already be installed, but that's generally not a problem. It also assumes that you don't have a bunch of registry settings that are configured by the installer. Any chance of this?",
    "LastUpdatedDate": "2011-02-11T10:34:59.053-08:00",
    "PlannedForRelease": "",
    "ReleaseVisibleToPublic": false,
    "Priority": {
      "Name": "Low",
      "Severity": 50,
      "Id": 1
    },
    "ProjectName": "snoopwpf",
    "ReportedDate": "2011-02-11T09:50:17.527-08:00",
    "Status": {
      "Name": "Closed",
      "Id": 4
    },
    "ReasonClosed": {
      "Name": "Unassigned"
    },
    "Summary": "Portable (or no-install) version of Snoop?",
    "Type": {
      "Name": "Issue",
      "Id": 3
    },
    "VoteCount": 1,
    "Id": 6228
  },
  "FileAttachments": [],
  "Comments": [
    {
      "Message": "Sorry, my browser hung up and I ended up with two copies of this request, this one should be removed.",
      "PostedDate": "2011-02-11T09:51:50.17-08:00",
      "Id": 63489
    }
  ]
}