{
  "WorkItem": {
    "AffectedComponent": {
      "Name": "",
      "DisplayName": ""
    },
    "ClosedComment": "",
    "ClosedDate": null,
    "CommentCount": 2,
    "Custom": null,
    "Description": "I got the below mentioned error. Not sure if it helps. It happens when i start my WPF 4 app and press the binoculars button. The screenshot is ran from the source code version.\n",
    "LastUpdatedDate": "2013-06-11T10:16:44.237-07:00",
    "PlannedForRelease": "",
    "ReleaseVisibleToPublic": false,
    "Priority": {
      "Name": "Low",
      "Severity": 50,
      "Id": 1
    },
    "ProjectName": "snoopwpf",
    "ReportedDate": "2013-01-08T21:16:33.56-08:00",
    "Status": {
      "Name": "Proposed",
      "Id": 1
    },
    "ReasonClosed": {
      "Name": "Unassigned"
    },
    "Summary": "Object reference not set to an instance of an object.",
    "Type": {
      "Name": "Issue",
      "Id": 3
    },
    "VoteCount": 1,
    "Id": 7937
  },
  "FileAttachments": [
    {
      "FileId": 599811,
      "FileName": "snoop error 2.jpg",
      "DownloadUrl": ".\\599811"
    }
  ],
  "Comments": [
    {
      "Message": "Hi icube,\n\nThe stack trace is very helpful. Thank you for taking the time to submit this. Is there any chance you would be able to provide us with a sample application that reproduces the problem?\n\n - Maciek",
      "PostedDate": "2013-01-18T17:20:58.55-08:00",
      "Id": 86585
    },
    {
      "Message": "Hi,\ntoday i have the same snoop error as icube.\nI take the sourcecode an take a look what crashes with null reference.\n\nin the snoop.ui.xaml.cs file\n\n\t\tprivate VisualTreeItem FindItem(object target)\n\t\t{\n\t\t    if (this.rootVisualTreeItem == null)\n\t\t        return null;\n\n\t\t\tVisualTreeItem node = this.rootVisualTreeItem.FindNode(target);\n\n\nI added a check it rootVisualTreeItem is null.\n\nNow it works.\n\nTake a look at it maciek.",
      "PostedDate": "2013-06-11T10:16:44.237-07:00",
      "Id": 102785
    }
  ]
}