{
  "WorkItem": {
    "AffectedComponent": {
      "Name": "",
      "DisplayName": ""
    },
    "ClosedComment": "",
    "ClosedDate": "2010-07-06T09:25:40.393-07:00",
    "CommentCount": 1,
    "Custom": "",
    "Description": "When you create the main window first, before you create the application ... Application.Current.MainWindow will be null. However, the main window does exist.\n    Window window = new Window();\n    window.Show();\n    Application application = new Application();\n    application.Run();\nModify Snoop to work in these scenarios.",
    "LastUpdatedDate": "2010-07-06T09:25:40.393-07:00",
    "PlannedForRelease": "Snoop 2.6.0",
    "ReleaseVisibleToPublic": true,
    "Priority": {
      "Name": "Low",
      "Severity": 50,
      "Id": 1
    },
    "ProjectName": "snoopwpf",
    "ReportedDate": "2010-06-08T08:31:11.757-07:00",
    "Status": {
      "Name": "Closed",
      "Id": 4
    },
    "ReasonClosed": {
      "Name": "Unassigned"
    },
    "Summary": "Fix Snoop so that it works when main window has been created after the application.",
    "Type": {
      "Name": "Issue",
      "Id": 3
    },
    "VoteCount": 0,
    "Id": 4865
  },
  "FileAttachments": [],
  "Comments": [
    {
      "Message": "Fixed by change sets 47536 and 47538.",
      "PostedDate": "2010-06-08T08:31:58.363-07:00",
      "Id": 63411
    }
  ]
}