{
  "WorkItem": {
    "AffectedComponent": {
      "Name": "",
      "DisplayName": ""
    },
    "ClosedComment": "",
    "ClosedDate": "2010-12-16T10:54:17.8-08:00",
    "CommentCount": 4,
    "Custom": "",
    "Description": "See this discussion item for more info: http://snoopwpf.codeplex.com/Thread/View.aspx?ThreadId=236335\n\nSometimes, neither PresentationFramework.dll ... nor PresentationFramework.ni.dll show up as modules for the process you are trying to Snoop. Add wpfgfx_v0400.dll to the list of modules to use in order to determine whether the application is a WPF application.",
    "LastUpdatedDate": "2010-12-20T07:32:33-08:00",
    "PlannedForRelease": "Snoop 2.6.1",
    "ReleaseVisibleToPublic": true,
    "Priority": {
      "Name": "Medium",
      "Severity": 100,
      "Id": 2
    },
    "ProjectName": "snoopwpf",
    "ReportedDate": "2010-12-16T09:45:20.943-08:00",
    "Status": {
      "Name": "Closed",
      "Id": 4
    },
    "ReasonClosed": {
      "Name": "Unassigned"
    },
    "Summary": "Sometimes WPF 4.0 Applications Don't Show Up in the App Chooser",
    "Type": {
      "Name": "Issue",
      "Id": 3
    },
    "VoteCount": 1,
    "Id": 5964
  },
  "FileAttachments": [],
  "Comments": [
    {
      "Message": "Resolved with changeset 59979.",
      "PostedDate": "2010-12-16T10:54:17.8-08:00",
      "Id": 63479
    },
    {
      "Message": "I think it must have to do with some sort of optimization the .NET CLR ist doing in version 4.\r\nThinking of ngen'd assemblies.",
      "PostedDate": "2010-12-17T06:47:19.987-08:00",
      "Id": 63480
    },
    {
      "Message": "Hi,\r\n\r\nI tried to add the dll to the wpfgfx_v0400.dll to Injector.Suffix() and WindowInfo.IsValidProcess. That didn't work. But I guess I screwed up other things while figuring out what is happening. So I just grabbed the new source from codeplex, build the app and was happy that it worked at once. \r\n\r\nThanks a lot guys. Good work!",
      "PostedDate": "2010-12-20T04:16:43.143-08:00",
      "Id": 63481
    },
    {
      "Message": "awerner: I'm glad that to hear that the fix is working for you!",
      "PostedDate": "2010-12-20T07:32:33-08:00",
      "Id": 63482
    }
  ]
}