{
  "WorkItem": {
    "AffectedComponent": {
      "Name": "",
      "DisplayName": ""
    },
    "ClosedComment": "",
    "ClosedDate": "2011-08-26T19:14:22.48-07:00",
    "CommentCount": 1,
    "Custom": "",
    "Description": "Instead of the traditional way of selecting which application you want to Snoop (refresh, pick from the combo box, and clicking the Snoop button) ... let's choose which application we want to Snoop by dragging and dropping a cursor on top of a WPF window.",
    "LastUpdatedDate": "2011-08-26T19:14:22.48-07:00",
    "PlannedForRelease": "Snoop 2.7.0",
    "ReleaseVisibleToPublic": true,
    "Priority": {
      "Name": "High",
      "Severity": 150,
      "Id": 3
    },
    "ProjectName": "snoopwpf",
    "ReportedDate": "2011-08-26T19:12:29.123-07:00",
    "Status": {
      "Name": "Closed",
      "Id": 4
    },
    "ReasonClosed": {
      "Name": "Unassigned"
    },
    "Summary": "Add Drag & Drop Functionality to Select Which WPF Window to Snoop",
    "Type": {
      "Name": "Feature",
      "Id": 1
    },
    "VoteCount": 0,
    "Id": 7105
  },
  "FileAttachments": [],
  "Comments": [
    {
      "Message": "Resolved with changeset 69730.",
      "PostedDate": "2011-08-26T19:14:22.48-07:00",
      "Id": 63532
    }
  ]
}