{
  "WorkItem": {
    "AffectedComponent": {
      "Name": "",
      "DisplayName": ""
    },
    "ClosedComment": "",
    "ClosedDate": "2010-07-06T09:25:40.393-07:00",
    "CommentCount": 1,
    "Custom": "",
    "Description": "Currently, we need to have 4 versions Snoop. We need one version for 32-bit and one version for 64-bit. We also need one version for WPF 3.5 and one version for WPF 4.0.\n\nHow can we simplify this situation?",
    "LastUpdatedDate": "2010-07-06T09:25:40.393-07:00",
    "PlannedForRelease": "Snoop 2.6.0",
    "ReleaseVisibleToPublic": true,
    "Priority": {
      "Name": "High",
      "Severity": 150,
      "Id": 3
    },
    "ProjectName": "snoopwpf",
    "ReportedDate": "2010-05-24T09:18:33.983-07:00",
    "Status": {
      "Name": "Closed",
      "Id": 4
    },
    "ReasonClosed": {
      "Name": "Unassigned"
    },
    "Summary": "Figure out how to have only 1 version of Snoop instead of 4.",
    "Type": {
      "Name": "Feature",
      "Id": 1
    },
    "VoteCount": 0,
    "Id": 4730
  },
  "FileAttachments": [],
  "Comments": [
    {
      "Message": "This is fixed by change set 48473.",
      "PostedDate": "2010-06-25T08:51:58.45-07:00",
      "Id": 63398
    }
  ]
}