{
  "WorkItem": {
    "AffectedComponent": {
      "Name": "",
      "DisplayName": ""
    },
    "ClosedComment": "",
    "ClosedDate": "2010-07-22T16:16:09.903-07:00",
    "CommentCount": 1,
    "Custom": "",
    "Description": "It would be nice if you could modify the property filter sets such that you could expand what the layout filter set means ... or even add your own. This capability should persist these filter sets into the application settings so that you wouldn't have to modify them each time.",
    "LastUpdatedDate": "2010-07-22T16:16:09.903-07:00",
    "PlannedForRelease": "Snoop 2.6.1",
    "ReleaseVisibleToPublic": true,
    "Priority": {
      "Name": "Low",
      "Severity": 50,
      "Id": 1
    },
    "ProjectName": "snoopwpf",
    "ReportedDate": "2010-07-22T16:10:30.21-07:00",
    "Status": {
      "Name": "Closed",
      "Id": 4
    },
    "ReasonClosed": {
      "Name": "Unassigned"
    },
    "Summary": "Add the capability to modify the property filter sets.",
    "Type": {
      "Name": "Feature",
      "Id": 1
    },
    "VoteCount": 0,
    "Id": 5261
  },
  "FileAttachments": [],
  "Comments": [
    {
      "Message": "Resolved by changeset 50603.",
      "PostedDate": "2010-07-22T16:16:09.903-07:00",
      "Id": 63438
    }
  ]
}