{
  "WorkItem": {
    "AffectedComponent": {
      "Name": "",
      "DisplayName": ""
    },
    "ClosedComment": "",
    "ClosedDate": null,
    "CommentCount": 0,
    "Custom": null,
    "Description": "Saves having to drag the crosshairs across multiple monitors to where my app is currently hiding, simple keyboard shortcut while snoop has focus to turn the cursor into a crosshair for either magnify / snoop etc.",
    "LastUpdatedDate": "2012-07-18T23:54:06.983-07:00",
    "PlannedForRelease": "",
    "ReleaseVisibleToPublic": false,
    "Priority": {
      "Name": "Low",
      "Severity": 50,
      "Id": 1
    },
    "ProjectName": "snoopwpf",
    "ReportedDate": "2012-07-18T23:54:06.983-07:00",
    "Status": {
      "Name": "Proposed",
      "Id": 1
    },
    "ReasonClosed": {
      "Name": "Unassigned"
    },
    "Summary": "Feature request: Keyboard shortcuts",
    "Type": {
      "Name": "Issue",
      "Id": 3
    },
    "VoteCount": 1,
    "Id": 7930
  },
  "FileAttachments": [],
  "Comments": []
}