{
  "WorkItem": {
    "AffectedComponent": {
      "Name": "",
      "DisplayName": ""
    },
    "ClosedComment": "",
    "ClosedDate": null,
    "CommentCount": 10,
    "Custom": null,
    "Description": "cplotts wrote:\r\nHmm. If anyone else is reading this ... and they have gotten Snoop to work on an XP machine ... with no development environment (Visual Studio) ... please reply! I'm starting to wonder if Snoop needs something installed with the development environment ... in order to run on Windows XP.\r\n\r\nOkay, everyone ... I've figured out what the problem here is. With some help by a colleague and ProcessMonitor ... I discovered that when Snooping WPF 4.0 applications ... you need to have the MSVC C Runtime assemblies installed (in particular, the MSVC++ 2010 redistributables). If you're running Snoop on a machine with Visual Studio already installed, you will have these already. However, if you are trying to debug an application where the development environment is not installed, you may not have it.\r\n\r\nHere are the links to the redistributables:\r\nx86: http://www.microsoft.com/downloads/en/details.aspx?FamilyID=a7b7a05e-6de6-4d3a-a423-37bf0912db84\r\nx64: http://www.microsoft.com/downloads/en/details.aspx?FamilyID=BD512D9E-43C8-4655-81BF-9350143D5867\r\n\r\nMaybe, I will try and roll this into the installer at some point.",
    "LastUpdatedDate": "2017-12-11T00:35:50.12-08:00",
    "PlannedForRelease": "Snoop 2.8.0",
    "ReleaseVisibleToPublic": true,
    "Priority": {
      "Name": "Low",
      "Severity": 50,
      "Id": 1
    },
    "ProjectName": "snoopwpf",
    "ReportedDate": "2010-09-18T08:33:56.653-07:00",
    "Status": {
      "Name": "Proposed",
      "Id": 1
    },
    "ReasonClosed": {
      "Name": "Unassigned"
    },
    "Summary": "Roll the MSVC++ 2010 Redistributables into the Installer",
    "Type": {
      "Name": "Issue",
      "Id": 3
    },
    "VoteCount": 2,
    "Id": 5601
  },
  "FileAttachments": [],
  "Comments": [
    {
      "Message": "MK1153 has also noticed this issue. See http://snoopwpf.codeplex.com/workitem/7924.",
      "PostedDate": "2012-04-17T12:22:09.84-07:00",
      "Id": 63469
    },
    {
      "Message": "Hi, Just downloaded SnoopWpf 2.8 & noticed you now embed VC++ 2010 SP1 Redist. I wonder, don't you also need to provide the VC2008 Redist? ManagedInjectorLauncher32-3.5 and 64-3.5 are built against the v90 (ie VS 2008) toolset, and therefore, I suspect they depend on (at least) msvcr90.dll whereas, the VC 2010 redist only provides msvcr100...",
      "PostedDate": "2012-10-07T03:01:51.36-07:00",
      "Id": 78888
    },
    {
      "Message": "I ran ManagedInjectorLauncher32-3.5.dll and 64-3.5 through Dependency Walker (http://www.dependencywalker.com/) and, indeed they depend on msvcr90.dll and msvc390.dll\nthe 4.0 versions of the managed injector only depend on msvcr100.dll\n\nI suspect that snooping a .net 3.0 or 3.5 application on a machine with no VS installation would bump into the same issue.",
      "PostedDate": "2012-10-07T03:06:56.363-07:00",
      "Id": 78889
    },
    {
      "Message": "And as a final note, \nI ran into similar issues with Hawkeye (v1), I used to provide the missing dependencies (VS2010 & VS2005 by the time) as DLL directly in the release zip. This is because Hawkeye has no installer; just have a look inside the zips, you'll see msvcr80 + msvcm80 both x86 and x64 for the .NET 2 Hawkeye and msvcr100 x86 and x64 for the .NET 4 version.\nYou can check this here: http://hawkeye.codeplex.com/releases/view/58898\n\nHope this helps",
      "PostedDate": "2012-10-07T03:12:43.307-07:00",
      "Id": 78890
    },
    {
      "Message": "Thanks Olivier, Jason is going to look into this.",
      "PostedDate": "2012-10-08T10:43:26.07-07:00",
      "Id": 79018
    },
    {
      "Message": "I just set up a virtual XP SP2 machine + .NET 3.5, and it appears that the redists for VC80 and VC90 are part of the system : in C:\\WINDOWS\\WinSxS, I can find \nx86_Microsoft.VC80.CRT_1fc8b3b9a1e18e3b_8.0.50727.3053_x-ww_b80fa8ca and \nx86_Microsoft.VC90.CRT_1fc8b3b9a1e18e3b_9.0.21022.8_x-ww_d08d0375 folders. For the latter, the version of the DLLS is 9.0.21022.8\n\nNo trace of VC100 of course.\n\nBy the way, I gonna play a bit with manifests and private deployments (copy in Hawkeye's subdir) of VC90 and VC100 \"assemblies\". My XP box allowed me to reproduce the bug you experimented in the .NET 4 case (and just copying msvcm100, msvcp100 and msvcr100 dlls in Hawkeye's folder made the trick. Though, on x64 systems, I need a way to copy 2 versions of these dlls with the same names.\n\nPS: in the Hawkeye v1 case, the VC80 runtimes it needed was not exactly in the same version than the ones in WinSxS, thus the need to provide them as well as the VC100 ones.",
      "PostedDate": "2012-10-08T20:32:58.667-07:00",
      "Id": 79105
    },
    {
      "Message": "This issue has been fixed by the following commit:\nhttp://snoopwpf.codeplex.com/SourceControl/changeset/4a5c45a74087\n\r\n\r** Closed by cplotts 07/18/2012 1:21PM",
      "PostedDate": "2012-07-18T13:21:36.497-07:00",
      "Id": 79124
    },
    {
      "Message": "Re-opening since it looks like we need to include the redistributables for VC90, x86 and x64.",
      "PostedDate": "2012-10-09T04:07:56.817-07:00",
      "Id": 79125
    },
    {
      "Message": "Not sure if I am missing something, but we need to be able to install and run Snoop from a USB drive onto some standalone computers with no dev environment and no internet access... it looks like the installer is trying to find and download the C++ redist. from the internet.  I tried to get them and install them separately but no dice.\n\nCan I just get a bin folder that I can drop on these machines and run Snoop from?",
      "PostedDate": "2013-08-21T15:51:18.997-07:00",
      "Id": 110688
    },
    {
      "Message": "I also make a zip file available that doesn't try to install the redists. Go to the downloads page and download that instead of the installer.",
      "PostedDate": "2013-08-21T16:29:39.67-07:00",
      "Id": 110691
    }
  ]
}