{
  "WorkItem": {
    "AffectedComponent": {
      "Name": "",
      "DisplayName": ""
    },
    "ClosedComment": "",
    "ClosedDate": null,
    "CommentCount": 4,
    "Custom": "",
    "Description": "See the following discussion thread:\nhttp://snoopwpf.codeplex.com/discussions/343707\n\nBut basically, Snoop can't see certain attached properties ... for example, Snoop is unable to see the attached property collection which holds the Blend/interaction behaviors.\n\nLet's see if we can fix that.",
    "LastUpdatedDate": "2012-11-01T12:11:52.1-07:00",
    "PlannedForRelease": "",
    "ReleaseVisibleToPublic": false,
    "Priority": {
      "Name": "Low",
      "Severity": 50,
      "Id": 1
    },
    "ProjectName": "snoopwpf",
    "ReportedDate": "2012-02-28T11:24:00.817-08:00",
    "Status": {
      "Name": "Proposed",
      "Id": 1
    },
    "ReasonClosed": {
      "Name": "Unassigned"
    },
    "Summary": "Snoop Can't See Certain Attached Properties",
    "Type": {
      "Name": "Issue",
      "Id": 3
    },
    "VoteCount": 3,
    "Id": 7769
  },
  "FileAttachments": [
    {
      "FileId": 371329,
      "FileName": "InteractionBehaviorsTests.zip",
      "DownloadUrl": ".\\371329"
    },
    {
      "FileId": 371330,
      "FileName": "InteractionBehaviorsTests.zip",
      "DownloadUrl": ".\\371330"
    }
  ],
  "Comments": [
    {
      "Message": "Attached is a very crude test project to use when testing this issue.",
      "PostedDate": "2012-02-29T12:11:19.103-08:00",
      "Id": 63577
    },
    {
      "Message": "Attached is a very crude test project to use when testing this issue.",
      "PostedDate": "2012-02-29T12:16:14.2-08:00",
      "Id": 63578
    },
    {
      "Message": "Finaly got it to upload.",
      "PostedDate": "2012-02-29T12:19:51.753-08:00",
      "Id": 63579
    },
    {
      "Message": "FYI...  While testing you can bind a property in the behavior/Collection Item to another dependency object. Then delve binding and you can get the behavior from the source.",
      "PostedDate": "2012-03-01T09:55:49.677-08:00",
      "Id": 63580
    }
  ]
}