{
  "WorkItem": {
    "AffectedComponent": {
      "Name": "",
      "DisplayName": ""
    },
    "ClosedComment": "Cannot reproduce.",
    "ClosedDate": "2010-10-22T11:28:08.503-07:00",
    "CommentCount": 4,
    "Custom": "",
    "Description": "Hello,\n\nI am having a MainWindow and a MaterialExplorerWindow opened in the MainWindow.\n I have selected the  MaterialExplorerWindow in the combobox and then choosed the Snoop button to show the visual tree. \nBut it always shows the visual tree of the MainWindow, why is that?",
    "LastUpdatedDate": "2010-10-22T11:28:08.503-07:00",
    "PlannedForRelease": "",
    "ReleaseVisibleToPublic": false,
    "Priority": {
      "Name": "Low",
      "Severity": 50,
      "Id": 1
    },
    "ProjectName": "snoopwpf",
    "ReportedDate": "2010-10-02T01:53:25.82-07:00",
    "Status": {
      "Name": "Closed",
      "Id": 4
    },
    "ReasonClosed": {
      "Name": "Unassigned"
    },
    "Summary": "Snoop does NOT show the visual tree of the selected Window on top position",
    "Type": {
      "Name": "Issue",
      "Id": 3
    },
    "VoteCount": 1,
    "Id": 5638
  },
  "FileAttachments": [],
  "Comments": [
    {
      "Message": "I would try and use Ctrl-Shift and mouse over elements in the MaterialExplorerWindow ... see if that works.\r\n\r\nIt's really better, by the way, to start these discussions in the Discussion area (http://snoopwpf.codeplex.com/discussions) as this isn't likely an issue that needs to be fixed. Thanks!",
      "PostedDate": "2010-10-02T06:22:53.173-07:00",
      "Id": 63472
    },
    {
      "Message": "Please let me know, by the way, if this works ... so I can close this issue out. Also ... make sure you open the MaterialExplorerWindow ... before you click Snoop to show the visual treee.",
      "PostedDate": "2010-10-02T06:30:03.86-07:00",
      "Id": 63473
    },
    {
      "Message": "What you suggested did ot help. For me that is a bug, why put it in Discussion area?",
      "PostedDate": "2010-10-06T10:39:28.523-07:00",
      "Id": 63474
    },
    {
      "Message": "What I mean ... is that it is generally better to start a topic in the discussion area ... and if it is determined to be a bug ... then I will create a work item in the Issue Tracker. In this way, the Issue Tracker isn't cluttered up with issues that aren't issues.\r\n\r\nRegardless ... can you attach a simple test harness illustrating your issue so that I can take a look at it?\r\n",
      "PostedDate": "2010-10-06T13:45:45.847-07:00",
      "Id": 63475
    }
  ]
}