{
  "WorkItem": {
    "AffectedComponent": {
      "Name": "",
      "DisplayName": ""
    },
    "ClosedComment": "",
    "ClosedDate": "2010-07-06T09:25:40.393-07:00",
    "CommentCount": 1,
    "Custom": "",
    "Description": "Modify the application chooser so that the user can see the combo box of windows clearing when the user refreshes it. Currently, the user experience is such ... that it is hard to know whether you actually refreshed the list of windows or not. The only way to tell is if you have the mouse over the application chooser (in order to see the wait cursor come up).",
    "LastUpdatedDate": "2010-07-06T09:25:40.393-07:00",
    "PlannedForRelease": "Snoop 2.6.0",
    "ReleaseVisibleToPublic": true,
    "Priority": {
      "Name": "Low",
      "Severity": 50,
      "Id": 1
    },
    "ProjectName": "snoopwpf",
    "ReportedDate": "2010-05-28T08:52:14.677-07:00",
    "Status": {
      "Name": "Closed",
      "Id": 4
    },
    "ReasonClosed": {
      "Name": "Unassigned"
    },
    "Summary": "Fix the AppChooser so that it shows the refresh better.",
    "Type": {
      "Name": "Feature",
      "Id": 1
    },
    "VoteCount": 0,
    "Id": 4775
  },
  "FileAttachments": [],
  "Comments": [
    {
      "Message": "This was fixed by change sets 46799 and 46800.",
      "PostedDate": "2010-05-28T09:01:25.01-07:00",
      "Id": 63404
    }
  ]
}