{
  "WorkItem": {
    "AffectedComponent": {
      "Name": "",
      "DisplayName": ""
    },
    "ClosedComment": "Seems to be an accidental duplicate of http://snoopwpf.codeplex.com/workitem/7397",
    "ClosedDate": "2011-10-28T10:10:01.4-07:00",
    "CommentCount": 0,
    "Custom": "",
    "Description": "If IMyInterface is not a DependencyObject Snoop crash.\nIn PertinentPropertyFilter.cs line 52 add:\n\nif (attachedPropertyForType.TargetType.IsSubclassOf(typeof(DependencyObject)))\n        {\n\nand then add\n\n}\n\nbefore return true;\nto fix the problem.",
    "LastUpdatedDate": "2011-10-28T10:10:01.4-07:00",
    "PlannedForRelease": "",
    "ReleaseVisibleToPublic": false,
    "Priority": {
      "Name": "Low",
      "Severity": 50,
      "Id": 1
    },
    "ProjectName": "snoopwpf",
    "ReportedDate": "2011-10-28T07:19:31.193-07:00",
    "Status": {
      "Name": "Closed",
      "Id": 4
    },
    "ReasonClosed": {
      "Name": "Unassigned"
    },
    "Summary": "[AttachedPropertyBrowsableForType(typeof(IMyInterface))]",
    "Type": {
      "Name": "Issue",
      "Id": 3
    },
    "VoteCount": 1,
    "Id": 7398
  },
  "FileAttachments": [],
  "Comments": []
}