{
  "WorkItem": {
    "AffectedComponent": {
      "Name": "",
      "DisplayName": ""
    },
    "ClosedComment": "",
    "ClosedDate": "2011-02-14T19:24:51.44-08:00",
    "CommentCount": 2,
    "Custom": "",
    "Description": "Using Snoop 2.6.0.\nI receive an exception when I move the mouse over a treeview. Using VS 2010 on project with Framework 4.0.\n\nException: \nSystem.InvalidCastException - Unable to cast object of type 'Snoop.TrackedEvent' to type 'Snoop.VisualTreeItem'\n\nSee attachement for more details.",
    "LastUpdatedDate": "2011-02-14T19:24:51.44-08:00",
    "PlannedForRelease": "",
    "ReleaseVisibleToPublic": false,
    "Priority": {
      "Name": "Low",
      "Severity": 50,
      "Id": 1
    },
    "ProjectName": "snoopwpf",
    "ReportedDate": "2010-08-12T14:10:54.11-07:00",
    "Status": {
      "Name": "Closed",
      "Id": 4
    },
    "ReasonClosed": {
      "Name": "Unassigned"
    },
    "Summary": "System.InvalidCastException - Unable to cast object of type 'Snoop.TrackedEvent' to type 'Snoop.VisualTreeItem'",
    "Type": {
      "Name": "Issue",
      "Id": 3
    },
    "VoteCount": 1,
    "Id": 5409
  },
  "FileAttachments": [
    {
      "FileId": 371319,
      "FileName": "snoop3.png",
      "DownloadUrl": ".\\371319"
    }
  ],
  "Comments": [
    {
      "Message": "Hmm, this looks related to the depth reducer functionality. Do you have a test harness that would replicate this problem? I haven't seen it before.",
      "PostedDate": "2010-08-13T15:48:54.833-07:00",
      "Id": 63447
    },
    {
      "Message": "Resolved with changeset 62369.",
      "PostedDate": "2011-02-14T19:24:51.44-08:00",
      "Id": 63448
    }
  ]
}