{
  "WorkItem": {
    "AffectedComponent": {
      "Name": "",
      "DisplayName": ""
    },
    "ClosedComment": "",
    "ClosedDate": "2010-07-06T09:25:40.393-07:00",
    "CommentCount": 1,
    "Custom": "",
    "Description": "Currently, the combo box sizes to its content. This results in a frustrating experience for users as they often have it placed on the top of the screen ... and when it expands ... it covers important functionality like the maximize, minimize, and close buttons of other applications.\n\nIf the width of the combo box is fixed, and thus the width of the application chooser itself, the user can position it ... so that it doesn't interfere with the other applications they may be running.",
    "LastUpdatedDate": "2010-07-06T09:25:40.393-07:00",
    "PlannedForRelease": "Snoop 2.6.0",
    "ReleaseVisibleToPublic": true,
    "Priority": {
      "Name": "Low",
      "Severity": 50,
      "Id": 1
    },
    "ProjectName": "snoopwpf",
    "ReportedDate": "2010-05-28T08:56:01.37-07:00",
    "Status": {
      "Name": "Closed",
      "Id": 4
    },
    "ReasonClosed": {
      "Name": "Unassigned"
    },
    "Summary": "Fix the combo box width in the AppChooser so that it is a fixed size.",
    "Type": {
      "Name": "Feature",
      "Id": 1
    },
    "VoteCount": 0,
    "Id": 4776
  },
  "FileAttachments": [],
  "Comments": [
    {
      "Message": "This was fixed by change sets 46799 and 46800.",
      "PostedDate": "2010-05-28T09:01:01.05-07:00",
      "Id": 63405
    }
  ]
}