{
  "WorkItem": {
    "AffectedComponent": {
      "Name": "",
      "DisplayName": ""
    },
    "ClosedComment": "",
    "ClosedDate": "2011-11-04T10:51:26.713-07:00",
    "CommentCount": 1,
    "Custom": "",
    "Description": "Currently, the scroll bar changes size ... and scrolls in a flaky way ... when you have items filtered.",
    "LastUpdatedDate": "2011-11-04T10:51:26.713-07:00",
    "PlannedForRelease": "Snoop 2.7.1",
    "ReleaseVisibleToPublic": true,
    "Priority": {
      "Name": "Low",
      "Severity": 50,
      "Id": 1
    },
    "ProjectName": "snoopwpf",
    "ReportedDate": "2011-11-04T10:48:03.883-07:00",
    "Status": {
      "Name": "Closed",
      "Id": 4
    },
    "ReasonClosed": {
      "Name": "Unassigned"
    },
    "Summary": "Fix the flaky scrolling in the property grid (once items have been filtered).",
    "Type": {
      "Name": "Issue",
      "Id": 3
    },
    "VoteCount": 1,
    "Id": 7411
  },
  "FileAttachments": [],
  "Comments": [
    {
      "Message": "Resolved with changeset 70819.",
      "PostedDate": "2011-11-04T10:51:26.713-07:00",
      "Id": 63570
    }
  ]
}