{
  "WorkItem": {
    "AffectedComponent": {
      "Name": "",
      "DisplayName": ""
    },
    "ClosedComment": "Closing out this issue as I have gotten no feedback on it from jjim340. Assuming it isn't issue. Let me know if it is still happening.",
    "ClosedDate": "2012-04-21T05:16:07.357-07:00",
    "CommentCount": 3,
    "Custom": "",
    "Description": "The installer works fine, but the first time you run the app and select a WPF application the following error occurs.",
    "LastUpdatedDate": "2012-04-21T05:16:07.357-07:00",
    "PlannedForRelease": "",
    "ReleaseVisibleToPublic": false,
    "Priority": {
      "Name": "Low",
      "Severity": 50,
      "Id": 1
    },
    "ProjectName": "snoopwpf",
    "ReportedDate": "2011-09-13T11:28:31.717-07:00",
    "Status": {
      "Name": "Closed",
      "Id": 4
    },
    "ReasonClosed": {
      "Name": "Unassigned"
    },
    "Summary": "Snoop 2.7 Crashes in Windows XP",
    "Type": {
      "Name": "Issue",
      "Id": 3
    },
    "VoteCount": 1,
    "Id": 7160
  },
  "FileAttachments": [],
  "Comments": [
    {
      "Message": "First off, launch snoop as Admin (if not doing so already), and see if that fixes it.\r\n\r\nUnfortunately we don't log very much in Snoop (which hopefully should happen in the future). However, you can download the latest source. Go to:\r\nhttp://snoopwpf.codeplex.com/SourceControl/list/changesets \r\nand download the latest changeset. Open solution 2.7 as admin, and run snoop from the debugger.\r\ninside ManagedInjectorLauncher, add these lines:\r\n\r\n\t\tstatic void Main(string[] args)\r\n\t\t{\r\n            if (!Debugger.IsAttached)\r\n                Debugger.Launch();\r\n            Debugger.Break();\r\n...\r\n\r\nFrom there, you can debug the part that attaches snoop to your process. In the future, I'd like to add some debugging information that will help in troubleshooting why snoop doesn't attach at times. \r\n\r\n - Maciek",
      "PostedDate": "2011-09-13T13:45:43.62-07:00",
      "Id": 63534
    },
    {
      "Message": "I deleted the image as per your request.",
      "PostedDate": "2011-09-13T20:32:15.22-07:00",
      "Id": 63535
    },
    {
      "Message": "I agree with Maciek ... top of the list for me ... is adding debugging information so that we can better debug/understand the crashes that we see.\r\n\r\nHowever, that being said, there should be no reason why 2.7.0 would crash in Windows XP ... as compared to other versions. If you could download the source code, build it yourself, and try debugging it ... in order to give us more information ... that would be great.",
      "PostedDate": "2011-09-13T20:35:09.443-07:00",
      "Id": 63536
    }
  ]
}