{
  "WorkItem": {
    "AffectedComponent": {
      "Name": "",
      "DisplayName": ""
    },
    "ClosedComment": "",
    "ClosedDate": null,
    "CommentCount": 0,
    "Custom": null,
    "Description": "Hi,\r\n\r\nI am using Snoop 2.8.0 utility to debug WPF applications. But recently i am facing issues with Snoop like when i drag and drop on WPF window/application it is not showing the drag icon and not showing any thing. I mean it is not lookup the application. I am not facing this issue in laptop(Win 10).\r\n\r\nThanks In Advance,\r\nArun",
    "LastUpdatedDate": "2016-05-08T07:45:28.75-07:00",
    "PlannedForRelease": "",
    "ReleaseVisibleToPublic": false,
    "Priority": {
      "Name": "Unassigned",
      "Severity": 0,
      "Id": 0
    },
    "ProjectName": "snoopwpf",
    "ReportedDate": "2016-05-08T07:45:28.75-07:00",
    "Status": {
      "Name": "Proposed",
      "Id": 1
    },
    "ReasonClosed": {
      "Name": "Unassigned"
    },
    "Summary": "Snoop application not working in desktop Win8 with VS 2013",
    "Type": {
      "Name": "Unassigned",
      "Id": 5
    },
    "VoteCount": 1,
    "Id": 7966
  },
  "FileAttachments": [],
  "Comments": []
}