{
  "WorkItem": {
    "AffectedComponent": {
      "Name": "",
      "DisplayName": ""
    },
    "ClosedComment": "",
    "ClosedDate": "2010-09-18T08:46:07.17-07:00",
    "CommentCount": 5,
    "Custom": "",
    "Description": "Every time I try to use Snoop 2.6 with Blend 4 I get this error. It happens when I try to actually snoop an application. Snoop is now useless to me.",
    "LastUpdatedDate": "2010-09-18T08:47:16.79-07:00",
    "PlannedForRelease": "",
    "ReleaseVisibleToPublic": false,
    "Priority": {
      "Name": "Low",
      "Severity": 50,
      "Id": 1
    },
    "ProjectName": "snoopwpf",
    "ReportedDate": "2010-09-14T11:48:59.78-07:00",
    "Status": {
      "Name": "Closed",
      "Id": 4
    },
    "ReasonClosed": {
      "Name": "Unassigned"
    },
    "Summary": "\"ManagedInjectorLauncher64-4.0.exe has stopped working\" exception, Snoop unusable w/Blend 4",
    "Type": {
      "Name": "Issue",
      "Id": 3
    },
    "VoteCount": 1,
    "Id": 5587
  },
  "FileAttachments": [],
  "Comments": [
    {
      "Message": "Can you give me a little more info?\r\n\r\nAre you using Snoop 2.6 to Snoop Blend v4.0?\r\nOr are you using Snoop 2.6 to Snoop an application created with Blend v4.0?\r\n\r\nI assume the latter. But, I'm having no problems trying to Snoop applications created with Blend v4.0. If you send me a small test project, I'll take a look. My email is my first name followed by my last name (no space) at gmail.com.\r\n\r\np.s.\r\nI am also on Windows 7 64-bit ...",
      "PostedDate": "2010-09-15T09:01:10.917-07:00",
      "Id": 63454
    },
    {
      "Message": "Sorry if I wasn't clear. You're correct--I'm trying to snoop apps built with Blend 4. I get that error when I try to snopp apps.\r\nSnoop 2.6.0\r\nBlend 4 - 4.0.20525.0\r\nWindows 7 x64\r\nI'll try to email you a project. If I can't do that I\"ll attach one here.",
      "PostedDate": "2010-09-15T11:10:07.583-07:00",
      "Id": 63455
    },
    {
      "Message": "Can not reproduce this issue.\r\n\n\n** Closed by cplotts 9/18/2010 8:38 AM",
      "PostedDate": "2010-09-18T08:38:52.053-07:00",
      "Id": 63456
    },
    {
      "Message": "Can not reproduce this issue.",
      "PostedDate": "2010-09-18T08:38:52.807-07:00",
      "Id": 63457
    },
    {
      "Message": "Can not reproduce this issue. And, I have no idea why TFS reopened the issue after I closed it. Closed for real this time.",
      "PostedDate": "2010-09-18T08:47:16.79-07:00",
      "Id": 63458
    }
  ]
}