{
  "WorkItem": {
    "AffectedComponent": {
      "Name": "",
      "DisplayName": ""
    },
    "ClosedComment": "",
    "ClosedDate": "2013-05-17T15:18:56.447-07:00",
    "CommentCount": 4,
    "Custom": null,
    "Description": "Occasionally and it appears as if only on certain WPF screens, Snoop will throw a NullReferenceException deep in a recursive Snoop.VisualTreeItem.Reload() call stack.",
    "LastUpdatedDate": "2017-12-11T00:35:50.12-08:00",
    "PlannedForRelease": "Snoop 2.8.1",
    "ReleaseVisibleToPublic": true,
    "Priority": {
      "Name": "Low",
      "Severity": 50,
      "Id": 1
    },
    "ProjectName": "snoopwpf",
    "ReportedDate": "2012-11-26T15:47:35.86-08:00",
    "Status": {
      "Name": "Closed",
      "Id": 4
    },
    "ReasonClosed": {
      "Name": "Fixed"
    },
    "Summary": "A NullReferenceException is thrown on only some snooped WPF windows in Snoop.VisualTreeItem.Reload() ",
    "Type": {
      "Name": "Issue",
      "Id": 3
    },
    "VoteCount": 2,
    "Id": 7935
  },
  "FileAttachments": [],
  "Comments": [
    {
      "Message": "The problem is on the following line (182) of Snoop.VisualTreeItem:\n\n    this.name = (this.target is FrameworkElement) ? ((FrameworkElement)this.target).Name : string.Empty;\n\n    this.nameLower = this.name.ToLower();\n\nSpecifically, `((FrameworkElement)this.target).Name` is null, and the `.ToLower()` fails. ",
      "PostedDate": "2012-11-26T16:20:45.093-08:00",
      "Id": 83070
    },
    {
      "Message": "Added a pull request on github which fixes this issue.",
      "PostedDate": "2012-11-26T17:16:49.793-08:00",
      "Id": 83081
    },
    {
      "Message": "Hi codekaizen,\n\nThank you for your contribution, and for your due diligence in troubleshooting the issue. We always appreciate people doing this. We will probably take your pull request in the next release of Snoop.\n\n - Maciek",
      "PostedDate": "2012-11-26T20:42:02.45-08:00",
      "Id": 83084
    },
    {
      "Message": "This was fixed by merging the GitHub pull request.\n\nThis was fixed with commit 7a79dbb7941c.",
      "PostedDate": "2013-05-17T15:20:28.283-07:00",
      "Id": 100500
    }
  ]
}