{
  "WorkItem": {
    "AffectedComponent": {
      "Name": "",
      "DisplayName": ""
    },
    "ClosedComment": "",
    "ClosedDate": "2011-09-03T10:18:25.887-07:00",
    "CommentCount": 4,
    "Custom": "",
    "Description": "If we have a custom list class that has an enum as its member, the delving is broken when going into specific elements. For example, if we have an items control that binds to this type of collection:\n    public enum EmployeeType\n    {\n        Salaried,\n        Hourly\n    }\n\n    public class MyObservableCollection : ObservableCollection<ItemsControlItem>\n    {\n        public EmployeeType EmployeeType { get; set; }\n    }\n\nYou will see that delving into each item on the observable collection is not possible. I have a sample project attached.\n\nSteps to reproduce:\n1) Run WpfApplicationStyle, and snoop it.\n2) Snoop the items control.\n3) In the property grid, delve into the items source.\n4) Try delving into the any of the items in the items source array. Notice that it's not possible.",
    "LastUpdatedDate": "2011-09-03T10:18:25.887-07:00",
    "PlannedForRelease": "Snoop 2.7.0",
    "ReleaseVisibleToPublic": true,
    "Priority": {
      "Name": "Low",
      "Severity": 50,
      "Id": 1
    },
    "ProjectName": "snoopwpf",
    "ReportedDate": "2011-08-23T01:38:59.943-07:00",
    "Status": {
      "Name": "Closed",
      "Id": 4
    },
    "ReasonClosed": {
      "Name": "Unassigned"
    },
    "Summary": "Delving doesn't work for very specific case.",
    "Type": {
      "Name": "Issue",
      "Id": 3
    },
    "VoteCount": 1,
    "Id": 7095
  },
  "FileAttachments": [
    {
      "FileId": 371326,
      "FileName": "MainWindow.zip",
      "DownloadUrl": ".\\371326"
    }
  ],
  "Comments": [
    {
      "Message": "Resolved with changeset 69788.",
      "PostedDate": "2011-08-31T10:17:32.273-07:00",
      "Id": 63528
    },
    {
      "Message": "\n\n** Closed by cplotts 8/31/2011 10:17 AM",
      "PostedDate": "2011-09-03T10:15:15.14-07:00",
      "Id": 63529
    },
    {
      "Message": "Maciek Rakowski just found a crash, reopening this issue.",
      "PostedDate": "2011-09-03T10:15:16.47-07:00",
      "Id": 63530
    },
    {
      "Message": "Resolved with changeset 69858.",
      "PostedDate": "2011-09-03T10:18:25.887-07:00",
      "Id": 63531
    }
  ]
}