{
  "WorkItem": {
    "AffectedComponent": {
      "Name": "",
      "DisplayName": ""
    },
    "ClosedComment": "",
    "ClosedDate": "2010-07-06T09:25:40.393-07:00",
    "CommentCount": 2,
    "Custom": "",
    "Description": "This work item is related to an issue reported by Morten Aune Lyrstad.\n\nFor his situation, the main Snoop UI was coming up in a unnmamed thread and GoBabyGo methods needed to be Invoke(d) over to the proper thread.",
    "LastUpdatedDate": "2010-07-29T17:07:36.567-07:00",
    "PlannedForRelease": "Snoop 2.6.0",
    "ReleaseVisibleToPublic": true,
    "Priority": {
      "Name": "Low",
      "Severity": 50,
      "Id": 1
    },
    "ProjectName": "snoopwpf",
    "ReportedDate": "2010-06-07T09:48:42.32-07:00",
    "Status": {
      "Name": "Closed",
      "Id": 4
    },
    "ReasonClosed": {
      "Name": "Unassigned"
    },
    "Summary": "Snoop Doesn't Work in Some Threading Scenarios",
    "Type": {
      "Name": "Issue",
      "Id": 3
    },
    "VoteCount": 0,
    "Id": 4845
  },
  "FileAttachments": [],
  "Comments": [
    {
      "Message": "This was fixed with change sets 46672 and 46673.",
      "PostedDate": "2010-06-07T09:49:49.853-07:00",
      "Id": 63408
    },
    {
      "Message": "This fix has been rolled back ... see:\r\nhttp://snoopwpf.codeplex.com/workitem/5307\r\nhttp://snoopwpf.codeplex.com/SourceControl/changeset/changes/51211",
      "PostedDate": "2010-07-29T17:07:36.567-07:00",
      "Id": 63409
    }
  ]
}