{
  "WorkItem": {
    "AffectedComponent": {
      "Name": "",
      "DisplayName": ""
    },
    "ClosedComment": "",
    "ClosedDate": "2011-08-31T12:48:26.353-07:00",
    "CommentCount": 1,
    "Custom": "",
    "Description": "Right now we have 2 tabs: 1 \"Properties\" tab and 1 \"Events\" tab. It would be nice to have a 3rd tab for the datacontext. Right now we can delve the DataContext property in the properties tab to view the DataContext's properties, but when we change the selected visual and want to see its DataContext, we have to delve into the DataContext again. Sometimes we may be interested in just seeing the DataContext. This feature is implemented in the \n\nFor example, say that we're snooping a listbox, and want to view the DataContext of each ListBoxItem. When going from one item to another, we constantly have to re-delve the datacontext when we're just interested in the DataContext property. It would be very nice to have a separate tab for the DataContext. This feature is implemented in the WpfInspector. \n\nPlease let me know if this is clear or not...",
    "LastUpdatedDate": "2011-08-31T12:48:26.353-07:00",
    "PlannedForRelease": "Snoop 2.7.0",
    "ReleaseVisibleToPublic": true,
    "Priority": {
      "Name": "Low",
      "Severity": 50,
      "Id": 1
    },
    "ProjectName": "snoopwpf",
    "ReportedDate": "2011-08-15T01:31:18.67-07:00",
    "Status": {
      "Name": "Closed",
      "Id": 4
    },
    "ReasonClosed": {
      "Name": "Unassigned"
    },
    "Summary": "Add a separate tab for the datacontext.",
    "Type": {
      "Name": "Feature",
      "Id": 1
    },
    "VoteCount": 2,
    "Id": 7062
  },
  "FileAttachments": [],
  "Comments": [
    {
      "Message": "Resolved with changeset 69791.",
      "PostedDate": "2011-08-31T12:48:26.353-07:00",
      "Id": 63525
    }
  ]
}