{
  "WorkItem": {
    "AffectedComponent": {
      "Name": "",
      "DisplayName": ""
    },
    "ClosedComment": "",
    "ClosedDate": null,
    "CommentCount": 0,
    "Custom": "",
    "Description": "Aaron Graham had a scenario where Snoop was crashing ... see http://snoopwpf.codeplex.com/Thread/View.aspx?ThreadId=197445 ... and ActiveX was in the middle of it all.\n\nSee if we can modify Snoop ... to be able to work in ActiveX interop scenarios.",
    "LastUpdatedDate": "2010-06-07T08:32:27.59-07:00",
    "PlannedForRelease": "",
    "ReleaseVisibleToPublic": false,
    "Priority": {
      "Name": "Low",
      "Severity": 50,
      "Id": 1
    },
    "ProjectName": "snoopwpf",
    "ReportedDate": "2010-06-07T08:24:16.097-07:00",
    "Status": {
      "Name": "Proposed",
      "Id": 1
    },
    "ReasonClosed": {
      "Name": "Unassigned"
    },
    "Summary": "Check Out the ActiveX Interop Scenario",
    "Type": {
      "Name": "Issue",
      "Id": 3
    },
    "VoteCount": 1,
    "Id": 4844
  },
  "FileAttachments": [],
  "Comments": []
}