{
  "WorkItem": {
    "AffectedComponent": {
      "Name": "",
      "DisplayName": ""
    },
    "ClosedComment": "",
    "ClosedDate": null,
    "CommentCount": 1,
    "Custom": null,
    "Description": "Using Ctrl+Shift, I moused-over a TextBlock that is part of a TreeViewItem in a HierarchicalDataTemplate.  The application is compiled using VS2010, .NET 4.0.\r\n\r\nMessage: 'System.Windows.Documents.Run' is not a Visual or Visual3D.\r\nStacktrace:\r\n   at MS.Internal.Media.VisualTreeUtils.AsVisual(DependencyObject element, Visual& visual, Visual3D& visual3D)\r\n   at MS.Internal.Media.VisualTreeUtils.AsNonNullVisual(DependencyObject element, Visual& visual, Visual3D& visual3D)\r\n   at System.Windows.Media.VisualTreeHelper.GetParent(DependencyObject reference)\r\n   at Axciton.WPFExtensions.FindAncestor[T](DependencyObject item) in C:\\PROJECTS\\2495 Axciton Polygraph\\Trunk\\Axciton Polygraph\\Axciton\\WPFExtensions.cs:line 16\r\n   at Axciton.Exam_Explorer.CategoryBrowser.CategoryTreeViewItem_PreviewMouseMove(Object sender, MouseEventArgs e) in C:\\PROJECTS\\2495 Axciton Polygraph\\Trunk\\Axciton Polygraph\\Axciton\\Exam Explorer\\CategoryBrowser.xaml.cs:line 328\r\n   at System.Windows.Input.MouseEventArgs.InvokeEventHandler(Delegate genericHandler, Object genericTarget)\r\n   at System.Windows.RoutedEventArgs.InvokeHandler(Delegate handler, Object target)\r\n   at System.Windows.RoutedEventHandlerInfo.InvokeHandler(Object target, RoutedEventArgs routedEventArgs)\r\n   at System.Windows.EventRoute.InvokeHandlersImpl(Object source, RoutedEventArgs args, Boolean reRaised)\r\n   at System.Windows.UIElement.RaiseEventImpl(DependencyObject sender, RoutedEventArgs args)\r\n   at System.Windows.ContentElement.RaiseTrustedEvent(RoutedEventArgs args)\r\n   at System.Windows.Input.InputManager.ProcessStagingArea()\r\n   at System.Windows.Input.InputManager.ProcessInput(InputEventArgs input)\r\n   at System.Windows.Input.MouseDevice.Synchronize()\r\n   at System.Windows.Input.MouseDevice.OnHitTestInvalidatedAsync(Object sender, EventArgs e)\r\n   at System.Windows.Input.InputManager.HitTestInvalidatedAsyncCallback(Object arg)\r\n   at System.Windows.Threading.ExceptionWrapper.InternalRealCall(Delegate callback, Object args, Int32 numArgs)\r\n   at MS.Internal.Threading.ExceptionFilterHelper.TryCatchWhen(Object source, Delegate method, Object args, Int32 numArgs, Delegate catchHandler)\r\n",
    "LastUpdatedDate": "2013-07-29T12:00:24.703-07:00",
    "PlannedForRelease": "",
    "ReleaseVisibleToPublic": false,
    "Priority": {
      "Name": "Unassigned",
      "Severity": 0,
      "Id": 0
    },
    "ProjectName": "snoopwpf",
    "ReportedDate": "2013-07-24T12:16:49.523-07:00",
    "Status": {
      "Name": "Proposed",
      "Id": 1
    },
    "ReasonClosed": {
      "Name": "Unassigned"
    },
    "Summary": "'System.Windows.Documents.Run' is not a Visual or Visual3D.",
    "Type": {
      "Name": "Unassigned",
      "Id": 5
    },
    "VoteCount": 1,
    "Id": 7945
  },
  "FileAttachments": [],
  "Comments": [
    {
      "Message": "Do you think you can attach a repro app to replicate this problem?",
      "PostedDate": "2013-07-29T12:00:24.703-07:00",
      "Id": 107815
    }
  ]
}