{
  "WorkItem": {
    "AffectedComponent": {
      "Name": "",
      "DisplayName": ""
    },
    "ClosedComment": "Closing this issue, can't reproduce.",
    "ClosedDate": "2012-05-12T04:20:18.527-07:00",
    "CommentCount": 2,
    "Custom": "",
    "Description": "When the main window of a WPF application has the ShowInTaskbar attribute to the false value, the Snoop App chooser (combobox) does not find the WPF Application",
    "LastUpdatedDate": "2012-05-12T04:20:18.527-07:00",
    "PlannedForRelease": "",
    "ReleaseVisibleToPublic": false,
    "Priority": {
      "Name": "Low",
      "Severity": 50,
      "Id": 1
    },
    "ProjectName": "snoopwpf",
    "ReportedDate": "2011-09-15T08:14:01.88-07:00",
    "Status": {
      "Name": "Closed",
      "Id": 4
    },
    "ReasonClosed": {
      "Name": "Unassigned"
    },
    "Summary": "App Chooser does not find WPF applications with ShowInTaskbar=false",
    "Type": {
      "Name": "Issue",
      "Id": 3
    },
    "VoteCount": 1,
    "Id": 7172
  },
  "FileAttachments": [],
  "Comments": [
    {
      "Message": "Hmm. I cannot reproduce this issue with Snoop 2.7.1.\n\nSnooping with both by using the combo box ... and by using the crosshairs ... seem to work just fine.",
      "PostedDate": "2012-05-12T04:18:07.727-07:00",
      "Id": 65565
    },
    {
      "Message": "zendev, can you try this again with the latest release (2.7.1) and see if you still have problems? Make sure you try both ways (combo box and crosshairs).\n\nLet me know if it is still a problem for you ... and if so, please attach a test project to this issue so that we can reproduce it.",
      "PostedDate": "2012-05-12T04:20:00.277-07:00",
      "Id": 65566
    }
  ]
}