{
  "WorkItem": {
    "AffectedComponent": {
      "Name": "",
      "DisplayName": ""
    },
    "ClosedComment": "Modified the release so that a .zip file is also available for download. Will try to remember to do this in the future.",
    "ClosedDate": "2011-02-11T10:55:21.71-08:00",
    "CommentCount": 2,
    "Custom": "",
    "Description": "Any chance you could provide a portable version of Snoop that doesn't require installation? Even just offering a ZIP with the program files would be fine.\n\nThe reason for this is that I have a DropBox folder of portable utilities that I use a lot. This lets me have access to my common tools from lots of machines and virtual machines without have to constantly reinstall them (and update them). I'd love to be able to update Snoop to the latest version once and have it available for all of my machines.\n\nThis obviously will require that .NET already be installed, but that's generally not a problem. It also assumes that you don't have a bunch of registry settings that are configured by the installer. Any chance of this?",
    "LastUpdatedDate": "2011-02-11T18:31:12.08-08:00",
    "PlannedForRelease": "",
    "ReleaseVisibleToPublic": false,
    "Priority": {
      "Name": "Low",
      "Severity": 50,
      "Id": 1
    },
    "ProjectName": "snoopwpf",
    "ReportedDate": "2011-02-11T09:50:07.51-08:00",
    "Status": {
      "Name": "Closed",
      "Id": 4
    },
    "ReasonClosed": {
      "Name": "Unassigned"
    },
    "Summary": "Portable (or no-install) version of Snoop?",
    "Type": {
      "Name": "Issue",
      "Id": 3
    },
    "VoteCount": 1,
    "Id": 6227
  },
  "FileAttachments": [],
  "Comments": [
    {
      "Message": "There is no trickiness on in the installer. The only registry setting being added is related to the program menu directory. In other words, you should be able to copy paste Snoop around wherever you wish.\r\n\r\nHmm. But you bring up an interesting point ... I don't see why I can't also release a .zip file. I'll do this now.\r\n",
      "PostedDate": "2011-02-11T10:49:56.303-08:00",
      "Id": 63487
    },
    {
      "Message": "Thanks Cory -- that worked great!",
      "PostedDate": "2011-02-11T18:31:12.08-08:00",
      "Id": 63488
    }
  ]
}