{
  "WorkItem": {
    "AffectedComponent": {
      "Name": "",
      "DisplayName": ""
    },
    "ClosedComment": "",
    "ClosedDate": "2010-10-22T10:59:37.977-07:00",
    "CommentCount": 4,
    "Custom": "",
    "Description": "I have all 4 versions installed on one machine, but there's only one shortcut.",
    "LastUpdatedDate": "2010-10-22T10:59:37.977-07:00",
    "PlannedForRelease": "Snoop 2.5.1",
    "ReleaseVisibleToPublic": true,
    "Priority": {
      "Name": "Low",
      "Severity": 50,
      "Id": 1
    },
    "ProjectName": "snoopwpf",
    "ReportedDate": "2010-02-25T03:31:53.82-08:00",
    "Status": {
      "Name": "Closed",
      "Id": 4
    },
    "ReasonClosed": {
      "Name": "Unassigned"
    },
    "Summary": "The installer should specify the Snoop edition (3.5/4, x86/x64) in the start menu shortcut",
    "Type": {
      "Name": "Issue",
      "Id": 3
    },
    "VoteCount": 2,
    "Id": 4086
  },
  "FileAttachments": [],
  "Comments": [
    {
      "Message": "Great suggestion aelij. This has bugged me too ... so it is definitely going on the list (or maybe I'll migrate the list I have been tracking to this site ... hmm).\r\n\r\nBy the way, I just noticed these issues (haven't navigated to this section of the CodePlex site for Snoop) ... sorry for the delay.",
      "PostedDate": "2010-04-05T06:20:27.323-07:00",
      "Id": 63380
    },
    {
      "Message": "This issue is fixed, checked in, and should be in the next release. Heck, it probably warrants a minor release.",
      "PostedDate": "2010-04-22T15:25:12.07-07:00",
      "Id": 63381
    },
    {
      "Message": "This work item is no longer necessary, now that we have one version of Snoop that handles 32-bit/64-bit and WPF 3.5/WPF 4.0.\r\n\n\n** Closed by cplotts 8/3/2010 6:30 AM",
      "PostedDate": "2010-08-03T06:30:34.047-07:00",
      "Id": 63382
    },
    {
      "Message": "This work item is no longer necessary, now that we have one version of Snoop that handles 32-bit/64-bit and WPF 3.5/WPF 4.0.",
      "PostedDate": "2010-08-03T06:30:34.837-07:00",
      "Id": 63383
    }
  ]
}