{
  "WorkItem": {
    "AffectedComponent": {
      "Name": "",
      "DisplayName": ""
    },
    "ClosedComment": "",
    "ClosedDate": null,
    "CommentCount": 1,
    "Custom": null,
    "Description": "Tracking focus isn't all that easy, but it is necessary to have a well-behaving application.  \r\n\r\nIf Snoop would track keyboard focus, logical focus, and how application focus scopes interact with focus events it would be awesome.\r\n\r\nPerhaps a combination of the currently focused element, when a focus event changes this element, and when focus is set and within what focus scope.  ",
    "LastUpdatedDate": "2014-03-04T12:56:30.373-08:00",
    "PlannedForRelease": "",
    "ReleaseVisibleToPublic": false,
    "Priority": {
      "Name": "Low",
      "Severity": 50,
      "Id": 1
    },
    "ProjectName": "snoopwpf",
    "ReportedDate": "2012-09-10T11:56:55.16-07:00",
    "Status": {
      "Name": "Proposed",
      "Id": 1
    },
    "ReasonClosed": {
      "Name": "Unassigned"
    },
    "Summary": "Make tracking focus easier to debug",
    "Type": {
      "Name": "Issue",
      "Id": 3
    },
    "VoteCount": 3,
    "Id": 7932
  },
  "FileAttachments": [],
  "Comments": [
    {
      "Message": "(sorry, couldn't see how to change this from an issue to a feature request)",
      "PostedDate": "2012-09-10T11:57:32.953-07:00",
      "Id": 76584
    }
  ]
}