{
  "WorkItem": {
    "AffectedComponent": {
      "Name": "",
      "DisplayName": ""
    },
    "ClosedComment": "I am closing this issue ... since the cross hairs functionality ... really makes it moot.\n\nThat is, just use the cross hairs introduced in Snoop 2.7.0 (http://snoopwpf.codeplex.com/releases/view/60745) to select the app that you want to Snoop.",
    "ClosedDate": "2012-05-12T04:39:42.81-07:00",
    "CommentCount": 0,
    "Custom": "",
    "Description": "Most often the application you want to Snoop ... is at the top of the desktop's z-order ... or near the top.\n\nSort the items in the combo box appropriately.",
    "LastUpdatedDate": "2012-05-12T04:39:42.81-07:00",
    "PlannedForRelease": "",
    "ReleaseVisibleToPublic": false,
    "Priority": {
      "Name": "Low",
      "Severity": 50,
      "Id": 1
    },
    "ProjectName": "snoopwpf",
    "ReportedDate": "2010-05-24T09:36:59.01-07:00",
    "Status": {
      "Name": "Closed",
      "Id": 4
    },
    "ReasonClosed": {
      "Name": "Unassigned"
    },
    "Summary": "Sort the list of applications in the application chooser's combo box by desktop z-order.",
    "Type": {
      "Name": "Feature",
      "Id": 1
    },
    "VoteCount": 0,
    "Id": 4733
  },
  "FileAttachments": [],
  "Comments": []
}