{
  "WorkItem": {
    "AffectedComponent": {
      "Name": "",
      "DisplayName": ""
    },
    "ClosedComment": "Issue has been resolved by the following commit:\nhttp://snoopwpf.codeplex.com/SourceControl/changeset/f7fe34e569f7",
    "ClosedDate": "2012-07-23T16:36:52.797-07:00",
    "CommentCount": 5,
    "Custom": null,
    "Description": "Here is another work item to copy xaml to the clipboard. Adding it so that AlexPrince can attach his implementation for possible inclusion into the source tree.\r\n\r\nSee http://snoopwpf.codeplex.com/discussions/347266 for more info.",
    "LastUpdatedDate": "2012-10-03T10:17:13.253-07:00",
    "PlannedForRelease": "Snoop 2.8.0",
    "ReleaseVisibleToPublic": true,
    "Priority": {
      "Name": "Low",
      "Severity": 50,
      "Id": 1
    },
    "ProjectName": "snoopwpf",
    "ReportedDate": "2012-03-05T11:45:54.503-08:00",
    "Status": {
      "Name": "Closed",
      "Id": 4
    },
    "ReasonClosed": {
      "Name": "Unassigned"
    },
    "Summary": "Copy tag to clipboard",
    "Type": {
      "Name": "Feature",
      "Id": 1
    },
    "VoteCount": 1,
    "Id": 7784
  },
  "FileAttachments": [
    {
      "FileId": 371333,
      "FileName": "2.7CopyToClipboardPatch.patch",
      "DownloadUrl": ".\\371333"
    }
  ],
  "Comments": [
    {
      "Message": "Copy to clipboard patch attached.",
      "PostedDate": "2012-03-05T15:59:40.523-08:00",
      "Id": 63583
    },
    {
      "Message": "Sorry guys - I hadn't seen this work item when I sat down to implement a related feature:  keep track of properties that are changed during a Snoop session and put a text-based dump of them on the clipboard when the app or snoop session closes.  Just implemented that and committed it to the source tree. \n\nHopefully this matches with your desired behavior.",
      "PostedDate": "2012-07-21T17:13:00.79-07:00",
      "Id": 70629
    },
    {
      "Message": "That sounds about like what my guys wanted when I wrote the patch for this one.  The question I always get after I show people how to use snoop is, \"oh cool, is there a way I can get that xaml now that I've changed it?\"\n\nNot sure how you've got that one implemented, but it might be a good idea to throw in some kind of user invokable way to trigger it, so that if you want to change more than one tag, you can get a dump without having to close snoop / whatever app you're snooping, between tags.",
      "PostedDate": "2012-07-21T17:54:29.497-07:00",
      "Id": 70630
    },
    {
      "Message": "This reminds me that I still haven't evaluated and committed this change. One idea, Alex, is to create a fork on either GitHub or CodePlex and then send me a pull request.\n\nThat way, it is super easy to evaluate, comment on, and eventually merge it into the code base.",
      "PostedDate": "2012-07-22T06:59:53.73-07:00",
      "Id": 70646
    },
    {
      "Message": "I am pulling this feature out of the code base ... in favor of the functionality that Dan Hanan has implemented. I like the idea to have a keyboard shortcut invoke Dan's functionality. I will look into that.",
      "PostedDate": "2012-10-03T10:17:13.253-07:00",
      "Id": 78443
    }
  ]
}