{
  "WorkItem": {
    "AffectedComponent": {
      "Name": "",
      "DisplayName": ""
    },
    "ClosedComment": "This is not a problem with Snoop, but with the application being Snooped. Every application being Snooped needs an AdornerLayer (usually via an AdornerDecorator) in the Window template.",
    "ClosedDate": "2010-07-13T14:22:25.213-07:00",
    "CommentCount": 7,
    "Custom": "",
    "Description": "We use the WPFShell Library in our enterprise app, this gives us the ability to customize the window shell.  (http://code.msdn.microsoft.com/WPFShell)\n\nThe only problem is that when I use Snoop, I lose the red border/adorner around elements (CTRL + SHIFT, Hover).  This is an important part of Snoop for me and if you could take a look and see if there's an easy fix, that would be awesome.  Or if you could point me in the right direction within the snoop app so that I can fix it myself that would be great too.  I've had a quick look and can't seem to find how the border is set on the elements, so any help would be great.\n\nThanks and keep up the awesome work!",
    "LastUpdatedDate": "2010-07-13T14:22:25.213-07:00",
    "PlannedForRelease": "",
    "ReleaseVisibleToPublic": false,
    "Priority": {
      "Name": "Low",
      "Severity": 50,
      "Id": 1
    },
    "ProjectName": "snoopwpf",
    "ReportedDate": "2010-07-12T15:34:39.997-07:00",
    "Status": {
      "Name": "Closed",
      "Id": 4
    },
    "ReasonClosed": {
      "Name": "Unassigned"
    },
    "Summary": "Red border/adorner is lost around elements when using the WPFShell library.",
    "Type": {
      "Name": "Issue",
      "Id": 3
    },
    "VoteCount": 2,
    "Id": 5102
  },
  "FileAttachments": [],
  "Comments": [
    {
      "Message": "I think I see the problem now ... the red, semi-transparent adorner doesn't show up. Interesting.",
      "PostedDate": "2010-07-13T08:02:59.58-07:00",
      "Id": 63429
    },
    {
      "Message": "VisualItem.OnSelectionChanged is where the adorner gets added and removed ... let me know if you figure anything out.",
      "PostedDate": "2010-07-13T08:12:39.863-07:00",
      "Id": 63430
    },
    {
      "Message": "Hmm. AdornerLayer.GetAdornerLayer(this.Visual) is coming back null.",
      "PostedDate": "2010-07-13T08:27:49.72-07:00",
      "Id": 63431
    },
    {
      "Message": "So, using Reflector to take a look at AdornerLayer.GetAdornerLayer ... you can see it searching up the visual tree, looking for an AdornerDecorator.\r\n\r\nAnd using Snoop, I can see that the AdornerDecorator is gone from the visual tree ... in the cases of the Glassy Chrome or Gradient Chrome windows (from the WPFShell sample code).\r\n\r\nFinally, I recently retemplated a Window ... and noticed that an AdornerDecorator was part of the ControlTemplate's visual tree for the Window.\r\n\r\nGetting closer!",
      "PostedDate": "2010-07-13T08:43:33.43-07:00",
      "Id": 63432
    },
    {
      "Message": "Ok ... cool, I'll take a look at this tonight and see if I can find out why the Visual is coming back null and see if there's an alternative for getting the AdornerLayer.  Let me know if you make any progress and I'll keep you posted too.\r\n\r\nThanks! ",
      "PostedDate": "2010-07-13T08:43:52.153-07:00",
      "Id": 63433
    },
    {
      "Message": "Ok, I think this is not a problem with Snoop, but with the Window template that you are using.\r\n\r\nI simply added an AdornerDecorator around the ContentPresenter ... for the GlassyStyle Window template ... and all of a sudden, the red, semi-transparent adorner was working again.\r\n\r\nIn other words, I think if you add an AdornerDecorator to your Window template ... Snoop will work just fine for you.\r\n\r\nLet me know if that works, and if so ... I will close this item.",
      "PostedDate": "2010-07-13T11:26:18.933-07:00",
      "Id": 63434
    },
    {
      "Message": "Works like a dream, thanks Cory!",
      "PostedDate": "2010-07-13T11:49:29.007-07:00",
      "Id": 63435
    }
  ]
}