{
  "WorkItem": {
    "AffectedComponent": {
      "Name": "",
      "DisplayName": ""
    },
    "ClosedComment": "",
    "ClosedDate": "2011-04-07T20:13:15.283-07:00",
    "CommentCount": 7,
    "Custom": "",
    "Description": "Steps to reproduce:\n1) After unzipping the contents, run the WpfApplicationSnoopCrash.exe program.\n2) Start snooping the application.\n3) In the left control pane, drill down to the button named \"button1\" (it has the content \"Snoop me and I'll crash\"), and try to view its properties.\n4) Snoop will crash.\n\nDescription:\nWhen a custom UI element has a \"new\" property with the same name but different return type as the property on the base class, snoop will cause the application being snooped to crash. A primitive example of such a control will be this:\n\n    public class MyButton : Button\n    {\n        public new double? Width\n        {\n            get { return base.Width; }\n            set { base.Width = value.Value; }\n        }\n    }\n\nWhen snooping MyButton, the application being snooped will crash. This will happen on all controls with a new property that has a different return type than the one on the base object. \n\nPlease note that this control is not a real-world control, but one made just to emulate the problem.",
    "LastUpdatedDate": "2012-04-17T14:57:45.517-07:00",
    "PlannedForRelease": "Snoop 2.7.0",
    "ReleaseVisibleToPublic": true,
    "Priority": {
      "Name": "Low",
      "Severity": 50,
      "Id": 1
    },
    "ProjectName": "snoopwpf",
    "ReportedDate": "2011-02-19T11:48:28.17-08:00",
    "Status": {
      "Name": "Closed",
      "Id": 4
    },
    "ReasonClosed": {
      "Name": "Unassigned"
    },
    "Summary": "Snoop causes the application to crash when snooping certain elements",
    "Type": {
      "Name": "Issue",
      "Id": 3
    },
    "VoteCount": 2,
    "Id": 6258
  },
  "FileAttachments": [
    {
      "FileId": 371322,
      "FileName": "WpfApplicationSnoopCrash.zip",
      "DownloadUrl": ".\\371322"
    }
  ],
  "Comments": [
    {
      "Message": "Steps to overcome for 32 bit machines with xp for 4 framework:\r\n\r\n1. Open folder with snoop\r\n2. Delete \r\nManagedInjector32-3.5.dll\r\nManagedInjector64-3.5.dll\r\nManagedInjector64-4.0.dll\r\nManagedInjectorLauncher32-3.5.exe\r\nManagedInjectorLauncher64-3.5.exe\r\nManagedInjectorLauncher64-4.0.exe",
      "PostedDate": "2011-03-16T10:50:09.823-07:00",
      "Id": 63498
    },
    {
      "Message": "in my case snoop was crashing each time",
      "PostedDate": "2011-03-16T10:51:12.16-07:00",
      "Id": 63499
    },
    {
      "Message": "I have uploaded a patch for this issue. If you get a chance, view the patches (http://snoopwpf.codeplex.com/SourceControl/list/patches) and download the one for work item 6258. Let me know if this works for you.",
      "PostedDate": "2011-03-16T11:13:52.95-07:00",
      "Id": 63500
    },
    {
      "Message": "sorry found simpler solution, snoop application BEFORE loading such controls. \r\nthen all will work perfectly",
      "PostedDate": "2011-03-17T13:56:42.05-07:00",
      "Id": 63501
    },
    {
      "Message": "Resolved with changeset 64774.",
      "PostedDate": "2011-04-07T20:13:15.283-07:00",
      "Id": 63502
    },
    {
      "Message": "Maciek thinks that this changeset (http://snoopwpf.codeplex.com/SourceControl/changeset/changes/74189) also helps fix this issue.",
      "PostedDate": "2012-04-17T14:57:21.333-07:00",
      "Id": 63503
    },
    {
      "Message": "See this discussion (http://snoopwpf.codeplex.com/discussions/352008) for more info.",
      "PostedDate": "2012-04-17T14:57:45.517-07:00",
      "Id": 63504
    }
  ]
}