{
  "WorkItem": {
    "AffectedComponent": {
      "Name": "",
      "DisplayName": ""
    },
    "ClosedComment": "",
    "ClosedDate": null,
    "CommentCount": 0,
    "Custom": "",
    "Description": "Many people have asked for this. I have no idea about whether it is feasible or not. I am creating a work item so that I can look into it at some point.",
    "LastUpdatedDate": "2011-02-19T12:19:06.027-08:00",
    "PlannedForRelease": "",
    "ReleaseVisibleToPublic": false,
    "Priority": {
      "Name": "Low",
      "Severity": 50,
      "Id": 1
    },
    "ProjectName": "snoopwpf",
    "ReportedDate": "2010-05-18T07:18:44.88-07:00",
    "Status": {
      "Name": "Proposed",
      "Id": 1
    },
    "ReasonClosed": {
      "Name": "Unassigned"
    },
    "Summary": "Enhance Snoop So That It Can Spy Silverlight Applications",
    "Type": {
      "Name": "Feature",
      "Id": 1
    },
    "VoteCount": 4,
    "Id": 4660
  },
  "FileAttachments": [],
  "Comments": []
}