{
  "WorkItem": {
    "AffectedComponent": {
      "Name": "",
      "DisplayName": ""
    },
    "ClosedComment": "",
    "ClosedDate": "2011-02-11T15:00:20.25-08:00",
    "CommentCount": 1,
    "Custom": "",
    "Description": "As soon as you type a filter in the property grid TextBox, it breaks the filter set functionality and the show defaults functionality.",
    "LastUpdatedDate": "2011-02-11T15:00:20.25-08:00",
    "PlannedForRelease": "Snoop 2.7.0",
    "ReleaseVisibleToPublic": true,
    "Priority": {
      "Name": "Low",
      "Severity": 50,
      "Id": 1
    },
    "ProjectName": "snoopwpf",
    "ReportedDate": "2010-07-02T10:38:45.16-07:00",
    "Status": {
      "Name": "Closed",
      "Id": 4
    },
    "ReasonClosed": {
      "Name": "Unassigned"
    },
    "Summary": "Typing in the property grid filter TextBox breaks the the other filtering functionality.",
    "Type": {
      "Name": "Issue",
      "Id": 3
    },
    "VoteCount": 1,
    "Id": 4988
  },
  "FileAttachments": [],
  "Comments": [
    {
      "Message": "Resolved with changeset 62226.",
      "PostedDate": "2011-02-11T15:00:20.25-08:00",
      "Id": 63424
    }
  ]
}