{
  "WorkItem": {
    "AffectedComponent": {
      "Name": "",
      "DisplayName": ""
    },
    "ClosedComment": "",
    "ClosedDate": "2011-02-14T19:24:52.697-08:00",
    "CommentCount": 1,
    "Custom": "",
    "Description": "When using the keyboard to navigate through events and visuals the events are routing through ... at times, the keyboard (up arrow or down arrow) appears to do nothing.",
    "LastUpdatedDate": "2011-02-14T19:24:52.697-08:00",
    "PlannedForRelease": "Snoop 2.7.0",
    "ReleaseVisibleToPublic": true,
    "Priority": {
      "Name": "Low",
      "Severity": 50,
      "Id": 1
    },
    "ProjectName": "snoopwpf",
    "ReportedDate": "2011-02-14T19:20:53.487-08:00",
    "Status": {
      "Name": "Closed",
      "Id": 4
    },
    "ReasonClosed": {
      "Name": "Unassigned"
    },
    "Summary": "Keyboard Functionality in Events TreeView Not Working Very Well",
    "Type": {
      "Name": "Issue",
      "Id": 3
    },
    "VoteCount": 0,
    "Id": 6236
  },
  "FileAttachments": [],
  "Comments": [
    {
      "Message": "Resolved with changeset 62369.",
      "PostedDate": "2011-02-14T19:24:52.697-08:00",
      "Id": 63497
    }
  ]
}