{
  "WorkItem": {
    "AffectedComponent": {
      "Name": "",
      "DisplayName": ""
    },
    "ClosedComment": "This works and is not an issue.",
    "ClosedDate": "2010-04-06T05:37:48.533-07:00",
    "CommentCount": 5,
    "Custom": "",
    "Description": "Snoop is great, as long as you only want to look at the main window. Whether you use Show or ShowDialog, additional windows are invisible to Snoop. It would be nice if we could spy on all the windows in our application!",
    "LastUpdatedDate": "2010-04-06T05:37:48.533-07:00",
    "PlannedForRelease": "",
    "ReleaseVisibleToPublic": false,
    "Priority": {
      "Name": "Low",
      "Severity": 50,
      "Id": 1
    },
    "ProjectName": "snoopwpf",
    "ReportedDate": "2010-03-04T10:52:56.94-08:00",
    "Status": {
      "Name": "Closed",
      "Id": 4
    },
    "ReasonClosed": {
      "Name": "Unassigned"
    },
    "Summary": "Support for other windows",
    "Type": {
      "Name": "Issue",
      "Id": 3
    },
    "VoteCount": 1,
    "Id": 4129
  },
  "FileAttachments": [],
  "Comments": [
    {
      "Message": "All windows shown on the main thread should be in the Application.Current.Windows collection. Windows shown on other threads should be in the internal Application.Current.NonAppWindowsInternal collection. (The only exception would be windows created before the application instance.)",
      "PostedDate": "2010-03-04T11:00:56.983-08:00",
      "Id": 63384
    },
    {
      "Message": "Hmm. I didn't know this was a problem. And, interestingly, it seems to work on our dialogs ... that is ... seems like I can Snoop them.\r\n\r\nI am not doing anything special, I just bring up Snoop, choose the application I want to Snoop, and the Ctrl-Shift Click on an element in the dialog.\r\n\r\nI wonder what is different in your scenario?",
      "PostedDate": "2010-04-05T06:27:49.22-07:00",
      "Id": 63385
    },
    {
      "Message": "Oh, by the way, sorry for my delay in responding ... I just noticed that people had created issues out here. :-)",
      "PostedDate": "2010-04-05T06:28:35.447-07:00",
      "Id": 63386
    },
    {
      "Message": "Aha! Ctrl+Shift+Click works.\r\n\r\nI thought there had to be a trick to it, but I couldn't see it documented anywhere.\r\n\r\nThanks.",
      "PostedDate": "2010-04-06T04:05:17.453-07:00",
      "Id": 63387
    },
    {
      "Message": "Ah, great to hear. I was hoping that it was just that simple.",
      "PostedDate": "2010-04-06T05:37:30.61-07:00",
      "Id": 63388
    }
  ]
}