{
  "WorkItem": {
    "AffectedComponent": {
      "Name": "",
      "DisplayName": ""
    },
    "ClosedComment": "",
    "ClosedDate": "2011-01-21T20:03:18.013-08:00",
    "CommentCount": 2,
    "Custom": "",
    "Description": "Despite the latest fix in changeset 59979 I still have problems with apps not showing up.  It appears to be because the module names aren't always the same case.  I modified my copy of the source code so that the lines that are inside the if statements like:\nmodule.szModule.Contains(\"PresentationFramework\") are instead like:\nmodule.szModule.StartsWith(\"PresentationFramework\", StringComparison.OrdinalIgnoreCase)\n\nI did that for all three checks in both locations modified by the changeset.",
    "LastUpdatedDate": "2011-01-21T20:03:18.013-08:00",
    "PlannedForRelease": "Snoop 2.6.1",
    "ReleaseVisibleToPublic": true,
    "Priority": {
      "Name": "Low",
      "Severity": 50,
      "Id": 1
    },
    "ProjectName": "snoopwpf",
    "ReportedDate": "2011-01-14T12:31:09.79-08:00",
    "Status": {
      "Name": "Closed",
      "Id": 4
    },
    "ReasonClosed": {
      "Name": "Unassigned"
    },
    "Summary": "Sometimes apps don't show up in app chooser",
    "Type": {
      "Name": "Issue",
      "Id": 3
    },
    "VoteCount": 1,
    "Id": 6090
  },
  "FileAttachments": [],
  "Comments": [
    {
      "Message": "Does it work? I assume so ... if you confirm ... I will change the code to be case insensitive.\r\n\r\nShould have thought of that!",
      "PostedDate": "2011-01-14T13:00:38.697-08:00",
      "Id": 63485
    },
    {
      "Message": "Resolved with changeset 61295.",
      "PostedDate": "2011-01-21T20:03:18.013-08:00",
      "Id": 63486
    }
  ]
}