{
  "WorkItem": {
    "AffectedComponent": {
      "Name": "",
      "DisplayName": ""
    },
    "ClosedComment": "Closing the issue out as we haven't been using the Fixed status and Dan has already committed his changes.",
    "ClosedDate": "2012-07-22T06:48:59.74-07:00",
    "CommentCount": 2,
    "Custom": null,
    "Description": "We use Snoop quite often for \"runtime styling\" of our apps.  When VS Cider designer and Blend fall short of showing exactly what the final layout will be at runtime, we run the app, snoop, change some properties until the UI looks like what we want.  \r\n\r\nSo ... when changing a bunch of properties on various objects, we want a list of all those changes after the snoop session ends.",
    "LastUpdatedDate": "2017-12-11T00:35:50.613-08:00",
    "PlannedForRelease": "Snoop 2.8.0",
    "ReleaseVisibleToPublic": true,
    "Priority": {
      "Name": "Low",
      "Severity": 50,
      "Id": 1
    },
    "ProjectName": "snoopwpf",
    "ReportedDate": "2012-07-12T08:17:20.277-07:00",
    "Status": {
      "Name": "Closed",
      "Id": 4
    },
    "ReasonClosed": {
      "Name": "Unassigned"
    },
    "Summary": "Capture which properties are changed in Snoop and \"export\" them when the session ends",
    "Type": {
      "Name": "Feature",
      "Id": 1
    },
    "VoteCount": 1,
    "Id": 7929
  },
  "FileAttachments": [],
  "Comments": [
    {
      "Message": "Feature implemented in commit: 3301822fc90787b457b089594f85315e8663b89a\n07/21/12\n",
      "PostedDate": "2012-07-21T17:09:27.053-07:00",
      "Id": 70628
    },
    {
      "Message": "How do you get a list of what properties have changed?\n\nWell, they are copied to the clipboard whenever the user closes the main Snoop UI (property grid window) ... or the target app being Snooped.\n\nSo, you just past them into a text file or something.",
      "PostedDate": "2012-07-22T06:53:39.44-07:00",
      "Id": 70645
    }
  ]
}