{
  "WorkItem": {
    "AffectedComponent": {
      "Name": "",
      "DisplayName": ""
    },
    "ClosedComment": "",
    "ClosedDate": null,
    "CommentCount": 0,
    "Custom": null,
    "Description": "Hi..I am trying to drag the cross hair to the app its selecting the entire TextBlock. I want to split the TextBlock and capture only the number part.\r\nAny suggestion pls\r\n\r\nThanks in advance ",
    "LastUpdatedDate": "2015-04-26T23:26:48.12-07:00",
    "PlannedForRelease": "",
    "ReleaseVisibleToPublic": false,
    "Priority": {
      "Name": "Unassigned",
      "Severity": 0,
      "Id": 0
    },
    "ProjectName": "snoopwpf",
    "ReportedDate": "2015-04-26T23:26:48.12-07:00",
    "Status": {
      "Name": "Proposed",
      "Id": 1
    },
    "ReasonClosed": {
      "Name": "Unassigned"
    },
    "Summary": "Hi..I am trying to drag the cross hair to the app its selecting the entire TextBlock.I want to split the TextBlock and capture only the number part ",
    "Type": {
      "Name": "Unassigned",
      "Id": 5
    },
    "VoteCount": 1,
    "Id": 7961
  },
  "FileAttachments": [],
  "Comments": []
}