{
  "WorkItem": {
    "AffectedComponent": {
      "Name": "",
      "DisplayName": ""
    },
    "ClosedComment": "",
    "ClosedDate": "2011-09-02T07:56:02.753-07:00",
    "CommentCount": 1,
    "Custom": "",
    "Description": "The latest Snoop for WPF4 would start and display a list of WPF processes, but the Magnify and Snoop buttons did nothing unless I was logged on as an administrator.",
    "LastUpdatedDate": "2011-09-02T07:56:02.753-07:00",
    "PlannedForRelease": "Snoop 2.5.1",
    "ReleaseVisibleToPublic": true,
    "Priority": {
      "Name": "Low",
      "Severity": 50,
      "Id": 1
    },
    "ProjectName": "snoopwpf",
    "ReportedDate": "2010-04-22T13:51:28.63-07:00",
    "Status": {
      "Name": "Closed",
      "Id": 4
    },
    "ReasonClosed": {
      "Name": "Unassigned"
    },
    "Summary": "Need Administrator Rights on XP",
    "Type": {
      "Name": "Issue",
      "Id": 3
    },
    "VoteCount": 1,
    "Id": 4306
  },
  "FileAttachments": [],
  "Comments": [
    {
      "Message": "This is fixed by changesets 42155 (http://snoopwpf.codeplex.com/SourceControl/changeset/changes/42155)  and 42156 (http://snoopwpf.codeplex.com/SourceControl/changeset/changes/42156) .",
      "PostedDate": "2010-04-22T14:01:17.9-07:00",
      "Id": 63391
    }
  ]
}