{
  "WorkItem": {
    "AffectedComponent": {
      "Name": "",
      "DisplayName": ""
    },
    "ClosedComment": "",
    "ClosedDate": "2011-06-08T06:10:56.95-07:00",
    "CommentCount": 1,
    "Custom": "",
    "Description": "It would be nice if the title bar of the main Snoop UI would have the Title of the main window it is Snoop(ing).\n\nIn this way, you could more easily keep track of what Snoop window applies to what ... helpful especially when you got mutiple Snoop windows all over.",
    "LastUpdatedDate": "2011-09-02T10:04:38.67-07:00",
    "PlannedForRelease": "Snoop 2.7.0",
    "ReleaseVisibleToPublic": true,
    "Priority": {
      "Name": "Low",
      "Severity": 50,
      "Id": 1
    },
    "ProjectName": "snoopwpf",
    "ReportedDate": "2011-06-08T06:10:06.07-07:00",
    "Status": {
      "Name": "Closed",
      "Id": 4
    },
    "ReasonClosed": {
      "Name": "Unassigned"
    },
    "Summary": "Add Main Window Title to Snoop UI Title Bar",
    "Type": {
      "Name": "Feature",
      "Id": 1
    },
    "VoteCount": 1,
    "Id": 6791
  },
  "FileAttachments": [],
  "Comments": [
    {
      "Message": "Resolved with changeset 67453.",
      "PostedDate": "2011-06-08T06:10:56.95-07:00",
      "Id": 63520
    }
  ]
}