{
  "WorkItem": {
    "AffectedComponent": {
      "Name": "",
      "DisplayName": ""
    },
    "ClosedComment": "",
    "ClosedDate": "2011-09-01T14:51:22.253-07:00",
    "CommentCount": 1,
    "Custom": "",
    "Description": "Instead of having to bring up the Zoomer window ... why don't we just make the preview pane zoomable?",
    "LastUpdatedDate": "2011-09-01T14:51:54.923-07:00",
    "PlannedForRelease": "Snoop 2.7.0",
    "ReleaseVisibleToPublic": true,
    "Priority": {
      "Name": "Low",
      "Severity": 50,
      "Id": 1
    },
    "ProjectName": "snoopwpf",
    "ReportedDate": "2010-05-24T09:50:32.163-07:00",
    "Status": {
      "Name": "Closed",
      "Id": 4
    },
    "ReasonClosed": {
      "Name": "Unassigned"
    },
    "Summary": "Make it so you can zoom the preview pane.",
    "Type": {
      "Name": "Feature",
      "Id": 1
    },
    "VoteCount": 1,
    "Id": 4736
  },
  "FileAttachments": [],
  "Comments": [
    {
      "Message": "Resolved with changeset 69810.",
      "PostedDate": "2011-09-01T14:51:22.253-07:00",
      "Id": 63401
    }
  ]
}