{
  "WorkItem": {
    "AffectedComponent": {
      "Name": "",
      "DisplayName": ""
    },
    "ClosedComment": "",
    "ClosedDate": "2011-09-02T07:54:55.43-07:00",
    "CommentCount": 1,
    "Custom": "",
    "Description": "When I press Ctrl + Shift to target WPF control, TreeView scrolls vertically to proper element, but I have to scroll it horizontally to see the name.",
    "LastUpdatedDate": "2011-09-02T07:54:55.43-07:00",
    "PlannedForRelease": "Snoop 2.5.1",
    "ReleaseVisibleToPublic": true,
    "Priority": {
      "Name": "Low",
      "Severity": 50,
      "Id": 1
    },
    "ProjectName": "snoopwpf",
    "ReportedDate": "2010-04-08T04:36:47.777-07:00",
    "Status": {
      "Name": "Closed",
      "Id": 4
    },
    "ReasonClosed": {
      "Name": "Unassigned"
    },
    "Summary": "Visual tree doesn't bring selected elements to view horizontally.",
    "Type": {
      "Name": "Issue",
      "Id": 3
    },
    "VoteCount": 1,
    "Id": 4251
  },
  "FileAttachments": [
    {
      "FileId": 371318,
      "FileName": "ScrollProblem.JPG",
      "DownloadUrl": ".\\371318"
    }
  ],
  "Comments": [
    {
      "Message": "This has been fixed with Anvaka's own change.",
      "PostedDate": "2010-04-22T10:58:57.43-07:00",
      "Id": 63390
    }
  ]
}