{
  "WorkItem": {
    "AffectedComponent": {
      "Name": "",
      "DisplayName": ""
    },
    "ClosedComment": "I am closing this issue ... since the cross hairs functionality ... really makes it moot.\n\nThat is, just use the cross hairs introduced in Snoop 2.7.0 (http://snoopwpf.codeplex.com/releases/view/60745)  to select the app that you want to Snoop.",
    "ClosedDate": "2012-05-12T04:37:28.973-07:00",
    "CommentCount": 0,
    "Custom": "",
    "Description": "It would really cool if you could set filters on the list of applications that are \"snoopable\".  With more and more apps coming out that are WPF I find that my list is quite large and I only want to be able to snoop the one that I'm working on, so it would be cool if I could have settings to add/edit filters for those that are shown in the list.",
    "LastUpdatedDate": "2012-05-12T04:37:28.973-07:00",
    "PlannedForRelease": "",
    "ReleaseVisibleToPublic": false,
    "Priority": {
      "Name": "Low",
      "Severity": 50,
      "Id": 1
    },
    "ProjectName": "snoopwpf",
    "ReportedDate": "2010-05-17T09:40:11.317-07:00",
    "Status": {
      "Name": "Closed",
      "Id": 4
    },
    "ReasonClosed": {
      "Name": "Unassigned"
    },
    "Summary": "Feature Request: Filter program list",
    "Type": {
      "Name": "Feature",
      "Id": 1
    },
    "VoteCount": 1,
    "Id": 4657
  },
  "FileAttachments": [],
  "Comments": []
}