{
  "WorkItem": {
    "AffectedComponent": {
      "Name": "",
      "DisplayName": ""
    },
    "ClosedComment": "I accidentally wrote up another work item for this:\r\nhttp://snoopwpf.codeplex.com/workitem/7105\r\n\r\nClosing this one out.",
    "ClosedDate": "2011-09-02T08:01:37.213-07:00",
    "CommentCount": 0,
    "Custom": "",
    "Description": "Currently, Snoop iterates through the running processes and populates a combo box of Snoopable processes. This can take quite a long time depending on how many processes are currently running amongst other things.\n\nLikely a better approach would be to create an application finder like the one wfSpy has. In wfSpy, you can drag a crosshairs from the spying application onto the other application that you want to spy.",
    "LastUpdatedDate": "2011-09-02T08:01:37.213-07:00",
    "PlannedForRelease": "",
    "ReleaseVisibleToPublic": false,
    "Priority": {
      "Name": "Low",
      "Severity": 50,
      "Id": 1
    },
    "ProjectName": "snoopwpf",
    "ReportedDate": "2010-05-24T09:27:56.327-07:00",
    "Status": {
      "Name": "Closed",
      "Id": 4
    },
    "ReasonClosed": {
      "Name": "Unassigned"
    },
    "Summary": "Create an application finder (like the one wfSpy has) to make it easier to Snoop applications.",
    "Type": {
      "Name": "Feature",
      "Id": 1
    },
    "VoteCount": 1,
    "Id": 4731
  },
  "FileAttachments": [],
  "Comments": []
}