{
  "WorkItem": {
    "AffectedComponent": {
      "Name": "",
      "DisplayName": ""
    },
    "ClosedComment": "",
    "ClosedDate": null,
    "CommentCount": 2,
    "Custom": null,
    "Description": "If e.g. DataContext contains a property of type string with many lines of text, where many line is more lines than can fit on the screen it can get rather difficult to scroll the list of DataContext properties\r\n\r\nSuggested remedy: text value on string rows use a textbox with own scroll bar for string value if containing more than e.g. 10 lines of text\r\n\r\nconsider something like e.g. (the described behavior was seen on a some what larger class) \r\n\r\nclass Foo\r\n{\r\n  private string _x = \"...\"; //more than 100 lines of text\r\n  ...\r\n  // a) because of Y being editable down key can not move from Y to X\r\n  public string Y { get; set; }  \r\n  // b) because of 100 line text X row does not fit on screen \r\n  // c) b + virtual list => scroll bars behave strange (I suspect this is not due to snoop but due to wpf)\r\n  // d) a + c => X only reachable click on X with mouse\r\n  // b also means that we can't see the name \"X\" or any other cell content than the value of the string\r\n  // as the center of the row is out of view\r\n  public string X { get { return _x; } }\r\n  // e) c => Z can not scroll in to view\r\n  // f) e + h => Z only reachable by first clicking X then pressing down key\r\n  public string Z { get; set; }\r\n  // g) pressing end key scroll to view only V\r\n  // h) pressing up after g will mean X gets visible and Z is pressed out of view\r\n  public string V { get; set; }\r\n}\r\n",
    "LastUpdatedDate": "2014-03-06T23:13:49.563-08:00",
    "PlannedForRelease": "",
    "ReleaseVisibleToPublic": false,
    "Priority": {
      "Name": "Unassigned",
      "Severity": 0,
      "Id": 0
    },
    "ProjectName": "snoopwpf",
    "ReportedDate": "2014-03-03T10:54:44.6-08:00",
    "Status": {
      "Name": "Proposed",
      "Id": 1
    },
    "ReasonClosed": {
      "Name": "Unassigned"
    },
    "Summary": "List View bad when having string properties containing many lines",
    "Type": {
      "Name": "Unassigned",
      "Id": 5
    },
    "VoteCount": 1,
    "Id": 7954
  },
  "FileAttachments": [],
  "Comments": [
    {
      "Message": "That's a very good idea. We will try to incorporate that feature into our next version of Snoop.",
      "PostedDate": "2014-03-05T22:54:46.14-08:00",
      "Id": 136006
    },
    {
      "Message": "Hi created a change set that fixes this issue. We hope to have this integrated into the main branch.\n\nIf you have time, we would be grateful if you could download the code, build it, and test it. We have the code on gitub, so you would download the fix [right here](https://github.com/cplotts/snoopwpf/tree/SnoopManyLines).",
      "PostedDate": "2014-03-06T23:13:49.563-08:00",
      "Id": 136124
    }
  ]
}