{
  "WorkItem": {
    "AffectedComponent": {
      "Name": "",
      "DisplayName": ""
    },
    "ClosedComment": "",
    "ClosedDate": null,
    "CommentCount": 0,
    "Custom": null,
    "Description": "Message: '[Unknown]' property does not point to a DependencyObject in path '(0).(1)[1].(2)'.\r\nStacktrace:\r\n   at System.Windows.Media.Animation.Storyboard.VerifyPathIsAnimatable(PropertyPath path)\r\n   at System.Windows.Media.Animation.Storyboard.ClockTreeWalkRecursive(Clock currentClock, DependencyObject containingObject, INameScope nameScope, DependencyObject parentObject, String parentObjectName, PropertyPath parentPropertyPath, HandoffBehavior handoffBehavior, HybridDictionary clockMappings, Int64 layer)\r\n   at System.Windows.Media.Animation.Storyboard.ClockTreeWalkRecursive(Clock currentClock, DependencyObject containingObject, INameScope nameScope, DependencyObject parentObject, String parentObjectName, PropertyPath parentPropertyPath, HandoffBehavior handoffBehavior, HybridDictionary clockMappings, Int64 layer)\r\n   at System.Windows.Media.Animation.Storyboard.BeginCommon(DependencyObject containingObject, INameScope nameScope, HandoffBehavior handoffBehavior, Boolean isControllable, Int64 layer)\r\n   at System.Windows.VisualStateGroup.StartNewThenStopOld(FrameworkElement element, Storyboard[] newStoryboards)\r\n   at System.Windows.VisualStateManager.GoToStateInternal(FrameworkElement control, FrameworkElement stateGroupsRoot, VisualStateGroup group, VisualState state, Boolean useTransitions)\r\n   at System.Windows.VisualStateManager.GoToStateCommon(FrameworkElement control, FrameworkElement stateGroupsRoot, String stateName, Boolean useTransitions)\r\n   at System.Windows.Controls.Primitives.ButtonBase.ChangeVisualState(Boolean useTransitions)\r\n   at System.Windows.Controls.Control.UpdateVisualState(Boolean useTransitions)\r\n   at System.Windows.Controls.Control.OnVisualStatePropertyChanged(DependencyObject d, DependencyPropertyChangedEventArgs e)\r\n   at System.Windows.DependencyObject.OnPropertyChanged(DependencyPropertyChangedEventArgs e)\r\n   at System.Windows.FrameworkElement.OnPropertyChanged(DependencyPropertyChangedEventArgs e)\r\n   at System.Windows.DependencyObject.NotifyPropertyChange(DependencyPropertyChangedEventArgs args)\r\n   at System.Windows.DependencyObject.UpdateEffectiveValue(EntryIndex entryIndex, DependencyProperty dp, PropertyMetadata metadata, EffectiveValueEntry oldEntry, EffectiveValueEntry& newEntry, Boolean coerceWithDeferredReference, Boolean coerceWithCurrentValue, OperationType operationType)\r\n   at System.Windows.DependencyObject.SetValueCommon(DependencyProperty dp, Object value, PropertyMetadata metadata, Boolean coerceWithDeferredReference, Boolean coerceWithCurrentValue, OperationType operationType, Boolean isInternal)\r\n   at System.Windows.DependencyObject.SetValue(DependencyPropertyKey key, Object value)\r\n   at System.Windows.ReverseInheritProperty.FirePropertyChangeInAncestry(DependencyObject element, Boolean oldValue, DeferredElementTreeState treeState, Action`2 originChangedAction)\r\n   at System.Windows.ReverseInheritProperty.FirePropertyChangeInAncestry(DependencyObject element, Boolean oldValue, DeferredElementTreeState treeState, Action`2 originChangedAction)\r\n   at System.Windows.ReverseInheritProperty.FirePropertyChangeInAncestry(DependencyObject element, Boolean oldValue, DeferredElementTreeState treeState, Action`2 originChangedAction)\r\n   at System.Windows.ReverseInheritProperty.OnOriginValueChanged(DependencyObject oldOrigin, DependencyObject newOrigin, IList`1 otherOrigins, DeferredElementTreeState& oldTreeState, Action`2 originChangedAction)\r\n   at System.Windows.ReverseInheritProperty.OnOriginValueChanged(DependencyObject oldOrigin, DependencyObject newOrigin, DeferredElementTreeState& oldTreeState)\r\n   at System.Windows.Input.MouseDevice.ChangeMouseOver(IInputElement mouseOver, Int32 timestamp)\r\n   at System.Windows.Input.MouseDevice.PreNotifyInput(Object sender, NotifyInputEventArgs e)\r\n   at System.Windows.Input.InputManager.ProcessStagingArea()\r\n   at System.Windows.Input.InputProviderSite.ReportInput(InputReport inputReport)\r\n   at System.Windows.Interop.HwndMouseInputProvider.ReportInput(IntPtr hwnd, InputMode mode, Int32 timestamp, RawMouseActions actions, Int32 x, Int32 y, Int32 wheel)\r\n   at System.Windows.Interop.HwndMouseInputProvider.FilterMessage(IntPtr hwnd, WindowMessage msg, IntPtr wParam, IntPtr lParam, Boolean& handled)\r\n   at System.Windows.Interop.HwndSource.InputFilterMessage(IntPtr hwnd, Int32 msg, IntPtr wParam, IntPtr lParam, Boolean& handled)\r\n   at MS.Win32.HwndWrapper.WndProc(IntPtr hwnd, Int32 msg, IntPtr wParam, IntPtr lParam, Boolean& handled)\r\n   at MS.Win32.HwndSubclass.DispatcherCallbackOperation(Object o)\r\n   at System.Windows.Threading.ExceptionWrapper.InternalRealCall(Delegate callback, Object args, Int32 numArgs)\r\n   at MS.Internal.Threading.ExceptionFilterHelper.TryCatchWhen(Object source, Delegate method, Object args, Int32 numArgs, Delegate catchHandler)\r\n",
    "LastUpdatedDate": "2013-07-13T22:40:23.753-07:00",
    "PlannedForRelease": "",
    "ReleaseVisibleToPublic": false,
    "Priority": {
      "Name": "Unassigned",
      "Severity": 0,
      "Id": 0
    },
    "ProjectName": "snoopwpf",
    "ReportedDate": "2013-07-13T22:40:23.753-07:00",
    "Status": {
      "Name": "Proposed",
      "Id": 1
    },
    "ReasonClosed": {
      "Name": "Unassigned"
    },
    "Summary": "Snoop Exception while opening another form in WPF APP",
    "Type": {
      "Name": "Unassigned",
      "Id": 5
    },
    "VoteCount": 1,
    "Id": 7944
  },
  "FileAttachments": [],
  "Comments": []
}