{
  "WorkItem": {
    "AffectedComponent": {
      "Name": "",
      "DisplayName": ""
    },
    "ClosedComment": "",
    "ClosedDate": null,
    "CommentCount": 1,
    "Custom": null,
    "Description": "Error messages can be very large and the full text extends beyond the screen, like as seen in the attached image.",
    "LastUpdatedDate": "2012-12-15T05:06:48.56-08:00",
    "PlannedForRelease": "",
    "ReleaseVisibleToPublic": false,
    "Priority": {
      "Name": "Low",
      "Severity": 50,
      "Id": 1
    },
    "ProjectName": "snoopwpf",
    "ReportedDate": "2012-11-26T15:45:34.723-08:00",
    "Status": {
      "Name": "Proposed",
      "Id": 1
    },
    "ReasonClosed": {
      "Name": "Unassigned"
    },
    "Summary": "Error dialog doesn't have a height limit and stretches beyond the screen boundary for large messages",
    "Type": {
      "Name": "Issue",
      "Id": 3
    },
    "VoteCount": 1,
    "Id": 7934
  },
  "FileAttachments": [
    {
      "FileId": 543199,
      "FileName": "Error Snooping (38).png",
      "DownloadUrl": ".\\543199"
    }
  ],
  "Comments": [
    {
      "Message": "Oooh. Good one. Obviously we didn't think of that ... easy fix ...",
      "PostedDate": "2012-12-15T05:06:48.56-08:00",
      "Id": 84213
    }
  ]
}