{
  "WorkItem": {
    "AffectedComponent": {
      "Name": "",
      "DisplayName": ""
    },
    "ClosedComment": "",
    "ClosedDate": null,
    "CommentCount": 2,
    "Custom": null,
    "Description": "Two very simple fixes are required for the Window Chooser as it does not size correctly plus the Finder Window dog glyph does not display in the correct position when the Windows DPI >96\r\n\r\nFix 1.\r\nAppChooser.xaml\r\nLine 18\r\nChange\r\n\r\nFix 2.\r\nFinderWindow.xaml.cs Line 164\r\n\r\nChange\r\nSizeToContent=\"Width\"\r\nTo\r\nSizeToContent=\"WidthAndHeight\"\r\n\r\nChange\r\nvar mouse = NativeMethods.GetCursorPosition();\r\n\r\nTo\r\nvar mouse = Mouse.GetPosition(this);// NativeMethods.GetCursorPosition();\r\n        mouse = this.PointToScreen(mouse);\r\n\r\n        var transform = PresentationSource.FromVisual(this).CompositionTarget.TransformFromDevice;\r\n        mouse = transform.Transform(mouse);\r\n\r\nTested in Windows 8.1 at 192DPI (200%)\r\n",
    "LastUpdatedDate": "2016-04-18T03:45:28.937-07:00",
    "PlannedForRelease": "",
    "ReleaseVisibleToPublic": false,
    "Priority": {
      "Name": "Unassigned",
      "Severity": 0,
      "Id": 0
    },
    "ProjectName": "snoopwpf",
    "ReportedDate": "2013-11-07T04:58:58.45-08:00",
    "Status": {
      "Name": "Proposed",
      "Id": 1
    },
    "ReasonClosed": {
      "Name": "Unassigned"
    },
    "Summary": "The AppChooser does not support Hi-DPI Displays",
    "Type": {
      "Name": "Unassigned",
      "Id": 5
    },
    "VoteCount": 4,
    "Id": 7949
  },
  "FileAttachments": [],
  "Comments": [
    {
      "Message": "This is interesting stuff. Thank you for taking due diligence to not only diagnose the problem, but come up with a solution as well. We will test this feature, and assuming it works for our normal scenarios (which I'm sure it probably will), we will integrate this into the next release of Snoop.",
      "PostedDate": "2013-11-07T09:23:45.937-08:00",
      "Id": 122142
    },
    {
      "Message": "I could do with this fix on my new 3200x1800 resolution laptop screen...\n\nNine unmerged pull requests on Github and one on Codeplex, no commits since June 2013... Has this project been abandoned?",
      "PostedDate": "2015-02-23T07:02:39.793-08:00",
      "Id": 175140
    }
  ]
}