{
  "WorkItem": {
    "AffectedComponent": {
      "Name": "",
      "DisplayName": ""
    },
    "ClosedComment": "",
    "ClosedDate": null,
    "CommentCount": 1,
    "Custom": null,
    "Description": "Please add an option to not show attached properties for an object.\r\n\r\nIt's very hard sometimes when there are a large amount of attached properties in an application to scroll through the property grid.\r\n",
    "LastUpdatedDate": "2013-04-08T14:01:03.8-07:00",
    "PlannedForRelease": "",
    "ReleaseVisibleToPublic": false,
    "Priority": {
      "Name": "Low",
      "Severity": 50,
      "Id": 1
    },
    "ProjectName": "snoopwpf",
    "ReportedDate": "2013-02-25T06:46:32.213-08:00",
    "Status": {
      "Name": "Proposed",
      "Id": 1
    },
    "ReasonClosed": {
      "Name": "Unassigned"
    },
    "Summary": "Filter out attached properties",
    "Type": {
      "Name": "Issue",
      "Id": 3
    },
    "VoteCount": 2,
    "Id": 7940
  },
  "FileAttachments": [],
  "Comments": [
    {
      "Message": "Hi,\n\nWhat happens if you press the 'D' button on the very right to filter out properties that still have their default values? That should probably filter out a lot of your attached properties that were unchanged. And if that doesn't work, we actually do support a regular expression filter.\n\nLet us know if either one of those does not work.\n\nMaciek",
      "PostedDate": "2013-02-26T11:41:41.4-08:00",
      "Id": 91587
    }
  ]
}