{
  "WorkItem": {
    "AffectedComponent": {
      "Name": "",
      "DisplayName": ""
    },
    "ClosedComment": "Closing since kentcb says the latest code doesn't have any issues.",
    "ClosedDate": "2012-04-20T16:50:27.953-07:00",
    "CommentCount": 1,
    "Custom": "",
    "Description": "After changing my application from using an ItemsControl to showing each item in a child Window, I get the following exception when trying to snoop it:\n\nSystem.Reflection.TargetInvocationException was unhandled\n  Message=Exception has been thrown by the target of an invocation.\n  Source=mscorlib\n  StackTrace:\n       at System.RuntimeMethodHandle._InvokeMethodFast(IRuntimeMethodInfo method, Object target, Object[] arguments, SignatureStruct& sig, MethodAttributes methodAttributes, RuntimeType typeOwner)\n       at System.RuntimeMethodHandle.InvokeMethodFast(IRuntimeMethodInfo method, Object target, Object[] arguments, Signature sig, MethodAttributes methodAttributes, RuntimeType typeOwner)\n       at System.Reflection.RuntimeMethodInfo.Invoke(Object obj, BindingFlags invokeAttr, Binder binder, Object[] parameters, CultureInfo culture, Boolean skipVisibilityChecks)\n       at System.Reflection.RuntimeMethodInfo.Invoke(Object obj, BindingFlags invokeAttr, Binder binder, Object[] parameters, CultureInfo culture)\n       at System.Reflection.MethodBase.Invoke(Object obj, Object[] parameters)\n       at MessageHookProc(Int32 nCode, UInt32 wparam, Int32 lparam)\n       at MS.Win32.UnsafeNativeMethods.IntGetMessageW(MSG& msg, HandleRef hWnd, Int32 uMsgFilterMin, Int32 uMsgFilterMax)\n       at MS.Win32.UnsafeNativeMethods.GetMessageW(MSG& msg, HandleRef hWnd, Int32 uMsgFilterMin, Int32 uMsgFilterMax)\n       at System.Windows.Threading.Dispatcher.GetMessage(MSG& msg, IntPtr hwnd, Int32 minMessage, Int32 maxMessage)\n       at System.Windows.Threading.Dispatcher.PushFrameImpl(DispatcherFrame frame)\n       at System.Windows.Threading.Dispatcher.PushFrame(DispatcherFrame frame)\n       at System.Windows.Threading.Dispatcher.Run()\n       at System.Windows.Application.RunDispatcher(Object ignore)\n       at System.Windows.Application.RunInternal(Window window)\n       at System.Windows.Application.Run(Window window)\n       at System.Windows.Application.Run()\n       at Xxx.Shell.Entry.RunApp() in C:\\Documents and Settings\\boogkent\\My Documents\\Repository\\Xxx\\Src\\Shell\\Entry.cs:line 94\n       at Xxx.Shell.Entry.Main(String[] args) in C:\\Documents and Settings\\boogkent\\My Documents\\Repository\\Xxx\\Src\\Shell\\Entry.cs:line 40\n       at System.AppDomain._nExecuteAssembly(RuntimeAssembly assembly, String[] args)\n       at System.AppDomain.ExecuteAssembly(String assemblyFile, Evidence assemblySecurity, String[] args)\n       at Microsoft.VisualStudio.HostingProcess.HostProc.RunUsersAssembly()\n       at System.Threading.ThreadHelper.ThreadStart_Context(Object state)\n       at System.Threading.ExecutionContext.Run(ExecutionContext executionContext, ContextCallback callback, Object state, Boolean ignoreSyncCtx)\n       at System.Threading.ExecutionContext.Run(ExecutionContext executionContext, ContextCallback callback, Object state)\n       at System.Threading.ThreadHelper.ThreadStart()\n  InnerException: System.NullReferenceException\n       Message=Object reference not set to an instance of an object.\n       Source=Snoop\n       StackTrace:\n            at Snoop.SnoopUI.GoBabyGo()\n       InnerException: \n\nPlease let me know if there's any more info I can provide that will help.",
    "LastUpdatedDate": "2012-04-20T16:50:27.953-07:00",
    "PlannedForRelease": "",
    "ReleaseVisibleToPublic": false,
    "Priority": {
      "Name": "Low",
      "Severity": 50,
      "Id": 1
    },
    "ProjectName": "snoopwpf",
    "ReportedDate": "2011-11-21T01:34:22.097-08:00",
    "Status": {
      "Name": "Closed",
      "Id": 4
    },
    "ReasonClosed": {
      "Name": "Unassigned"
    },
    "Summary": "Cannot Snoop",
    "Type": {
      "Name": "Issue",
      "Id": 3
    },
    "VoteCount": 1,
    "Id": 7474
  },
  "FileAttachments": [],
  "Comments": [
    {
      "Message": "I just grabbed the latest source, built, and tried this. It worked OK in debug so I tried release. Once I fixed the output paths for the ManagedInjectorLauncher release builds it worked fine. I guess the bug has been fixed recently so feel free to close this if you agree.",
      "PostedDate": "2011-11-21T06:22:38.627-08:00",
      "Id": 63571
    }
  ]
}