{
  "WorkItem": {
    "AffectedComponent": {
      "Name": "",
      "DisplayName": ""
    },
    "ClosedComment": "",
    "ClosedDate": null,
    "CommentCount": 0,
    "Custom": null,
    "Description": "__Problem:__\r\n1. Move the Windows taskbar to the top of the screen (you may have to unlock it first).\r\n2. Start Snoop\r\n3. Drag the Snoop window into the taskbar area so that the __entire__ window is above any open applications (Snoop considers [0, 0] of the screen to be the top left corner, __not including__ the taskbar, so if the top left corner of snoop is in the taskbar while the taskbar is at the top of the screen, snoop thinks it's at a negative y location)\r\n4. Close and open Snoop - you'll notice that now, it's 2px high.  This will persist wherever you move the application, and no matter how many times you close and open it, unless you follow the workaround below.\r\n\r\n__Workaround:__\r\n1. Close Snoop (it writes it positional data to disk when it closes, so if you don't do this now, your edits in step 5 may get overwritten)\r\n2. Navigate to %localappdata%\\Cory_Plotts\\Snoop.exe_Url_svr3ea1awr4rmikpujw0xmksr1tpt4kp\\[version number]\r\n3. Open user.config in notepad\r\n4. Under the <normalPosition> tag, there are <left>, <right>, <top> and <bottom> tags\r\n5. Edit <top> and <bottom> so there are 30px between the values\r\n6. Start snoop\r\n\r\n__Ideal Solution (feature request):__\r\nThe application supports all taskbar locations",
    "LastUpdatedDate": "2014-08-12T09:24:39.333-07:00",
    "PlannedForRelease": "",
    "ReleaseVisibleToPublic": false,
    "Priority": {
      "Name": "Unassigned",
      "Severity": 0,
      "Id": 0
    },
    "ProjectName": "snoopwpf",
    "ReportedDate": "2014-08-12T09:20:50.59-07:00",
    "Status": {
      "Name": "Proposed",
      "Id": 1
    },
    "ReasonClosed": {
      "Name": "Unassigned"
    },
    "Summary": "When closed above the top of a window, the size changes on restart",
    "Type": {
      "Name": "Unassigned",
      "Id": 5
    },
    "VoteCount": 1,
    "Id": 7957
  },
  "FileAttachments": [],
  "Comments": []
}