{
  "WorkItem": {
    "AffectedComponent": {
      "Name": "",
      "DisplayName": ""
    },
    "ClosedComment": "",
    "ClosedDate": null,
    "CommentCount": 3,
    "Custom": null,
    "Description": "Not sure which it is. Application is not running elevated.",
    "LastUpdatedDate": "2013-12-27T05:44:39.957-08:00",
    "PlannedForRelease": "",
    "ReleaseVisibleToPublic": false,
    "Priority": {
      "Name": "Unassigned",
      "Severity": 0,
      "Id": 0
    },
    "ProjectName": "snoopwpf",
    "ReportedDate": "2013-12-25T06:00:10.66-08:00",
    "Status": {
      "Name": "Proposed",
      "Id": 1
    },
    "ReasonClosed": {
      "Name": "Unassigned"
    },
    "Summary": "Can't locate applications with Window Style set to None and Show In Taskbar False",
    "Type": {
      "Name": "Unassigned",
      "Id": 5
    },
    "VoteCount": 1,
    "Id": 7950
  },
  "FileAttachments": [],
  "Comments": [
    {
      "Message": "Hi,\n\nI tried snooping an application with Window style set to \"none\" and ShowInTaskbar set to false, as illustrated at the bottom:\n\n       <Window x:Class=\"WpfApplication1.MainWindow\"\n        xmlns=\"http://schemas.microsoft.com/winfx/2006/xaml/presentation\"\n        xmlns:x=\"http://schemas.microsoft.com/winfx/2006/xaml\"\n        WindowStyle=\"None\"\n        ShowInTaskbar=\"False\"\n        Title=\"MainWindow\" Height=\"350\" Width=\"525\"\n\nI was able to Snoop it. Both applications ran under normal privileges. I tried snooping both ways: dragging the cross-hair, and clicking \"refresh\". Perhaps you can run Snoop as an admin. Are you sure that's the only difference between it working and not working?\n\nMaciek",
      "PostedDate": "2013-12-27T00:32:06.47-08:00",
      "Id": 128488
    },
    {
      "Message": "Here's the app I can't snoop.\n\nhttp://mike-ward.net/download?filename=tweetzsetup.exe\n\nIt never appears in the drop down list.\n\nThanks for you attention in this matter.\n\n- Mike",
      "PostedDate": "2013-12-27T05:40:32.23-08:00",
      "Id": 128497
    },
    {
      "Message": "OK, I uninstalled and reinstalled snoop and now I can snoop the tweetz app. One of those weird glitches I guess. Thanks for looking into it.",
      "PostedDate": "2013-12-27T05:44:39.957-08:00",
      "Id": 128498
    }
  ]
}