{
  "WorkItem": {
    "AffectedComponent": {
      "Name": "",
      "DisplayName": ""
    },
    "ClosedComment": "",
    "ClosedDate": "2011-02-14T19:24:52.343-08:00",
    "CommentCount": 1,
    "Custom": "",
    "Description": "If you click on the event name (not on one of the visuals the event routed through), the property grid displays the event args class ... but then stops updating as it normally should when clicking on Visual(s) in the visual tree or on the Visual(s) that the event has routed through.",
    "LastUpdatedDate": "2011-02-14T19:24:52.343-08:00",
    "PlannedForRelease": "Snoop 2.7.0",
    "ReleaseVisibleToPublic": true,
    "Priority": {
      "Name": "Low",
      "Severity": 50,
      "Id": 1
    },
    "ProjectName": "snoopwpf",
    "ReportedDate": "2011-02-14T19:18:13.62-08:00",
    "Status": {
      "Name": "Closed",
      "Id": 4
    },
    "ReasonClosed": {
      "Name": "Unassigned"
    },
    "Summary": "When Clicking on Event Name in Events Area, Property Grid Stops Updating",
    "Type": {
      "Name": "Issue",
      "Id": 3
    },
    "VoteCount": 0,
    "Id": 6235
  },
  "FileAttachments": [],
  "Comments": [
    {
      "Message": "Resolved with changeset 62369.",
      "PostedDate": "2011-02-14T19:24:52.343-08:00",
      "Id": 63496
    }
  ]
}