{
  "WorkItem": {
    "AffectedComponent": {
      "Name": "",
      "DisplayName": ""
    },
    "ClosedComment": "",
    "ClosedDate": null,
    "CommentCount": 0,
    "Custom": null,
    "Description": "I got this Error when I try to snoop an application.\r\n\r\nNet Framework 4.5\r\n\r\nThere was an error snooping! Message = Initialization of 'System.Windows.Controls.Primitives.ToggleButton threw an exception. \r\nStack Trace at System.Windows.Markup.WpfXamlLoader.Load(XamIReader xamlReader, IXamlObjectWriterFactory writerFactory, Boolean skiplournaledProperties, Object rootObject, XamlObjectWriterSettings settings, Uri baseUri) at System.Windows.Markup.WpfXamlLoader.LoadBaml(XamIReader xamlReader, Boolean skipiournaledProperties, Object rootObject, XamlAccessLevel accessLevel, Uri baseUri) at System.Windows.Markup.XamlReader.LoadBaml(Stream stream, ParserContext parserContext, Object parent, Boolean closeStream) at System.Windows.Application.LoadComponent(Object component, Uri resourceLocator) at Snoop.SnoopUI.InitializeComponentO at Snoop.SnoopUl..ctor0 at Snoop.SnoopUI.SnoopApplication0 at Snoop.SnoopUI.GoBabyGo0 ",
    "LastUpdatedDate": "2014-02-28T09:32:42.613-08:00",
    "PlannedForRelease": "",
    "ReleaseVisibleToPublic": false,
    "Priority": {
      "Name": "Unassigned",
      "Severity": 0,
      "Id": 0
    },
    "ProjectName": "snoopwpf",
    "ReportedDate": "2014-02-28T09:32:42.613-08:00",
    "Status": {
      "Name": "Proposed",
      "Id": 1
    },
    "ReasonClosed": {
      "Name": "Unassigned"
    },
    "Summary": "Error Snooping",
    "Type": {
      "Name": "Unassigned",
      "Id": 5
    },
    "VoteCount": 1,
    "Id": 7953
  },
  "FileAttachments": [],
  "Comments": []
}