{
  "WorkItem": {
    "AffectedComponent": {
      "Name": "",
      "DisplayName": ""
    },
    "ClosedComment": "Closing since it is a duplicate of http://snoopwpf.codeplex.com/workitem/5601",
    "ClosedDate": "2012-04-17T12:21:11.177-07:00",
    "CommentCount": 2,
    "Custom": "",
    "Description": "Hi!\n\nI was need to use Snoop on a machine without MSVC and have some problems when tried to snoop application. Error related to load \"ManagedInjector64-4.0.dll\"\n\nRequirements for using snoop - Microsoft® C Runtime Library, when I install vcredist_x64.exe - all work fine.\n\nThanks for your apps!",
    "LastUpdatedDate": "2012-04-17T12:59:46.937-07:00",
    "PlannedForRelease": "",
    "ReleaseVisibleToPublic": false,
    "Priority": {
      "Name": "Low",
      "Severity": 50,
      "Id": 1
    },
    "ProjectName": "snoopwpf",
    "ReportedDate": "2012-04-17T05:35:12.81-07:00",
    "Status": {
      "Name": "Closed",
      "Id": 4
    },
    "ReasonClosed": {
      "Name": "Unassigned"
    },
    "Summary": "Requirements for using Snoop",
    "Type": {
      "Name": "Issue",
      "Id": 3
    },
    "VoteCount": 1,
    "Id": 7924
  },
  "FileAttachments": [],
  "Comments": [
    {
      "Message": "Thanks for creating an issue to let others know of this problem.\r\n\r\nHowever, I am closing this item as it is a duplicate of:\r\nhttp://snoopwpf.codeplex.com/workitem/5601",
      "PostedDate": "2012-04-17T12:20:24.133-07:00",
      "Id": 63585
    },
    {
      "Message": "Feel free to vote the other issue up ... as a way of saying that you've had this problem too.",
      "PostedDate": "2012-04-17T12:59:46.937-07:00",
      "Id": 63586
    }
  ]
}