{
  "WorkItem": {
    "AffectedComponent": {
      "Name": "",
      "DisplayName": ""
    },
    "ClosedComment": "This is already possible ... if you control-shift and left click over the element in the application.",
    "ClosedDate": "2010-12-17T10:10:13.07-08:00",
    "CommentCount": 2,
    "Custom": "",
    "Description": "Having to twirl down and down and down through Snoop's treeview to get to the item I want to snoop drives me crazy. Can we have a mode like UISpy where you can select an item in the app being snooped, and Snoop jumps to that item in the tree?",
    "LastUpdatedDate": "2011-02-10T11:44:16.443-08:00",
    "PlannedForRelease": "",
    "ReleaseVisibleToPublic": false,
    "Priority": {
      "Name": "Low",
      "Severity": 50,
      "Id": 1
    },
    "ProjectName": "snoopwpf",
    "ReportedDate": "2010-12-17T09:18:48.767-08:00",
    "Status": {
      "Name": "Closed",
      "Id": 4
    },
    "ReasonClosed": {
      "Name": "Unassigned"
    },
    "Summary": "Click to elements like UISpy",
    "Type": {
      "Name": "Issue",
      "Id": 3
    },
    "VoteCount": 1,
    "Id": 5970
  },
  "FileAttachments": [],
  "Comments": [
    {
      "Message": "I just saw this today. Please note this more prominently for new users! Everyone on my team has asked for this.",
      "PostedDate": "2011-02-10T10:56:07.447-08:00",
      "Id": 63483
    },
    {
      "Message": "I plan on writing a blog series on Snoop tricks ... the first of which ... will be this trick. I hope to write it tonight, actually.",
      "PostedDate": "2011-02-10T11:44:16.443-08:00",
      "Id": 63484
    }
  ]
}