{
  "WorkItem": {
    "AffectedComponent": {
      "Name": "",
      "DisplayName": ""
    },
    "ClosedComment": "",
    "ClosedDate": null,
    "CommentCount": 2,
    "Custom": "",
    "Description": "Pete Blois gave the app chooser a face lift. Let's do the same for the main Snoop interface.",
    "LastUpdatedDate": "2011-02-19T11:49:25.44-08:00",
    "PlannedForRelease": "",
    "ReleaseVisibleToPublic": false,
    "Priority": {
      "Name": "Low",
      "Severity": 50,
      "Id": 1
    },
    "ProjectName": "snoopwpf",
    "ReportedDate": "2010-07-02T10:57:05.243-07:00",
    "Status": {
      "Name": "Proposed",
      "Id": 1
    },
    "ReasonClosed": {
      "Name": "Unassigned"
    },
    "Summary": "Style the main Snoop UI so that it looks nice and matches the app chooser.",
    "Type": {
      "Name": "Feature",
      "Id": 1
    },
    "VoteCount": 2,
    "Id": 4990
  },
  "FileAttachments": [],
  "Comments": [
    {
      "Message": "While you're redoing the UI, here's a minuscule nitpick: the main window is resizable by dragging with the mouse, so the lower-right corner of the window border should show that little resize grip triangle (XAML Window property ResizeMode=\"CanResizeWithGrip\").",
      "PostedDate": "2010-07-27T22:59:21.823-07:00",
      "Id": 63426
    },
    {
      "Message": "Ah, good point! Thanks for leaving a comment ... helps me to remember.",
      "PostedDate": "2010-07-28T07:23:20.43-07:00",
      "Id": 63427
    }
  ]
}