{
  "WorkItem": {
    "AffectedComponent": {
      "Name": "",
      "DisplayName": ""
    },
    "ClosedComment": "",
    "ClosedDate": "2010-07-06T09:25:40.393-07:00",
    "CommentCount": 2,
    "Custom": "",
    "Description": "Snoop assumes that Application.Current.MainWindow is a legit window that it can set as the owner of its UI.  However, if your WPF app creates other collapsed windows before creating the application's real main window, Application.Current.MainWindow will be the first window that you created, no matter what state it is in.  If it is Collapsed, Snoop throws an exception when it sets the Owner of SnoopUI to that collapsed window, and Show never gets called.\n\nThe fix is to check the Visibility of Application.Current.MainWindow, and if it is not Visible, walk the Application.Current.Windows list until finding a window that *is* visible, and set *that* as the owner of SnoopUI.  If no Visible window is found, put up a message box indicating an error.",
    "LastUpdatedDate": "2010-07-06T09:25:40.393-07:00",
    "PlannedForRelease": "Snoop 2.6.0",
    "ReleaseVisibleToPublic": true,
    "Priority": {
      "Name": "Low",
      "Severity": 50,
      "Id": 1
    },
    "ProjectName": "snoopwpf",
    "ReportedDate": "2010-05-25T09:28:59.073-07:00",
    "Status": {
      "Name": "Closed",
      "Id": 4
    },
    "ReasonClosed": {
      "Name": "Unassigned"
    },
    "Summary": "Snoop needs a visible window to be set as the owner of the main Snoop UI.",
    "Type": {
      "Name": "Issue",
      "Id": 3
    },
    "VoteCount": 0,
    "Id": 4741
  },
  "FileAttachments": [],
  "Comments": [
    {
      "Message": "This was fixed in change sets 46542 and 46543.",
      "PostedDate": "2010-05-25T09:30:12.95-07:00",
      "Id": 63402
    },
    {
      "Message": "I forgot about the Zoomer (Magnify) window ... so this is really completely fixed in change sets 46659 and 46660.",
      "PostedDate": "2010-05-26T14:31:24.587-07:00",
      "Id": 63403
    }
  ]
}