{
  "WorkItem": {
    "AffectedComponent": {
      "Name": "",
      "DisplayName": ""
    },
    "ClosedComment": "Assigned to 2.8.0 release.",
    "ClosedDate": "2012-10-03T09:19:21.22-07:00",
    "CommentCount": 3,
    "Custom": null,
    "Description": "If IMyInterface is not a DependencyObject Snoop crash.\r\nIn PertinentPropertyFilter.cs line 52 add:\r\n\r\nif (attachedPropertyForType.TargetType.IsSubclassOf(typeof(DependencyObject)))\r\n        {\r\n\r\nand then add\r\n\r\n}\r\n\r\nbefore return true;\r\nto fix the problem.",
    "LastUpdatedDate": "2017-12-11T00:35:50.12-08:00",
    "PlannedForRelease": "Snoop 2.8.0",
    "ReleaseVisibleToPublic": true,
    "Priority": {
      "Name": "Low",
      "Severity": 50,
      "Id": 1
    },
    "ProjectName": "snoopwpf",
    "ReportedDate": "2011-10-28T07:19:26.587-07:00",
    "Status": {
      "Name": "Closed",
      "Id": 4
    },
    "ReasonClosed": {
      "Name": "Unassigned"
    },
    "Summary": "[AttachedPropertyBrowsableForType(typeof(IMyInterface))]",
    "Type": {
      "Name": "Issue",
      "Id": 3
    },
    "VoteCount": 1,
    "Id": 7397
  },
  "FileAttachments": [],
  "Comments": [
    {
      "Message": "Here is some test code for this issue:\n\tpublic interface IFoo\n\t{\n\t\tvoid foo();\n\t\tint i { get; set; }\n\t\tint j { get; set; }\n\t};\n\n\t/// <summary>\n\t/// Interaction logic for MainWindow.xaml\n\t/// </summary>\n\tpublic partial class MainWindow : Window\n\t{\n\t\tpublic MainWindow()\n\t\t{\n\t\t\tInitializeComponent();\n\t\t}\n\t\t[AttachedPropertyBrowsableForType(typeof(IFoo))]\n\t\t#region IsClever\n\t\t/// <summary>\n\t\t/// Gets the IsClever property.\n\t\t/// </summary>\n\t\tpublic static bool GetIsClever(DependencyObject d)\n\t\t{\n\t\t\treturn (bool)d.GetValue(IsCleverProperty);\n\t\t}\n\t\t/// <summary>\n\t\t/// Sets the IsClever property.\n\t\t/// </summary>\n\t\tpublic static void SetIsClever(DependencyObject d, bool value)\n\t\t{\n\t\t\td.SetValue(IsCleverProperty, value);\n\t\t}\n\t\t/// <summary>\n\t\t/// IsClever Attached Dependency Property\n\t\t/// </summary>\n\t\tpublic static readonly DependencyProperty IsCleverProperty =\n\t\t\tDependencyProperty.RegisterAttached\n\t\t\t(\n\t\t\t\t\"IsClever\",\n\t\t\t\ttypeof(bool),\n\t\t\t\ttypeof(MainWindow),\n\t\t\t\tnew FrameworkPropertyMetadata\n\t\t\t\t(\n\t\t\t\t\t(bool)false\n\t\t\t\t)\n\t\t\t);\n\t\t#endregion\n\t}",
      "PostedDate": "2012-05-12T06:06:04.767-07:00",
      "Id": 65572
    },
    {
      "Message": "Fixed with the following commit:\nhttp://snoopwpf.codeplex.com/SourceControl/changeset/changes/09178b5a9653\n\nThanks tazzo for finding the fix yourself!\n\r\n\r** Closed by cplotts 05/12/2012 6:10AM",
      "PostedDate": "2012-05-12T06:10:05.17-07:00",
      "Id": 78427
    },
    {
      "Message": "Need to assign it to the 2.8.0 release.",
      "PostedDate": "2012-10-03T09:18:41.83-07:00",
      "Id": 78428
    }
  ]
}