{
  "WorkItem": {
    "AffectedComponent": {
      "Name": "",
      "DisplayName": ""
    },
    "ClosedComment": "",
    "ClosedDate": null,
    "CommentCount": 2,
    "Custom": "",
    "Description": "It would be nice if we could save the currently selected visual tree as a XAML file.",
    "LastUpdatedDate": "2013-01-22T13:06:25.633-08:00",
    "PlannedForRelease": "",
    "ReleaseVisibleToPublic": false,
    "Priority": {
      "Name": "Medium",
      "Severity": 100,
      "Id": 2
    },
    "ProjectName": "snoopwpf",
    "ReportedDate": "2010-04-22T15:28:02.587-07:00",
    "Status": {
      "Name": "Proposed",
      "Id": 1
    },
    "ReasonClosed": {
      "Name": "Unassigned"
    },
    "Summary": "Saving visual tree as XAML",
    "Type": {
      "Name": "Feature",
      "Id": 1
    },
    "VoteCount": 11,
    "Id": 4307
  },
  "FileAttachments": [],
  "Comments": [
    {
      "Message": "Associated with changeset 70198.",
      "PostedDate": "2011-09-20T22:45:43.277-07:00",
      "Id": 63392
    },
    {
      "Message": "70198 is the change set that added the ability to copy a brush.",
      "PostedDate": "2012-04-21T04:54:59.217-07:00",
      "Id": 63393
    }
  ]
}