{
  "WorkItem": {
    "AffectedComponent": {
      "Name": "",
      "DisplayName": ""
    },
    "ClosedComment": "",
    "ClosedDate": "2011-08-26T14:38:27.643-07:00",
    "CommentCount": 2,
    "Custom": "",
    "Description": "This issue is kind of annoying, and it ALWAYS happens. When going to the Events tab, and then going back to the Properties tab, the values in the properties tab become cleared. They should stay. This happens on build 67514.\n\nThe steps to reproduce are very simple:\n1) Snoop anything.\n2) Click the Events tab.\n3) Click the properties tab.\n\nNotice that the values in the Properties grid are cleared. We cannot see the values unless we change the visual being snooped.",
    "LastUpdatedDate": "2011-08-26T14:47:42.857-07:00",
    "PlannedForRelease": "Snoop 2.7.0",
    "ReleaseVisibleToPublic": true,
    "Priority": {
      "Name": "Low",
      "Severity": 50,
      "Id": 1
    },
    "ProjectName": "snoopwpf",
    "ReportedDate": "2011-08-16T21:59:09.647-07:00",
    "Status": {
      "Name": "Closed",
      "Id": 4
    },
    "ReasonClosed": {
      "Name": "Unassigned"
    },
    "Summary": "Values in property grid are unnecessarily cleared",
    "Type": {
      "Name": "Issue",
      "Id": 3
    },
    "VoteCount": 1,
    "Id": 7073
  },
  "FileAttachments": [],
  "Comments": [
    {
      "Message": "The issue isn't that the whole grid is cleared, but just the values in the \"Value\" column. The Names column remains intact. ",
      "PostedDate": "2011-08-17T13:51:24.79-07:00",
      "Id": 63526
    },
    {
      "Message": "Resolved with changeset 69725.",
      "PostedDate": "2011-08-26T14:38:27.643-07:00",
      "Id": 63527
    }
  ]
}