{
  "WorkItem": {
    "AffectedComponent": {
      "Name": "",
      "DisplayName": ""
    },
    "ClosedComment": "",
    "ClosedDate": "2011-04-08T08:25:47.683-07:00",
    "CommentCount": 1,
    "Custom": "",
    "Description": "Add a ComponentType column to the property grid so that the user can see that it is used to filter .... when typing a filter string in.",
    "LastUpdatedDate": "2011-04-08T08:25:47.683-07:00",
    "PlannedForRelease": "Snoop 2.7.0",
    "ReleaseVisibleToPublic": true,
    "Priority": {
      "Name": "Low",
      "Severity": 50,
      "Id": 1
    },
    "ProjectName": "snoopwpf",
    "ReportedDate": "2011-04-08T08:22:59.39-07:00",
    "Status": {
      "Name": "Closed",
      "Id": 4
    },
    "ReasonClosed": {
      "Name": "Unassigned"
    },
    "Summary": "Add a ComponentType Column to the Property Grid",
    "Type": {
      "Name": "Feature",
      "Id": 1
    },
    "VoteCount": 0,
    "Id": 6467
  },
  "FileAttachments": [],
  "Comments": [
    {
      "Message": "Resolved with changeset 64822.",
      "PostedDate": "2011-04-08T08:25:47.683-07:00",
      "Id": 63510
    }
  ]
}