{
  "WorkItem": {
    "AffectedComponent": {
      "Name": "",
      "DisplayName": ""
    },
    "ClosedComment": "",
    "ClosedDate": null,
    "CommentCount": 2,
    "Custom": "",
    "Description": "When using larger than 100% font sizes in Win7, the drag graphics for the target buttons are not positioned below the mouse.",
    "LastUpdatedDate": "2013-11-07T04:15:16.1-08:00",
    "PlannedForRelease": "",
    "ReleaseVisibleToPublic": false,
    "Priority": {
      "Name": "Low",
      "Severity": 50,
      "Id": 1
    },
    "ProjectName": "snoopwpf",
    "ReportedDate": "2011-12-31T07:24:15.517-08:00",
    "Status": {
      "Name": "Proposed",
      "Id": 1
    },
    "ReasonClosed": {
      "Name": "Unassigned"
    },
    "Summary": "Drag graphics are off when DPI > 100%",
    "Type": {
      "Name": "Issue",
      "Id": 3
    },
    "VoteCount": 2,
    "Id": 7574
  },
  "FileAttachments": [],
  "Comments": [
    {
      "Message": "Thanks for posting the issue ... and sorry for my delayed response (I haven't had much time lately to devote to Snoop).\r\n\r\nI've never run into this issue, but I'm not surprised it is there ... since I hardly ever run with my DPI setting greater than 100%.\r\n\r\nWe'll look into at some point.",
      "PostedDate": "2012-01-24T12:48:30.463-08:00",
      "Id": 63574
    },
    {
      "Message": "Interesting issue ... finally took a look.\n\nEverything seems to work just fine, even though the graphics are off. The really interesting thing is that the position of the Snoop dog moves ... as you get farther away from the top left corner of the app.",
      "PostedDate": "2012-05-12T05:09:34.447-07:00",
      "Id": 65568
    }
  ]
}