{
  "WorkItem": {
    "AffectedComponent": {
      "Name": "",
      "DisplayName": ""
    },
    "ClosedComment": "I have already fixed this ... actually it was the last change set (http://snoopwpf.codeplex.com/SourceControl/changeset/changes/56003).\r\n\r\nGet the source code and build it ... I'm not quite sure when I will release Snoop 2.6.1. It is not imminent at this point.",
    "ClosedDate": "2010-10-04T12:52:16.55-07:00",
    "CommentCount": 1,
    "Custom": "",
    "Description": "I typically have >15 windows open at any given time durring development.  The visual tree window always gets lost behind other windows while i'm debugging and I can't even alt+tab to it.  It would be great to have the visual tree window have it's own item in the start bar.  If it's a WPF app, all the window needs is this: ShowInTaskbar=\"True\"  This could even be a setting so users have the choice.",
    "LastUpdatedDate": "2010-10-04T13:05:07.21-07:00",
    "PlannedForRelease": "",
    "ReleaseVisibleToPublic": false,
    "Priority": {
      "Name": "Low",
      "Severity": 50,
      "Id": 1
    },
    "ProjectName": "snoopwpf",
    "ReportedDate": "2010-10-04T11:53:04.337-07:00",
    "Status": {
      "Name": "Closed",
      "Id": 4
    },
    "ReasonClosed": {
      "Name": "Unassigned"
    },
    "Summary": "Visual Tree Window doesn't show in start bar",
    "Type": {
      "Name": "Issue",
      "Id": 3
    },
    "VoteCount": 1,
    "Id": 5649
  },
  "FileAttachments": [],
  "Comments": [
    {
      "Message": "Awesome, thanks!  I'm just 1 step behind :)  Thanks for a great product.",
      "PostedDate": "2010-10-04T13:05:07.21-07:00",
      "Id": 63476
    }
  ]
}