{
  "WorkItem": {
    "AffectedComponent": {
      "Name": "",
      "DisplayName": ""
    },
    "ClosedComment": "",
    "ClosedDate": "2012-04-24T04:57:10.52-07:00",
    "CommentCount": 1,
    "Custom": "",
    "Description": "Create a \"Methods\" tab on which we can invoke methods. Basically, we want to be able to invoke methods on the UI items as well as the data context. It would also be nice to be able to have a series or chain of methods to invoke  as well as have the option to repeat the invocation of a series of methods. This could be one way of making a \"script\" to test the UI.",
    "LastUpdatedDate": "2012-04-24T04:57:10.52-07:00",
    "PlannedForRelease": "Snoop 2.7.1",
    "ReleaseVisibleToPublic": true,
    "Priority": {
      "Name": "Low",
      "Severity": 50,
      "Id": 1
    },
    "ProjectName": "snoopwpf",
    "ReportedDate": "2011-09-23T19:37:26.06-07:00",
    "Status": {
      "Name": "Closed",
      "Id": 4
    },
    "ReasonClosed": {
      "Name": "Unassigned"
    },
    "Summary": "Create a \"Methods\" tab on which we can invoke methods",
    "Type": {
      "Name": "Feature",
      "Id": 1
    },
    "VoteCount": 1,
    "Id": 7189
  },
  "FileAttachments": [],
  "Comments": [
    {
      "Message": "Resolved with changeset 74426.",
      "PostedDate": "2012-04-24T04:57:10.52-07:00",
      "Id": 63542
    }
  ]
}