{
  "WorkItem": {
    "AffectedComponent": {
      "Name": "",
      "DisplayName": ""
    },
    "ClosedComment": "",
    "ClosedDate": null,
    "CommentCount": 1,
    "Custom": null,
    "Description": "With the attached WPF application (VS2013), Snoop hangs when viewing the properties of the TextBock.\r\n\r\nThis seems to be caused by the PriorityBinding; with a normal binding the hang does not occur",
    "LastUpdatedDate": "2016-01-14T23:04:24.947-08:00",
    "PlannedForRelease": "",
    "ReleaseVisibleToPublic": false,
    "Priority": {
      "Name": "Unassigned",
      "Severity": 0,
      "Id": 0
    },
    "ProjectName": "snoopwpf",
    "ReportedDate": "2016-01-11T09:28:43.473-08:00",
    "Status": {
      "Name": "Proposed",
      "Id": 1
    },
    "ReasonClosed": {
      "Name": "Unassigned"
    },
    "Summary": "Hang on PriorityBinding",
    "Type": {
      "Name": "Unassigned",
      "Id": 5
    },
    "VoteCount": 1,
    "Id": 7964
  },
  "FileAttachments": [
    {
      "FileId": 1537349,
      "FileName": "WpfApplication6.zip",
      "DownloadUrl": ".\\1537349"
    }
  ],
  "Comments": [
    {
      "Message": "See github for the issue and resolution:\n\nhttps://github.com/cplotts/snoopwpf/issues/42",
      "PostedDate": "2016-01-14T23:04:24.947-08:00",
      "Id": 195446
    }
  ]
}