{
  "WorkItem": {
    "AffectedComponent": {
      "Name": "",
      "DisplayName": ""
    },
    "ClosedComment": "Closing this issue for now since we want to keep Snoop a WPF 3.5 application. At some point, we can reopen this issue.",
    "ClosedDate": "2011-09-11T06:34:03.5-07:00",
    "CommentCount": 2,
    "Custom": "",
    "Description": "Hello,\n\nI download this: http://snoopwpf.codeplex.com/releases/view/47822#DownloadId=129126\n\nand as gift I got this :P\n\nSystem.IO.FileNotFoundException was unhandled\nMessage: Die Datei oder Assembly \"PresentationFramework, Version=3.0.0.0, Culture=neutral, PublicKeyToken=31bf3856ad364e35\"\n oder eine Abhängigkeit davon wurde nicht gefunden. Das System kann die angegebene Datei nicht finden.\n\nWPF 3.0 ? I have installed .NET 4.0 why need I less... if you say Snoop needs .NET 4.0 ?",
    "LastUpdatedDate": "2011-09-11T06:34:03.5-07:00",
    "PlannedForRelease": "",
    "ReleaseVisibleToPublic": false,
    "Priority": {
      "Name": "Low",
      "Severity": 50,
      "Id": 1
    },
    "ProjectName": "snoopwpf",
    "ReportedDate": "2010-10-01T11:15:40.697-07:00",
    "Status": {
      "Name": "Closed",
      "Id": 4
    },
    "ReasonClosed": {
      "Name": "Unassigned"
    },
    "Summary": "Change Snoop So That it Itself  is a WPF 4.0 Application",
    "Type": {
      "Name": "Issue",
      "Id": 3
    },
    "VoteCount": 1,
    "Id": 5637
  },
  "FileAttachments": [],
  "Comments": [
    {
      "Message": "Snoop is a WPF 3.5 SP1 application (so you need WPF 3.5 SP1 to run it) ... that has the ability to spy WPF 3.0/3.5/4.0 applications.\r\n\r\nOne thing that I could toy with ... is changing Snoop itself so that it is a WPF 4.0 application. I wonder if that would break the ability to Snoop 3.0/3.5 applications. Hmmm ... I'll have to try that out.\r\n\r\nEven if that works though, then people would have to install WPF 4.0 in order to Snoop WPF 3.0/3.5 applications (your situation reversed).\r\n\r\nIt probably makes the most sense for Snoop to be built on the version of WPF that is most used out in the wild (which I speculate is still WPF 3.5 SP1) ... which also means that we should probably change Snoop some day (when that balance tips) so that it is built on WPF 4.0. I'm going to keep this issue open for that reason.",
      "PostedDate": "2010-10-01T12:18:47.11-07:00",
      "Id": 63470
    },
    {
      "Message": "Just quickly tried re-targeting the main Snoop exe to .NET 4.0 ... this DID break the ability to Snoop 3.0/3.5 applications.",
      "PostedDate": "2011-02-15T12:50:36.003-08:00",
      "Id": 63471
    }
  ]
}