{
  "WorkItem": {
    "AffectedComponent": {
      "Name": "",
      "DisplayName": ""
    },
    "ClosedComment": "",
    "ClosedDate": "2011-09-02T07:54:10.65-07:00",
    "CommentCount": 1,
    "Custom": "",
    "Description": "I accidentally broke this at some point.",
    "LastUpdatedDate": "2011-09-02T07:54:10.65-07:00",
    "PlannedForRelease": "Snoop 2.5.1",
    "ReleaseVisibleToPublic": true,
    "Priority": {
      "Name": "Low",
      "Severity": 50,
      "Id": 1
    },
    "ProjectName": "snoopwpf",
    "ReportedDate": "2010-05-21T13:50:10.25-07:00",
    "Status": {
      "Name": "Closed",
      "Id": 4
    },
    "ReasonClosed": {
      "Name": "Unassigned"
    },
    "Summary": "Horizontal Splitter Between Property Grid and Previewer is Broken",
    "Type": {
      "Name": "Issue",
      "Id": 3
    },
    "VoteCount": 1,
    "Id": 4702
  },
  "FileAttachments": [],
  "Comments": [
    {
      "Message": "This has been fixed by changeset 46209.",
      "PostedDate": "2010-05-21T13:58:28.37-07:00",
      "Id": 63397
    }
  ]
}