{
  "WorkItem": {
    "AffectedComponent": {
      "Name": "",
      "DisplayName": ""
    },
    "ClosedComment": "",
    "ClosedDate": null,
    "CommentCount": 0,
    "Custom": null,
    "Description": "Error is\r\n\r\n__There was an error snooping! Message = Can only base on a Style with target type that is base type 'Window'__\r\n\r\nMy target type style is WindowBase, my own custom window\r\n\r\nWindowBase is a custom window that inherits directly from Window. \r\n\r\nI tried making my Window Style 'BasedOn' Window but this does not work.\r\n\r\nAny ideas?",
    "LastUpdatedDate": "2015-12-14T09:27:21.803-08:00",
    "PlannedForRelease": "",
    "ReleaseVisibleToPublic": false,
    "Priority": {
      "Name": "Unassigned",
      "Severity": 0,
      "Id": 0
    },
    "ProjectName": "snoopwpf",
    "ReportedDate": "2015-12-14T09:27:21.803-08:00",
    "Status": {
      "Name": "Proposed",
      "Id": 1
    },
    "ReasonClosed": {
      "Name": "Unassigned"
    },
    "Summary": "Can only base on a Style with target type that is base type 'Window'",
    "Type": {
      "Name": "Unassigned",
      "Id": 5
    },
    "VoteCount": 1,
    "Id": 7963
  },
  "FileAttachments": [],
  "Comments": []
}