{
  "WorkItem": {
    "AffectedComponent": {
      "Name": "",
      "DisplayName": ""
    },
    "ClosedComment": "Fixed by change set: http://snoopwpf.codeplex.com/SourceControl/changeset/changes/62369",
    "ClosedDate": "2011-02-16T07:48:30.31-08:00",
    "CommentCount": 6,
    "Custom": "",
    "Description": "Hello,\n\nI am trying to detect the routed events sequence, but, all I see in the events area is just blank, please see the attached pic\nI am using Visual Studio 2008, Debug mode.",
    "LastUpdatedDate": "2011-02-16T07:50:42.67-08:00",
    "PlannedForRelease": "Snoop 2.7.0",
    "ReleaseVisibleToPublic": true,
    "Priority": {
      "Name": "Low",
      "Severity": 50,
      "Id": 1
    },
    "ProjectName": "snoopwpf",
    "ReportedDate": "2011-02-14T07:15:12.337-08:00",
    "Status": {
      "Name": "Closed",
      "Id": 4
    },
    "ReasonClosed": {
      "Name": "Unassigned"
    },
    "Summary": "v2.6.1: Routed Events View is blank!",
    "Type": {
      "Name": "Issue",
      "Id": 3
    },
    "VoteCount": 1,
    "Id": 6234
  },
  "FileAttachments": [
    {
      "FileId": 371321,
      "FileName": "blank-area.gif",
      "DownloadUrl": ".\\371321"
    }
  ],
  "Comments": [
    {
      "Message": "The Events area works just fine as far as I know ... although we did just fix an issue related to the Events area and secondary windows (http://snoopwpf.codeplex.com/workitem/4984).\r\n\r\nCan you provide more info ... or attach (Choose File button below) a test harness to this issue that demonstrates the problem?\r\n\r\nAnd what do you mean Visual Studio 2008? The 2.6 branch of Snoop requires Visual Studio 2010. Maybe you should try the installer ... and not try building it yourself.",
      "PostedDate": "2011-02-14T20:17:54.67-08:00",
      "Id": 63490
    },
    {
      "Message": "I saw the same behavior due to the http://snoopwpf.codeplex.com/workitem/5409 (System.InvalidCastException - Unable to cast object of type 'Snoop.TrackedEvent' to type 'Snoop.VisualTreeItem') issue. Most recent commit fixes the issue, and presumably blank events view. @as3now could please download the latest version and check whether it fixes your problem?",
      "PostedDate": "2011-02-15T00:15:14.37-08:00",
      "Id": 63491
    },
    {
      "Message": "Thanks for commenting Anvaka ... I've never run into this. Let us know, @as3now, if the latest check-in helps you!",
      "PostedDate": "2011-02-15T06:36:07.223-08:00",
      "Id": 63492
    },
    {
      "Message": "Thanks cplotts, please tell me where to download latest check-in ? is it v2.6.2 rather than v2.6.1 ? I am new here, and I appreciate community support.\r\n> And what do you mean Visual Studio 2008? \r\nI tried the installer, but, I used Snoop to debug my project that I am building with VS 2008",
      "PostedDate": "2011-02-15T22:43:43.307-08:00",
      "Id": 63493
    },
    {
      "Message": "Ok, I've downloaded the last source code, and built it, now, I can see the events sequence!\r\nbig thanks :-)",
      "PostedDate": "2011-02-16T01:27:47.303-08:00",
      "Id": 63494
    },
    {
      "Message": "Glad to hear that Anvaka's fix worked for you. I'll close this item and associate it with that check-in.",
      "PostedDate": "2011-02-16T07:21:03.747-08:00",
      "Id": 63495
    }
  ]
}