{
  "WorkItem": {
    "AffectedComponent": {
      "Name": "",
      "DisplayName": ""
    },
    "ClosedComment": "",
    "ClosedDate": "2011-08-29T13:52:52.647-07:00",
    "CommentCount": 4,
    "Custom": "",
    "Description": "When delving into a datacontext or ItemsSource, the array is not sorted in numeric order by index. \n\nFor example, instead of being sorted like this:\nitem[0]\nitem[1]\n...\nitem[9]\nitem[10]\nitem[11],\n\nit's sorted like this:\nitem[0]\nitem[1]\nitem[10]\nitem[11]\nitem[2]\n...\n\nI have a very simple application attached. Here are the steps to reproduce:\n1) Snoop the combo box.\n2) right-click on the ItemsSource property in the property grid, and click 'delve' in the context menu (or simply double-click to delve).\n3) notice how the items are sorted.",
    "LastUpdatedDate": "2011-08-29T13:52:52.647-07:00",
    "PlannedForRelease": "Snoop 2.7.0",
    "ReleaseVisibleToPublic": true,
    "Priority": {
      "Name": "Low",
      "Severity": 50,
      "Id": 1
    },
    "ProjectName": "snoopwpf",
    "ReportedDate": "2011-08-03T21:32:44.87-07:00",
    "Status": {
      "Name": "Closed",
      "Id": 4
    },
    "ReasonClosed": {
      "Name": "Unassigned"
    },
    "Summary": "Sort an array of items in the property grid in the proper order",
    "Type": {
      "Name": "Issue",
      "Id": 3
    },
    "VoteCount": 1,
    "Id": 6994
  },
  "FileAttachments": [
    {
      "FileId": 371325,
      "FileName": "WpfApplicationMoreThan10Items.zip",
      "DownloadUrl": ".\\371325"
    }
  ],
  "Comments": [
    {
      "Message": "Resolved with changeset 69728.",
      "PostedDate": "2011-08-26T16:15:33.267-07:00",
      "Id": 63521
    },
    {
      "Message": "\n\n** Closed by cplotts 8/26/2011 4:15 PM",
      "PostedDate": "2011-08-29T08:21:01.047-07:00",
      "Id": 63522
    },
    {
      "Message": "Missed that sorting the name column ... also needs the new sorting mechanism ... integration issue!",
      "PostedDate": "2011-08-29T08:21:10.447-07:00",
      "Id": 63523
    },
    {
      "Message": "Resolved with changeset 69762.",
      "PostedDate": "2011-08-29T13:52:52.647-07:00",
      "Id": 63524
    }
  ]
}