{
  "WorkItem": {
    "AffectedComponent": {
      "Name": "",
      "DisplayName": ""
    },
    "ClosedComment": "",
    "ClosedDate": "2010-07-15T19:40:04.303-07:00",
    "CommentCount": 1,
    "Custom": "",
    "Description": "For supported types, the value is shown on the right edge of the \"value\" column in the property editor grid. User can mouse wheel over that displayed content to adjust the value. For types that have \"parts\" (Brushes RGB, Margin Thickess, etc), the user can adjust individual portions of the value quickly.\nHold down shift to adjust by a larger amount.\n\nFrom Dan Hanan",
    "LastUpdatedDate": "2010-07-15T19:40:04.303-07:00",
    "PlannedForRelease": "Snoop 2.6.1",
    "ReleaseVisibleToPublic": true,
    "Priority": {
      "Name": "Low",
      "Severity": 50,
      "Id": 1
    },
    "ProjectName": "snoopwpf",
    "ReportedDate": "2010-07-15T19:35:04.133-07:00",
    "Status": {
      "Name": "Closed",
      "Id": 4
    },
    "ReasonClosed": {
      "Name": "Unassigned"
    },
    "Summary": "Mouse Wheel Editing Support",
    "Type": {
      "Name": "Feature",
      "Id": 1
    },
    "VoteCount": 0,
    "Id": 5149
  },
  "FileAttachments": [],
  "Comments": [
    {
      "Message": "Resolved with changeset 49605.",
      "PostedDate": "2010-07-15T19:40:04.303-07:00",
      "Id": 63436
    }
  ]
}