{
  "WorkItem": {
    "AffectedComponent": {
      "Name": "",
      "DisplayName": ""
    },
    "ClosedComment": "",
    "ClosedDate": null,
    "CommentCount": 1,
    "Custom": null,
    "Description": "I always have the Multiple Dispatcher dialog popping when snopping my apps although I don't have multiple dispatchers in my app. Even snoop opens only one dialog, when in fact it should open multiple since it told me I had multiple dispatchers.",
    "LastUpdatedDate": "2012-07-19T07:18:48.76-07:00",
    "PlannedForRelease": "",
    "ReleaseVisibleToPublic": false,
    "Priority": {
      "Name": "Low",
      "Severity": 50,
      "Id": 1
    },
    "ProjectName": "snoopwpf",
    "ReportedDate": "2012-06-28T08:04:21.523-07:00",
    "Status": {
      "Name": "Proposed",
      "Id": 1
    },
    "ReasonClosed": {
      "Name": "Unassigned"
    },
    "Summary": "Multiple Dispatcher Dialog Showing When It Shouldn't",
    "Type": {
      "Name": "Issue",
      "Id": 3
    },
    "VoteCount": 3,
    "Id": 7928
  },
  "FileAttachments": [],
  "Comments": [
    {
      "Message": "Hi,\n\nAlthough I could not reproduce this issue, I think I have an idea of why this may be happening. Rebuild Snoop with the following code changes, and let us know if it fixes the issue.\n\nIn this method: private static void CheckForOtherDispatchers(Dispatcher mainDispatcher)\n\nChange this line:\n                Visual presentationSourceRootVisual = presentationSource.RootVisual;\n                if (presentationSourceRootVisual == null)\n                    continue;\n\nTo this:\n                Visual presentationSourceRootVisual = presentationSource.RootVisual;\n                if (!(presentationSourceRootVisual is Window))//if (presentationSourceRootVisual == null)\n                    continue;\n\nLet me know if this still happens with this change. If you are unable to build using the current build instructions, let us know, and we can assist.\n\nRegards,\n\nMaciek",
      "PostedDate": "2012-07-10T14:00:04.063-07:00",
      "Id": 69903
    }
  ]
}