{
  "WorkItem": {
    "AffectedComponent": {
      "Name": "",
      "DisplayName": ""
    },
    "ClosedComment": "",
    "ClosedDate": null,
    "CommentCount": 0,
    "Custom": null,
    "Description": "The Keyboard.TabNavigation (attached) property does not show up in the properties pane.  This affects any attached property that specifies the AttachedPropertyBrowsableForType where the TargetType=DependencyObject.  This was previously working in 2.7.1 and broken in 2.8.0.  I will be submitting a pull request shortly with a fix for this issue.",
    "LastUpdatedDate": "2014-08-26T11:48:57.65-07:00",
    "PlannedForRelease": "",
    "ReleaseVisibleToPublic": false,
    "Priority": {
      "Name": "Unassigned",
      "Severity": 0,
      "Id": 0
    },
    "ProjectName": "snoopwpf",
    "ReportedDate": "2014-08-26T11:48:57.65-07:00",
    "Status": {
      "Name": "Proposed",
      "Id": 1
    },
    "ReasonClosed": {
      "Name": "Unassigned"
    },
    "Summary": "Keyboard.TabNavigation does not appear in properties pane",
    "Type": {
      "Name": "Unassigned",
      "Id": 5
    },
    "VoteCount": 1,
    "Id": 7958
  },
  "FileAttachments": [],
  "Comments": []
}