{
  "WorkItem": {
    "AffectedComponent": {
      "Name": "",
      "DisplayName": ""
    },
    "ClosedComment": "",
    "ClosedDate": "2010-07-06T09:25:40.393-07:00",
    "CommentCount": 1,
    "Custom": "",
    "Description": "There are many times where you don't want the application chooser to be visible after you have brought up the main Snoop user interface.\n\nAdd a minimize button so you can then minimize the application chooser.",
    "LastUpdatedDate": "2010-07-06T09:25:40.393-07:00",
    "PlannedForRelease": "Snoop 2.6.0",
    "ReleaseVisibleToPublic": true,
    "Priority": {
      "Name": "Low",
      "Severity": 50,
      "Id": 1
    },
    "ProjectName": "snoopwpf",
    "ReportedDate": "2010-05-24T09:32:34.96-07:00",
    "Status": {
      "Name": "Closed",
      "Id": 4
    },
    "ReasonClosed": {
      "Name": "Unassigned"
    },
    "Summary": "Add a minimize button to the application chooser.",
    "Type": {
      "Name": "Feature",
      "Id": 1
    },
    "VoteCount": 0,
    "Id": 4732
  },
  "FileAttachments": [],
  "Comments": [
    {
      "Message": "This has been fixed in change sets 46826 and 46827.",
      "PostedDate": "2010-05-28T13:56:44.47-07:00",
      "Id": 63399
    }
  ]
}