{
  "WorkItem": {
    "AffectedComponent": {
      "Name": "",
      "DisplayName": ""
    },
    "ClosedComment": "",
    "ClosedDate": "2011-04-08T08:13:03.183-07:00",
    "CommentCount": 1,
    "Custom": "",
    "Description": "Sometimes bogus properties show up when using the filter sets. This is due to the filtering mechanism searching for substrings. A perfect example is how when you use the Layout filter set on a TextBlock ... you get properties like TextOptions.TextFormattingMode ... since 'top' is a case insensitive substring in 'TextOptions'.\n\nFix this by using string.StartsWith versus string.Contains (for the filter sets).",
    "LastUpdatedDate": "2011-04-08T08:13:03.183-07:00",
    "PlannedForRelease": "Snoop 2.7.0",
    "ReleaseVisibleToPublic": true,
    "Priority": {
      "Name": "Low",
      "Severity": 50,
      "Id": 1
    },
    "ProjectName": "snoopwpf",
    "ReportedDate": "2011-04-08T08:09:59.91-07:00",
    "Status": {
      "Name": "Closed",
      "Id": 4
    },
    "ReasonClosed": {
      "Name": "Unassigned"
    },
    "Summary": "Sometimes Bogus Properties Show Up When Using the Filter Sets",
    "Type": {
      "Name": "Issue",
      "Id": 3
    },
    "VoteCount": 0,
    "Id": 6466
  },
  "FileAttachments": [],
  "Comments": [
    {
      "Message": "Resolved with changeset 64821.",
      "PostedDate": "2011-04-08T08:13:03.183-07:00",
      "Id": 63509
    }
  ]
}