{
  "WorkItem": {
    "AffectedComponent": {
      "Name": "",
      "DisplayName": ""
    },
    "ClosedComment": "",
    "ClosedDate": "2010-07-06T09:05:58.533-07:00",
    "CommentCount": 1,
    "Custom": "",
    "Description": "Unfortunately, Snoop still requires WPF 4.0 to run ... which is less than optimal since there are going to be many people installing Snoop on machines that only have WPF 3.5.",
    "LastUpdatedDate": "2010-07-06T09:05:58.533-07:00",
    "PlannedForRelease": "Snoop 2.6.0",
    "ReleaseVisibleToPublic": true,
    "Priority": {
      "Name": "Low",
      "Severity": 50,
      "Id": 1
    },
    "ProjectName": "snoopwpf",
    "ReportedDate": "2010-07-06T09:04:18.953-07:00",
    "Status": {
      "Name": "Closed",
      "Id": 4
    },
    "ReasonClosed": {
      "Name": "Unassigned"
    },
    "Summary": "Snoop 2.6.0 still requires WPF 4.0 to run.",
    "Type": {
      "Name": "Issue",
      "Id": 3
    },
    "VoteCount": 0,
    "Id": 5002
  },
  "FileAttachments": [],
  "Comments": [
    {
      "Message": "Resolved with changeset 48915.",
      "PostedDate": "2010-07-06T09:05:58.533-07:00",
      "Id": 63428
    }
  ]
}