{
  "WorkItem": {
    "AffectedComponent": {
      "Name": "",
      "DisplayName": ""
    },
    "ClosedComment": "",
    "ClosedDate": "2011-10-13T09:48:07.467-07:00",
    "CommentCount": 1,
    "Custom": "",
    "Description": "Typing 'Text' in the filter box for a TextBlock does absolutely nothing ... since ComponentType filtering kicks in.\n\nThis is so unintuitve, let's remove it.",
    "LastUpdatedDate": "2011-10-13T09:48:07.467-07:00",
    "PlannedForRelease": "Snoop 2.7.1",
    "ReleaseVisibleToPublic": true,
    "Priority": {
      "Name": "High",
      "Severity": 150,
      "Id": 3
    },
    "ProjectName": "snoopwpf",
    "ReportedDate": "2011-10-13T09:47:12.927-07:00",
    "Status": {
      "Name": "Closed",
      "Id": 4
    },
    "ReasonClosed": {
      "Name": "Unassigned"
    },
    "Summary": "Remove ComponentType Filtering Because it is Not Intuitive",
    "Type": {
      "Name": "Feature",
      "Id": 1
    },
    "VoteCount": 0,
    "Id": 7351
  },
  "FileAttachments": [],
  "Comments": [
    {
      "Message": "Resolved with changeset 70554.",
      "PostedDate": "2011-10-13T09:48:07.467-07:00",
      "Id": 63569
    }
  ]
}