{
  "WorkItem": {
    "AffectedComponent": {
      "Name": "",
      "DisplayName": ""
    },
    "ClosedComment": "",
    "ClosedDate": "2010-09-22T06:16:34.26-07:00",
    "CommentCount": 5,
    "Custom": "",
    "Description": "It is annoying that the task bar icon only brings up the Snoop application chooser ... and has nothing to do with the main Snoop UI. Let's see if we can add a task bar icon to the main Snoop UI window, so that the user can easily bring up the main Snoop UI.",
    "LastUpdatedDate": "2010-09-22T06:16:34.26-07:00",
    "PlannedForRelease": "Snoop 2.6.1",
    "ReleaseVisibleToPublic": true,
    "Priority": {
      "Name": "Unassigned",
      "Severity": 0,
      "Id": 0
    },
    "ProjectName": "snoopwpf",
    "ReportedDate": "2010-07-29T15:11:33.03-07:00",
    "Status": {
      "Name": "Closed",
      "Id": 4
    },
    "ReasonClosed": {
      "Name": "Unassigned"
    },
    "Summary": "See if we can add a task bar icon for the main Snoop UI.",
    "Type": {
      "Name": "Feature",
      "Id": 1
    },
    "VoteCount": 0,
    "Id": 5304
  },
  "FileAttachments": [],
  "Comments": [
    {
      "Message": "PLEASE PLEASE PLEASE add this - so annoying I have to minimize every window just to get to the Snoop UI window when I could easily access by a taskbar button.",
      "PostedDate": "2010-09-20T10:07:45.31-07:00",
      "Id": 63439
    },
    {
      "Message": "bderosa ... I've been playing around with this after some comments by Pete Brown.\r\n\r\nWhen I turn on the ShowInTaskbar property for the main Snoop UI, it does, in fact, show up in the task bar. The interesting thing is that the task bar icon is grouped with the application being Snooped. Now, I know that this is probably because ... when you Snoop an app, you are inserting yourself into the Snooped application's process (it does show the correct Snoop dog icon on the task bar icon though, but the Snooped application icon is on top and so you don't see it until you click on the task bar icon group).\r\n\r\nSo, this would definitely help you ... but it may not exactly be what you were hoping for ... as my own hope and expectation would be that all the Snoop task bar icons would group together ... unfortunately, I don't know if I can make that happen. Would the above be acceptable? I do think it would be an improvement.\r\n\r\nAnother related item is making the main Snoop UI window being owned by an window in the application being Snooped. And, actually, this is how it works already. The nice thing is that you can click on the icon of the application you are Snooping ... and if it is minimized, it will restore not only the Window you are Snooping but the owned, main Snoop UI. I often use this trick to find the main Snoop UI. That is, if the application I'm Snooping is already on the screen, I will click on the task bar icon once to minimize ... and another time to restore it ... with the side benefit that the main Snoop UI restores along with the other window.\r\n\r\nPete Brown suggested that he didn't want the main Snoop UI to be owned by the application window that you are Snooping ... preferring instead that they all be separate. In this case, though, you can't use the aforementioned trick to bring the main Snoop UI to the foreground.\r\n\r\nSo, my preference is to leave the Window owner stuff alone (also because that is how Pete Blois originally intended it to work/originally wrote it) but to change Snoop so that the main Snoop UI window shows up in the task bar.\r\n\r\nDo you agree? Or do you have any comments?\r\n\r\n",
      "PostedDate": "2010-09-21T08:38:31.74-07:00",
      "Id": 63440
    },
    {
      "Message": "Hi Corey,\r\n\r\nYes, I agree. Great work btw, this tool is invaluable and really should be included w/ VS.\r\n\r\nI was playing around with the source code last night after prepping VS (had to install all the C++ libraries for 2008 & 2010 before I could build) and made the change as well so I understand what you mean by the taskbar buttons grouping. And yeah, probably not ideal that they are grouped but I think it's still an improvement since I can still access it via taskbar button albeit 1 more click away.\r\n\r\nRegarding the owner window, I kind of assumed that was how it worked and prefer it the way it is. I added some code that would move the Snoop UI window to the opposite screen that the source app was on (and maximize it since the visual tree gets so wide) so being able to just access Application.Current.MainWindow was great (and almost too easy). And because they are on different monitors, they show as separate taskbar buttons when UltraMon is installed.\r\n\r\nAgain, great work  - love the app.",
      "PostedDate": "2010-09-21T09:00:08.39-07:00",
      "Id": 63441
    },
    {
      "Message": "That settles it for me ... I've been mulling over it for some time since Pete Brown's blog post:\r\nhttp://10rem.net/blog/2010/07/01/howd-they-build-that-using-snoop-and-wpf-inspector-to-peek-inside-wpf-apps\r\n\r\nI would also be curious to see the little bit of code you added to move the main Snoop UI to the opposite monitor. This could be a useful bit of code. Do you have a file to send me to diff?",
      "PostedDate": "2010-09-22T05:30:22.253-07:00",
      "Id": 63442
    },
    {
      "Message": "Resolved with changeset 56003.",
      "PostedDate": "2010-09-22T06:16:34.26-07:00",
      "Id": 63443
    }
  ]
}