{
  "WorkItem": {
    "AffectedComponent": {
      "Name": "",
      "DisplayName": ""
    },
    "ClosedComment": "I believe this issue has been resolved with the following commits:\nhttp://snoopwpf.codeplex.com/SourceControl/changeset/changes/6e67a766f93a\nhttp://snoopwpf.codeplex.com/SourceControl/changeset/changes/b8225954879b",
    "ClosedDate": "2012-05-12T04:13:59.703-07:00",
    "CommentCount": 4,
    "Custom": null,
    "Description": "See http://snoopwpf.codeplex.com/discussions/346754 for more info.",
    "LastUpdatedDate": "2012-05-12T04:13:59.703-07:00",
    "PlannedForRelease": "",
    "ReleaseVisibleToPublic": false,
    "Priority": {
      "Name": "Low",
      "Severity": 50,
      "Id": 1
    },
    "ProjectName": "snoopwpf",
    "ReportedDate": "2012-02-29T17:49:59.627-08:00",
    "Status": {
      "Name": "Closed",
      "Id": 4
    },
    "ReasonClosed": {
      "Name": "Unassigned"
    },
    "Summary": "Release Version Wasn't Building Managed Injector Launcher to Correct Location",
    "Type": {
      "Name": "Issue",
      "Id": 3
    },
    "VoteCount": 1,
    "Id": 7775
  },
  "FileAttachments": [
    {
      "FileId": 371331,
      "FileName": "snooperr.jpg",
      "DownloadUrl": ".\\371331"
    },
    {
      "FileId": 371332,
      "FileName": "WpfTest.zip",
      "DownloadUrl": ".\\371332"
    }
  ],
  "Comments": [
    {
      "Message": "I think two different issues have become confused.  At least in my case I was able to eliminate the Snoop.XmlSerializers problem by turning off all exception handling for my app when I was trying to Snoop on it.\r\n\r\nI think this work item was opened to track the problem I was having with the TargetInvocationException that went away when I downloaded and built a debug version of Snoop and then when I build a release version of Snoop it couldn't find my app.  I'm attaching the error message I get and the test app.",
      "PostedDate": "2012-02-29T18:37:22.687-08:00",
      "Id": 63581
    },
    {
      "Message": "Here's the test app.",
      "PostedDate": "2012-02-29T18:38:32.007-08:00",
      "Id": 63582
    },
    {
      "Message": "LWDaddio, I just tried reproducing this issue with the latest release, 2.7.1, and wasn't able to. Can you download the latest version and try too?\n\nOne thing I recently fixed is that the release version of Snoop wasn't putting the managed injector launcher pieces in the right place. This would probably account for the release build failing. See the following commits:\nhttp://snoopwpf.codeplex.com/SourceControl/changeset/changes/6e67a766f93a\nhttp://snoopwpf.codeplex.com/SourceControl/changeset/changes/b8225954879b\n\nAs to the debug build failing ... Snoop relies on the MSVC++2010 redistributables for the injection. If Snoop is still failing for you, make sure you have these installed (see the following issue for some links on where to download them from).\nhttp://snoopwpf.codeplex.com/workitem/5601",
      "PostedDate": "2012-05-12T04:08:59.913-07:00",
      "Id": 65563
    },
    {
      "Message": "Just took a look at your attached error image. This is definitely the same error I got when tried to run the release build ... when the managed injector launcher was not in the right place.",
      "PostedDate": "2012-05-12T04:12:37.153-07:00",
      "Id": 65564
    }
  ]
}