[
  {
    "Id": "0",
    "Name": "Snoop 2.7.1",
    "DevelopmentStatus": "Stable",
    "Description": "!! Snoop 2.7.1\nI am happy to announce Snoop 2.7.1.\n\nIt is mostly a minor bug fixing release, but there have been some annoying crashes that have been fixed ... that we want to push out so that people who run into them, do not have to download the source code and rebuild it.\n\nBesides bug fixes, we have made some minor improvements as well. In particular, there is now a methods tab from which you can call methods on your objects.\n\nCheck the tables below for specific information on what went into this release.\n\n!! Snoop Now Supports Git\nAnother reason to make a release, is to publicize the fact that the Snoop repository has been converted to support Git. Both the repository here at Codeplex ([url:http://snoopwpf.codeplex.com]) and also the new sibling repository at GitHub ([url:https://github.com/cplotts/snoopwpf]). There are no plans to get rid of the repository here, so don't worry. Feel free to participate at either or both locations. Also note that the code base at both repositories will be kept in sync ... so it shouldn't matter which one you would like to download code from.\n\nSo, here is the exciting part. What does it mean to you? Well, it means that you can now fork the project, make changes, and then send pull requests.\n\nLet me explain. Snoop has been and will continue to be a community driven tool. That is, one of the main things I (and the rest of the team) do, is to evaluate suggestions on fixes and suggestions on enhancements, and then integrate them into the main code base. Prior to moving to Git, this process was fairly manual since we didn't want to open access to the source code repository to everyone ... in order to keep the Snoop utility and code base as stable as possible. Now, however, it should be a much more natural and supported process since Git was developed with open source in mind by Linus Torvolds for the development of the Linux kernel.\n\nSo, you have a change that you want to suggest adding in to the Snoop code base? Well, you simply fork the project and make the change in your forked project. You test it out and then when it is ready, you send us a pull request. At that point, we will evaluate the pull request and determine whether it should be added or not. If it isn't added, you still have your forked project ... and it will be much easier for you to stay in sync by merging in changes from the main project, if you so desire. It is a win-win situation.\n\n!! Team Snoop\nAnother thing to announce (and I should have done this a long time ago), but shortly after the last release, I asked some long time contributors to join the project. So, instead of just one developer (myself) on Snoop, we are now a team of four. With this release, please welcome Dan Hanan, Anvaka (Andrei Kashcha), and Maciek Rakowski.\n\nHopefully, having four team members will help with the times ... when one of us (or more) is busy at our day jobs. And please remember, we do all have day jobs. Snoop is a labor of love and a way of giving back to the community. Please be patient if we don't have the chance to respond right away.\n\nThanks and happy Snooping!\n\n!! Features\n|| Work Item || Description ||\n| [url:7351|http://snoopwpf.codeplex.com/workitem/7351] | Remove ComponentType Filtering Because it is Not Intuitive |\n| [url:7189|http://snoopwpf.codeplex.com/workitem/7189] | Create a \"Methods\" tab on which we can invoke methods |\n| [url:7157|http://snoopwpf.codeplex.com/workitem/7157] | Delve breadcrumb path |\n| [url:4946|http://snoopwpf.codeplex.com/workitem/4946] | Remember the states of the show defaults button and the toggle previewer button. |\n\n!! Bug Fixes\n|| Work Item || Description ||\n| [url:7926|http://snoopwpf.codeplex.com/workitem/7926] | Fix the Lag in the Filtering TextBox(es) |\n| [url:7411|http://snoopwpf.codeplex.com/workitem/7411] | Fix the flaky scrolling in the property grid (once items have been filtered). |\n| [url:7217|http://snoopwpf.codeplex.com/workitem/7217] | Preview area does not show for custom System.Windows.Co",
    "ReleasedDatge": "0001-01-01T00:00:00",
    "ModifiedDate": "2012-05-04T14:41:03.71-07:00",
    "Files": [
      {
        "Id": "8b68e66d-77a7-438c-8271-1883f92f3afb",
        "FileName": "Snoop.msi",
        "Url": "./0/8b68e66d-77a7-438c-8271-1883f92f3afb",
        "Type": "Application",
        "UploadDate": "2012-05-04T13:59:18.393-07:00"
      },
      {
        "Id": "b17e064b-3703-4f31-b16e-fc8d8b38fd4a",
        "FileName": "Snoop.zip",
        "Url": "./0/b17e064b-3703-4f31-b16e-fc8d8b38fd4a",
        "Type": "Application",
        "UploadDate": "2012-05-04T13:59:18.473-07:00"
      }
    ]
  },
  {
    "Id": "1",
    "Name": "Snoop 2.7.0",
    "DevelopmentStatus": "Stable",
    "Description": "*Important Note*\n*If you were one of the first 100 people to download the new Snoop 2.7 update, you will need to download it again, uninstall, & then reinstall. We found and fixed a crash with delving collections!*\n\n\nIt's been a while since the last release, but hopefully, you're going to love this one.\n\nMost notably, Anvaka (Andrei Kashcha) has added support for dragging and dropping some crosshairs onto the application that you want to Snoop or Magnify. This means that you no longer have to wait for that combo box to refresh! In fact, I have removed the automatic refresh of the combo box on startup.\n\nAnother major improvement is that Snoop can now handle applications with multiple dispatchers.\n\nPlease take a look at the lists below for Features and Bug Fixes to see what else has been taken care of.\n\nI want to call out special attention to Andrei Kascha and Maciek Rakowski for all the work they've done in this latest release. Thanks and kudos to you!\n\n!! Features\n|| Work Item || Description ||\n| [url:7105|http://snoopwpf.codeplex.com/workitem/7105] | Andrei Kashcha: Add Drag & Drop Functionality to Select Which WPF Window to Snoop |\n| [url:6791|http://snoopwpf.codeplex.com/workitem/6791] | Andrei Kashcha: Add Main Window Title to Snoop UI Title Bar |\n| [url:7062|http://snoopwpf.codeplex.com/workitem/7062] | Maciek Rakowski: Add a separate tab for the datacontext. |\n| [url:4736|http://snoopwpf.codeplex.com/workitem/4736] | Maciek Rakowski: Make it so you can zoom the preview pane. |\n| [url:4919|http://snoopwpf.codeplex.com/workitem/4919] | Maciek Rakowski: See if we can display the value of the x:Key attribute. |\n| [url:6497|http://snoopwpf.codeplex.com/workitem/6497] | Dan Hanan: Move the Minimize/Close Buttons into Main App Chooser Bar |\n| [url:6512|http://snoopwpf.codeplex.com/workitem/6512] | Bert Vanhooff: Add the ability to capture hi-res screenshots. |\n| [url:5955|http://snoopwpf.codeplex.com/workitem/5955] | Jason Jibben: Add Ability to Change Install Location |\n| [url:6467|http://snoopwpf.codeplex.com/workitem/6467] | Add a ComponentType Column to the Property Grid |\n\n!! Bug Fixes\n|| Work Item || Description ||\n| [url:4984|http://snoopwpf.codeplex.com/workitem/4984] | Andrei Kashcha: The Events Area Doesn't Work with Secondary Windows/Dialogs |\n| [url:6234|http://snoopwpf.codeplex.com/workitem/6234] | Andrei Kashcha: v2.6.1: Routed Events View is blank! |\n| [url:6235|http://snoopwpf.codeplex.com/workitem/6235] | Andrei Kashcha: When Clicking on Event Name in Events Area, Property Grid Stops Updating |\n| [url:6236|http://snoopwpf.codeplex.com/workitem/6236] | Andrei Kashcha: Keyboard Functionality in Events TreeView Not Working Very Well |\n| [url:6464|http://snoopwpf.codeplex.com/workitem/6464] | Snoop Crashes When Trying to Snoop a Visual Tree with a Bad Resource |\n| [url:6647|http://snoopwpf.codeplex.com/workitem/6647] | Snoop Shows App, But You Can't Snoop |\n| [url:6334|http://snoopwpf.codeplex.com/workitem/6334] | Maciek Rakowski: Snoop crashes on program having multiple dispatchers. |\n| [url:6258|http://snoopwpf.codeplex.com/workitem/6258] | Maciek Rakowski: Snoop causes the application to crash when snooping certain elements |\n| [url:6722|http://snoopwpf.codeplex.com/workitem/6722] | Maciek Rakowski: Snoop causes application to crash on a certain binding error. |\n| [url:6994|http://snoopwpf.codeplex.com/workitem/6994] | Maciek Rakowski: Sort an array of items in the property grid in the proper order. |\n| [url:7073|http://snoopwpf.codeplex.com/workitem/7073] | Maciek Rakowski: Values in property grid are unnecessarily cleared. |\n| [url:7095|http://snoopwpf.codeplex.com/workitem/7095] | Maciek Rakowski: Delving doesn't work for very specific case. |\n| [url:4988|http://snoopwpf.codeplex.com/workitem/4988] | Typing in the property grid filter TextBox breaks the the other filtering functionality. |\n| [url:6466|http://snoopwpf.codeplex.com/workitem/6466] | Sometimes Bogus Properties Show Up When Using the Filter Sets |",
    "ReleasedDatge": "0001-01-01T00:00:00",
    "ModifiedDate": "2011-10-12T16:00:57.067-07:00",
    "Files": [
      {
        "Id": "c732055d-2e8f-4d5d-9643-4d6a88b30f4a",
        "FileName": "Snoop.msi",
        "Url": "./1/c732055d-2e8f-4d5d-9643-4d6a88b30f4a",
        "Type": "Application",
        "UploadDate": "2011-09-03T10:21:21.977-07:00"
      },
      {
        "Id": "129ec9b3-b11a-4824-9bf2-a22be43b05b7",
        "FileName": "Snoop.zip",
        "Url": "./1/129ec9b3-b11a-4824-9bf2-a22be43b05b7",
        "Type": "Application",
        "UploadDate": "2011-10-12T16:00:54.393-07:00"
      }
    ]
  },
  {
    "Id": "2",
    "Name": "Snoop 2.6.1",
    "DevelopmentStatus": "Stable",
    "Description": "This release is a bug fixing release. Most importantly, issues have been seen around WPF 4.0 applications not always showing up in the app chooser. Hopefully, they are fixed now. I thought this issue warranted a minor release since more and more people are going WPF 4.0 and I don't want anyone to have any problems.\n\n[url:Dan Hanan|http://blogs.interknowlogy.com/author/danhanan/] also contributes again with several usability features. Thanks Dan!\n\nHappy Snooping!\n\np.s.\nBy [url:request|http://snoopwpf.codeplex.com/workitem/6227], I am also attaching a .zip file ... so that people can install it manually if they wish.\n\n|| Work Item || Description   ||\n| [url:5149|http://snoopwpf.codeplex.com/workitem/5149] | Dan Hanan: You can now use the mouse wheel to edit property values. |\n| [url:5150|http://snoopwpf.codeplex.com/workitem/5150] | Dan Hanan: Double-clicking a property name will now delve that property. |\n| [url:5261|http://snoopwpf.codeplex.com/workitem/5261] | Dan Hanan: The property filter sets can now be modified. |\n| [url:4989|http://snoopwpf.codeplex.com/workitem/4989] | Clearing the visual tree filter ... now actually works. |\n| [url:5304|http://snoopwpf.codeplex.com/workitem/5304] | After consideration, modified Snoop so that the main Snoop UI has a task bar icon. It shows up under the application being Snoop(ed), however, not as a separate task bar icon. |\n| [url:5307|http://snoopwpf.codeplex.com/workitem/5307] | I was confused for a bit about the ability to Snoop a dialog. You must bring up the dialog first and then Snoop ... in order for it to work. |\n| [url:5558|http://snoopwpf.codeplex.com/workitem/5558] | Fixed an application crash in VisualTreeItem.Reload. |\n| [url:5964|http://snoopwpf.codeplex.com/workitem/5964] | Fixed a situation where WPF 4.0 applications don't show up in the app chooser. |\n| [url:6090|http://snoopwpf.codeplex.com/workitem/6090] | Fixed another situation where applications weren't showing up in the app chooser. |",
    "ReleasedDatge": "0001-01-01T00:00:00",
    "ModifiedDate": "2011-04-19T06:29:22.883-07:00",
    "Files": [
      {
        "Id": "4840a6d0-a195-4738-8623-b3532ca7e614",
        "FileName": "Snoop.msi",
        "Url": "./2/4840a6d0-a195-4738-8623-b3532ca7e614",
        "Type": "Application",
        "UploadDate": "2011-02-10T15:04:22.79-08:00"
      },
      {
        "Id": "06369cd6-6893-4ec9-b03b-7296e3fc079b",
        "FileName": "Snoop_v2.6.1.zip",
        "Url": "./2/06369cd6-6893-4ec9-b03b-7296e3fc079b",
        "Type": "Application",
        "UploadDate": "2011-02-11T10:53:10.58-08:00"
      }
    ]
  },
  {
    "Id": "3",
    "Name": "Snoop 2.6.0",
    "DevelopmentStatus": "Stable",
    "Description": "This release includes several bug fixes (see below) ... but most notably *there is now one version of Snoop again, not four* ... and Snoop is smart enough to Snoop applications regardless of whether the application has been built on top of WPF 3.5 or WPF 4.0 ... or whether the application is a 32-bit application or a 64-bit application.\n\nSpecial thanks goes out to Bruno Martinez for this contribution.\n\nAs always, Happy Snooping!\n\n|| Work Item || Description   ||\n| [url:4250|http://snoopwpf.codeplex.com/workitem/4250] | Right-clicking on the white space in the properties grid opens the context menu now. |\n| [url:4729|http://snoopwpf.codeplex.com/workitem/4729] | The scope up button has artwork now. |\n| [url:4732|http://snoopwpf.codeplex.com/workitem/4732] | You can now minimize the app chooser. |\n| [url:4735|http://snoopwpf.codeplex.com/workitem/4735] | Added tool tips and labels to everything I could. |\n| [url:4741|http://snoopwpf.codeplex.com/workitem/4741] | Snoop now searches for a visible window to be set as the owner. |\n| [url:4775|http://snoopwpf.codeplex.com/workitem/4775] | Fixed the app chooser so that it shows the refresh command better. |\n| [url:4776|http://snoopwpf.codeplex.com/workitem/4776] | Modified the app chooser so that its width is fixed. |\n| [url:4778|http://snoopwpf.codeplex.com/workitem/4778] | Fixed the app chooser so that you can tell when it has focus. |\n| [url:4845|http://snoopwpf.codeplex.com/workitem/4845] | Fixed the Snoop start up process to be more robust for multi-threaded scenarios. |\n| [url:4846|http://snoopwpf.codeplex.com/workitem/4846] | Switched the visual item resources so that it is right under the visual item. |\n| [url:4865|http://snoopwpf.codeplex.com/workitem/4865] | Fixed the Snoop start up process to handle situation where main window has been created after the application. |\n| [url:4730|http://snoopwpf.codeplex.com/workitem/4730] | Fixed Snoop so that you don't have four version to handle all the Snooping scenarios. |\n| [url:5002|http://snoopwpf.codeplex.com/workitem/5002] | Fixed Snoop so that it doesn't require WPF 4.0 to run. |",
    "ReleasedDatge": "0001-01-01T00:00:00",
    "ModifiedDate": "2011-04-19T06:29:35.943-07:00",
    "Files": [
      {
        "Id": "8e05e207-3fd1-4487-8ee8-7cce9d2e5d83",
        "FileName": "Snoop.msi",
        "Url": "./3/8e05e207-3fd1-4487-8ee8-7cce9d2e5d83",
        "Type": "Application",
        "UploadDate": "2010-07-06T09:08:30.63-07:00"
      }
    ]
  },
  {
    "Id": "4",
    "Name": "Snoop 2.5.1",
    "DevelopmentStatus": "Stable",
    "Description": "This is a minor bug fix release for Snoop.\n\nIn particular, I have fixed the installers so that they create separately named shortcuts ... for each version of Snoop. This is helpful if you download and use all 4 versions. This fix alone warranted a minor release, in my opinion. [url:http://snoopwpf.codeplex.com/WorkItem/View.aspx?WorkItemId=4086]\n\nI have also fixed:\n1. The visual tree now better brings elements into view (in particular, horizontally). [url:http://snoopwpf.codeplex.com/WorkItem/View.aspx?WorkItemId=4251]\n2. Snoop no longer needs admin rights on Windows XP to Snoop. [url:http://snoopwpf.codeplex.com/WorkItem/View.aspx?WorkItemId=4306]\n3. If you Snoop a black background, white foreground application in some cases ... Snoop was hard to use. [url:http://snoopwpf.codeplex.com/WorkItem/View.aspx?WorkItemId=4701]\n4. Fixed the horizontal splitter so that you can adjust the size of the previewer pane. [url:http://snoopwpf.codeplex.com/WorkItem/View.aspx?WorkItemId=4702]\n\nHappy Snooping!",
    "ReleasedDatge": "0001-01-01T00:00:00",
    "ModifiedDate": "2011-04-19T06:29:53.947-07:00",
    "Files": [
      {
        "Id": "c6225e82-b4fb-4cee-92fa-7de484c7fabc",
        "FileName": "Snoop_WPF35_x86.zip",
        "Url": "./4/c6225e82-b4fb-4cee-92fa-7de484c7fabc",
        "Type": "Application",
        "UploadDate": "2010-05-21T15:44:42.81-07:00"
      },
      {
        "Id": "256d2bcd-ab10-4ad3-8d2a-fc6d2912a3b4",
        "FileName": "Snoop_WPF35_x64.zip",
        "Url": "./4/256d2bcd-ab10-4ad3-8d2a-fc6d2912a3b4",
        "Type": "Application",
        "UploadDate": "2010-05-21T15:44:42.827-07:00"
      },
      {
        "Id": "44dbd9ae-914d-461e-8d8a-9cbdef08e5af",
        "FileName": "Snoop_WPF4_x86.zip",
        "Url": "./4/44dbd9ae-914d-461e-8d8a-9cbdef08e5af",
        "Type": "Application",
        "UploadDate": "2010-05-21T15:44:42.857-07:00"
      },
      {
        "Id": "1201fb17-71cd-4bc5-b7da-26c028e90d26",
        "FileName": "Snoop_WPF4_x64.zip",
        "Url": "./4/1201fb17-71cd-4bc5-b7da-26c028e90d26",
        "Type": "Application",
        "UploadDate": "2010-05-21T15:47:53.8-07:00"
      }
    ]
  },
  {
    "Id": "5",
    "Name": "Snoop 2.5",
    "DevelopmentStatus": "Stable",
    "Description": "This is the Snoop release (which I'm calling Snoop 2.5) which begins to support WPF 4.0.\n\nSo, now there is a 32-bit and 64-bit version for WPF 4.0 ... as well as the previously available 32-bit and 64-bit versions for WPF 3.5.\n\nThere is an installer for all four versions. I have set the default download to be the 32-bit version for WPF 3.5 ... but don't forget about the other three! Otherwise, you will have to build them yourself.\n\n_Note:_\n_If you try and use the WPF 3.5 version to Snoop a WPF 4.0 application ... the Snoop app chooser can't find the application ... it will say 'Can't find an application, main window, or non-null PresentationSource root visual!'_",
    "ReleasedDatge": "0001-01-01T00:00:00",
    "ModifiedDate": "2011-04-19T06:30:11.007-07:00",
    "Files": [
      {
        "Id": "d01cccd9-e53c-4011-8cbc-ac43f8799bcc",
        "FileName": "Snoop_x86_WPF35.zip",
        "Url": "./5/d01cccd9-e53c-4011-8cbc-ac43f8799bcc",
        "Type": "Application",
        "UploadDate": "2010-02-14T10:54:28.973-08:00"
      },
      {
        "Id": "52976664-f8d0-4ca8-af81-59a196aaeff2",
        "FileName": "Snoop_x64_WPF3.5.zip",
        "Url": "./5/52976664-f8d0-4ca8-af81-59a196aaeff2",
        "Type": "Application",
        "UploadDate": "2010-02-14T10:54:29.003-08:00"
      },
      {
        "Id": "592d0f0e-edda-4d8e-bf35-602806647596",
        "FileName": "Snoop_x86_WPF4.zip",
        "Url": "./5/592d0f0e-edda-4d8e-bf35-602806647596",
        "Type": "Application",
        "UploadDate": "2010-02-14T10:54:29.037-08:00"
      },
      {
        "Id": "62e66107-4801-4222-af4f-b4bbc16c77bb",
        "FileName": "Snoop_x64_WPF4.zip",
        "Url": "./5/62e66107-4801-4222-af4f-b4bbc16c77bb",
        "Type": "Application",
        "UploadDate": "2010-02-14T10:54:29.067-08:00"
      }
    ]
  },
  {
    "Id": "6",
    "Name": "Initial CodePlex Release",
    "DevelopmentStatus": "Beta",
    "Description": "Here are the installers for the initial CodePlex release of Snoop ... both the 32-bit version and the 64-bit version.",
    "ReleasedDatge": "0001-01-01T00:00:00",
    "ModifiedDate": "2010-02-11T11:44:37.237-08:00",
    "Files": [
      {
        "Id": "110f1c28-dd0d-45be-8159-9e2857680f29",
        "FileName": "Snoop_x86.zip",
        "Url": "./6/110f1c28-dd0d-45be-8159-9e2857680f29",
        "Type": "Application",
        "UploadDate": "2010-02-11T11:39:38.093-08:00"
      },
      {
        "Id": "27bcaa0d-2bf4-43f3-9f55-8f7b7b3bfa4f",
        "FileName": "Snoop_x64.zip",
        "Url": "./6/27bcaa0d-2bf4-43f3-9f55-8f7b7b3bfa4f",
        "Type": "Application",
        "UploadDate": "2010-02-11T11:39:38.127-08:00"
      }
    ]
  },
  {
    "Id": "7",
    "Name": "Snoop 2.8.1",
    "DevelopmentStatus": "Planning",
    "Description": "This is just a placeholder release so that we can assign fixes and features to it.",
    "ReleasedDatge": "0001-01-01T00:00:00",
    "ModifiedDate": "2012-10-04T17:10:41.517-07:00",
    "Files": []
  },
  {
    "Id": "8",
    "Name": "Snoop 2.8.0",
    "DevelopmentStatus": "Stable",
    "Description": "!! Snoop 2.8.0\nAnnouncing Snoop 2.8.0!\n\nIt's been exactly six months since the last release, and this one has a bunch of goodies in it. In particular, there is now a PowerShell scripting tab, compliments of [url:Bailey Ling|http://blingcode.blogspot.com/]. With this tab, the possibilities are limitless. It basically lets you automate/script the application that you are Snooping. Bailey has a couple blog posts ([url:one|http://blingcode.blogspot.com/2012/07/snoopshell-marriage-of-snoop-wpf-and.html] and [url:two|http://blingcode.blogspot.com/2012/07/snoopshell-evolution.html]) on his tab already, and I am sure more is to come.\n\n_Please note that if you do not have PowerShell installed, you will not see the PowerShell tab in Snoop._\n\nIn my mind, Bailey's PowerShell feature and the other contributions brought in this way are all evidence that moving Snoop to Git was the right decision. Everyone was able to easily fork Snoop, make these modifications, and then send me a pull request.\n\n!! Release Notes\nWithout further adieu, here is everything that went into the release.\n\n* As I have already mentioned, Bailey Ling has added a PowerShell scripting tab.\n* Fixed a [url:crash|http://snoopwpf.codeplex.com/workitem/7397] for a situation involving attached properties on interfaces.\n* Jason Jibben has provided a bootstrapper installer (Setup.exe) that installs the MSVC++ redistributables that are needed by the managed injector pieces. After the bootstrapper has downloaded and installed the redistributables, it automatically launches Snoop.msi.\n* Dawn Wright improved how brushes work in Snoop.\n** Brushes now display the x:Key attribute of brushes, to better visualize which keyed brush resources are used. The keys appear in the value area of brush items, and also appear when delving.\n** The brush swatch rendering has been improved. The swatch is now visible on all backgrounds, so that it is easier to tell the difference between transparent, null, and white brushes.\n* Dan Hanan has created a nifty, nifty little feature that tracks property changes and copies them to the clipboard when you are done Snooping (i.e. when you close down the Snoop window). Very useful for when you use Snoop to do some designing at run-time. You can also fire this functionality by hitting Ctrl-Shift-C.\n* Dan also added the binding path (inside curly braces) to data bound values in the property grid. At a glance, you can see what property on your view model a particular property is getting bound to.\n* Finally, Dan added what is one of my favorite usability improvements in quite a while. You can now hit the Escape key to clear the property grid filter.\n* Maciek Rakowski fixed some issues with the multiple dispatcher mode.\n* Maciek also fixed a crash caused by Snooping a RowDefinition.\n* Finally, Maciek spearheaded the effort to put in a dialog which catches unhandled exceptions in the Snooped app and possibly within Snoop itself. There is also a neat little feature that lets you automatically create a CodePlex and/or GitHub issue, if you think the issue is Snoop's issue rather than your own.\n* Oliver Dalet found and fixed a memory leak in the injection code.\n\nFinally, we have also updated the source code so that when you pull it down ... you also pull down the pre-built managed injector assemblies. What this means is that you no longer need Visual Studio 2008 in order to compile Snoop. You just load the SnoopOnly.sln solution file in Visual Studio 2010 and compile away. It's also a much faster compile that way ... since you aren't compiling the C++ projects.\n\nHappy Snooping ... and I hope you enjoy the latest release!",
    "ReleasedDatge": "0001-01-01T00:00:00",
    "ModifiedDate": "2012-10-05T15:03:58.41-07:00",
    "Files": [
      {
        "Id": "8c97db56-7396-4526-9449-4eee863e7648",
        "FileName": "SnoopInstaller.zip",
        "Url": "./8/8c97db56-7396-4526-9449-4eee863e7648",
        "Type": "Application",
        "UploadDate": "2012-10-04T16:09:02.907-07:00"
      },
      {
        "Id": "1b89eb26-0f70-4140-bd71-58f9068d1460",
        "FileName": "Snoop.zip",
        "Url": "./8/1b89eb26-0f70-4140-bd71-58f9068d1460",
        "Type": "Application",
        "UploadDate": "2012-10-04T16:45:24.76-07:00"
      }
    ]
  }
]