[
  {
    "Title": "Home",
    "Id": "746691",
    "ParentWikiTitle": "Home",
    "FileExtension": "html",
    "UpdatedDate": "2013-06-24T08:33:32.283-07:00",
    "FileAttachments": []
  },
  {
    "Title": "Troubleshooting",
    "Id": "648402",
    "ParentWikiTitle": "Documentation",
    "FileExtension": "html",
    "UpdatedDate": "2012-10-31T11:36:07.703-07:00",
    "FileAttachments": []
  },
  {
    "Title": "Main User Interface",
    "Id": "592340",
    "ParentWikiTitle": "Documentation",
    "FileExtension": "html",
    "UpdatedDate": "2012-06-20T20:33:24.54-07:00",
    "FileAttachments": [
      {
        "Id": "e04ccc7b-48f0-4ec3-ab29-7c25bec11ada",
        "FileName": "SnoopMainUIAnnotated_2.png",
        "DownloadUri": "./592340/e04ccc7b-48f0-4ec3-ab29-7c25bec11ada"
      },
      {
        "Id": "d48293eb-46b1-4a76-ae42-e1a4203cd7f7",
        "FileName": "SnoopMainUIAnnotated_thumb.png",
        "DownloadUri": "./592340/d48293eb-46b1-4a76-ae42-e1a4203cd7f7"
      },
      {
        "Id": "e04bc4f2-1a04-4a9c-97c3-6d25699c68a1",
        "FileName": "SnoopPreviewToggleButton_2.png",
        "DownloadUri": "./592340/e04bc4f2-1a04-4a9c-97c3-6d25699c68a1"
      },
      {
        "Id": "3737fbbc-a465-47f4-a59d-16e53fbba47e",
        "FileName": "SnoopPreviewToggleButton_thumb.png",
        "DownloadUri": "./592340/3737fbbc-a465-47f4-a59d-16e53fbba47e"
      }
    ]
  },
  {
    "Title": "Preview Area",
    "Id": "592326",
    "ParentWikiTitle": "Main User Interface",
    "FileExtension": "codeplexwiki",
    "UpdatedDate": "2012-06-20T19:54:40.48-07:00",
    "FileAttachments": []
  },
  {
    "Title": "Property Grid",
    "Id": "592325",
    "ParentWikiTitle": "Main User Interface",
    "FileExtension": "codeplexwiki",
    "UpdatedDate": "2012-06-20T19:53:31.713-07:00",
    "FileAttachments": []
  },
  {
    "Title": "Visual Tree",
    "Id": "592324",
    "ParentWikiTitle": "Main User Interface",
    "FileExtension": "codeplexwiki",
    "UpdatedDate": "2012-06-20T19:50:29.52-07:00",
    "FileAttachments": []
  },
  {
    "Title": "App Chooser",
    "Id": "591007",
    "ParentWikiTitle": "Documentation",
    "FileExtension": "html",
    "UpdatedDate": "2012-06-18T06:57:34.573-07:00",
    "FileAttachments": [
      {
        "Id": "cdda97cc-c89a-4bd6-8e2f-9b5e31bcc6ca",
        "FileName": "SnoopAppChooser_2.png",
        "DownloadUri": "./591007/cdda97cc-c89a-4bd6-8e2f-9b5e31bcc6ca"
      },
      {
        "Id": "936ade5c-5749-4c60-84f8-beceeea5ab21",
        "FileName": "SnoopAppChooser_thumb.png",
        "DownloadUri": "./591007/936ade5c-5749-4c60-84f8-beceeea5ab21"
      },
      {
        "Id": "c41b8842-3bca-454f-8081-04dd22ddc1f0",
        "FileName": "SnoopAppChooserComboBox_4.png",
        "DownloadUri": "./591007/c41b8842-3bca-454f-8081-04dd22ddc1f0"
      },
      {
        "Id": "b472f313-e40a-4d91-8993-cd0ea6289c3a",
        "FileName": "SnoopAppChooserComboBox_thumb_1.png",
        "DownloadUri": "./591007/b472f313-e40a-4d91-8993-cd0ea6289c3a"
      },
      {
        "Id": "7efb3fc8-edf2-40c2-8071-10d6c2fb85fc",
        "FileName": "SnoopAppChooserComboBoxFilled_2.png",
        "DownloadUri": "./591007/7efb3fc8-edf2-40c2-8071-10d6c2fb85fc"
      },
      {
        "Id": "30fe9093-b940-485e-867e-391ceaab34ca",
        "FileName": "SnoopAppChooserComboBoxFilled_thumb.png",
        "DownloadUri": "./591007/30fe9093-b940-485e-867e-391ceaab34ca"
      },
      {
        "Id": "42198334-eb67-45cf-ac32-7ae1cb8171f3",
        "FileName": "SnoopBinoculars_2.png",
        "DownloadUri": "./591007/42198334-eb67-45cf-ac32-7ae1cb8171f3"
      },
      {
        "Id": "471aec21-7671-48aa-989b-1e18366ea25c",
        "FileName": "SnoopBinoculars_thumb.png",
        "DownloadUri": "./591007/471aec21-7671-48aa-989b-1e18366ea25c"
      },
      {
        "Id": "cda89f57-c7b4-4e7a-a394-86ff8fbb5640",
        "FileName": "SnoopMagnifyingGlass_2.png",
        "DownloadUri": "./591007/cda89f57-c7b4-4e7a-a394-86ff8fbb5640"
      },
      {
        "Id": "d379eea4-2297-45ff-8f05-af156a164e92",
        "FileName": "SnoopMagnifyingGlass_thumb.png",
        "DownloadUri": "./591007/d379eea4-2297-45ff-8f05-af156a164e92"
      },
      {
        "Id": "6e406ce4-4bc9-4486-b6ed-91a74c829f39",
        "FileName": "wlEmoticon-winkingsmile_2.png",
        "DownloadUri": "./591007/6e406ce4-4bc9-4486-b6ed-91a74c829f39"
      },
      {
        "Id": "7ad1eb01-7308-4cb1-917d-4486467242ad",
        "FileName": "SnoopCrosshairs_2.png",
        "DownloadUri": "./591007/7ad1eb01-7308-4cb1-917d-4486467242ad"
      },
      {
        "Id": "e57c68ea-6b7c-47d9-b008-a0a6fa2c5dd5",
        "FileName": "SnoopCrosshairs_thumb.png",
        "DownloadUri": "./591007/e57c68ea-6b7c-47d9-b008-a0a6fa2c5dd5"
      },
      {
        "Id": "5b9b3b3a-4a29-4060-ac9c-9ee7e0803e53",
        "FileName": "SnoopSnoopableCursor_2.png",
        "DownloadUri": "./591007/5b9b3b3a-4a29-4060-ac9c-9ee7e0803e53"
      },
      {
        "Id": "437e0d77-7a95-43c3-adc8-7bc6d75a0919",
        "FileName": "SnoopSnoopableCursor_thumb.png",
        "DownloadUri": "./591007/437e0d77-7a95-43c3-adc8-7bc6d75a0919"
      },
      {
        "Id": "4fbefc1e-a0ca-4238-9f52-2b0198908a3d",
        "FileName": "SnoopMinimize_2.png",
        "DownloadUri": "./591007/4fbefc1e-a0ca-4238-9f52-2b0198908a3d"
      },
      {
        "Id": "f4983d30-88f7-416b-9e33-0e1d9efcaca2",
        "FileName": "SnoopMinimize_thumb.png",
        "DownloadUri": "./591007/f4983d30-88f7-416b-9e33-0e1d9efcaca2"
      },
      {
        "Id": "452d0727-9fdf-4aa4-8822-c458f0efceca",
        "FileName": "SnoopClose_2.png",
        "DownloadUri": "./591007/452d0727-9fdf-4aa4-8822-c458f0efceca"
      },
      {
        "Id": "fea09b9e-4e35-4f03-90b9-a4f7c1c0f02e",
        "FileName": "SnoopClose_thumb.png",
        "DownloadUri": "./591007/fea09b9e-4e35-4f03-90b9-a4f7c1c0f02e"
      }
    ]
  },
  {
    "Title": "Quick Start",
    "Id": "586882",
    "ParentWikiTitle": "Documentation",
    "FileExtension": "html",
    "UpdatedDate": "2012-06-10T06:21:08.527-07:00",
    "FileAttachments": [
      {
        "Id": "6d72a532-b89e-4297-9467-f73e630e28f1",
        "FileName": "SnoopShortcut_4.png",
        "DownloadUri": "./586882/6d72a532-b89e-4297-9467-f73e630e28f1"
      },
      {
        "Id": "5f686a3b-14c9-40c7-8cc7-0d991700b549",
        "FileName": "SnoopShortcut_thumb_1.png",
        "DownloadUri": "./586882/5f686a3b-14c9-40c7-8cc7-0d991700b549"
      },
      {
        "Id": "b61d3d58-52aa-4b42-b392-5701e2de03b3",
        "FileName": "SnoopAppChooser_2.png",
        "DownloadUri": "./591007/cdda97cc-c89a-4bd6-8e2f-9b5e31bcc6ca"
      },
      {
        "Id": "594d32cb-3df1-48de-b198-3e6674e39a49",
        "FileName": "SnoopAppChooser_thumb.png",
        "DownloadUri": "./591007/936ade5c-5749-4c60-84f8-beceeea5ab21"
      },
      {
        "Id": "d4f433e0-e8b7-4017-8938-769f85da5a05",
        "FileName": "image_8.png",
        "DownloadUri": "./586882/d4f433e0-e8b7-4017-8938-769f85da5a05"
      },
      {
        "Id": "33984649-da66-484f-9d31-583b9a5c07b5",
        "FileName": "image_thumb_3.png",
        "DownloadUri": "./586882/33984649-da66-484f-9d31-583b9a5c07b5"
      },
      {
        "Id": "f685bc7c-86e6-494b-91dc-ff3d034c1be7",
        "FileName": "MainSnoopUI_2.png",
        "DownloadUri": "./586882/f685bc7c-86e6-494b-91dc-ff3d034c1be7"
      },
      {
        "Id": "d042d543-4a00-4d5c-9ecd-87ec89c99fb9",
        "FileName": "MainSnoopUI_thumb.png",
        "DownloadUri": "./586882/d042d543-4a00-4d5c-9ecd-87ec89c99fb9"
      },
      {
        "Id": "8c7ced57-d7f1-4283-abe5-2673f2fd76ab",
        "FileName": "SnoopVisualSelected_2.png",
        "DownloadUri": "./586882/8c7ced57-d7f1-4283-abe5-2673f2fd76ab"
      },
      {
        "Id": "98b4dc64-d6a4-4304-8bca-7040cc4ce00c",
        "FileName": "SnoopVisualSelected_thumb.png",
        "DownloadUri": "./586882/98b4dc64-d6a4-4304-8bca-7040cc4ce00c"
      },
      {
        "Id": "56753ad4-d25f-4faf-9b74-9bcbe3db89d3",
        "FileName": "SnoopPropertyEdited_2.png",
        "DownloadUri": "./586882/56753ad4-d25f-4faf-9b74-9bcbe3db89d3"
      },
      {
        "Id": "6d063490-82dc-49e1-89dc-794ad7b6bbec",
        "FileName": "SnoopPropertyEdited_thumb.png",
        "DownloadUri": "./586882/6d063490-82dc-49e1-89dc-794ad7b6bbec"
      }
    ]
  },
  {
    "Title": "Tips & Tricks",
    "Id": "586853",
    "ParentWikiTitle": "Documentation",
    "FileExtension": "codeplexwiki",
    "UpdatedDate": "2012-06-10T05:43:52.85-07:00",
    "FileAttachments": []
  },
  {
    "Title": "Magnifier",
    "Id": "586852",
    "ParentWikiTitle": "Documentation",
    "FileExtension": "codeplexwiki",
    "UpdatedDate": "2012-06-10T05:43:43.613-07:00",
    "FileAttachments": []
  },
  {
    "Title": "Documentation",
    "Id": "586850",
    "ParentWikiTitle": "Documentation",
    "FileExtension": "html",
    "UpdatedDate": "2012-06-10T05:42:47.617-07:00",
    "FileAttachments": [
      {
        "Id": "9a732e50-e36a-423d-9f1f-abcfb2fede55",
        "FileName": "SnoopShortcut_4.png",
        "DownloadUri": "./586882/6d72a532-b89e-4297-9467-f73e630e28f1"
      },
      {
        "Id": "7652f76f-695c-45fb-b283-533f71aa991a",
        "FileName": "SnoopShortcut_thumb_1.png",
        "DownloadUri": "./586882/5f686a3b-14c9-40c7-8cc7-0d991700b549"
      },
      {
        "Id": "82ecef19-6b50-416a-9efd-8115f27226ff",
        "FileName": "SnoopAppChooser_2.png",
        "DownloadUri": "./591007/cdda97cc-c89a-4bd6-8e2f-9b5e31bcc6ca"
      },
      {
        "Id": "3ac2ccc0-b58b-47cb-8205-4c7e19827f9c",
        "FileName": "SnoopAppChooser_thumb.png",
        "DownloadUri": "./591007/936ade5c-5749-4c60-84f8-beceeea5ab21"
      },
      {
        "Id": "5cb01755-29eb-4b8c-a028-22655c8009af",
        "FileName": "image_8.png",
        "DownloadUri": "./586882/d4f433e0-e8b7-4017-8938-769f85da5a05"
      },
      {
        "Id": "b41f6502-f853-4f9d-aa89-297c2b020a64",
        "FileName": "image_thumb_3.png",
        "DownloadUri": "./586882/33984649-da66-484f-9d31-583b9a5c07b5"
      },
      {
        "Id": "9c587058-413f-4700-8bd9-33447aafa7bb",
        "FileName": "MainSnoopUI_2.png",
        "DownloadUri": "./586882/f685bc7c-86e6-494b-91dc-ff3d034c1be7"
      },
      {
        "Id": "02886593-7046-49f6-a5d0-94e6c8d18417",
        "FileName": "MainSnoopUI_thumb.png",
        "DownloadUri": "./586882/d042d543-4a00-4d5c-9ecd-87ec89c99fb9"
      },
      {
        "Id": "e634ea24-4398-4635-94bd-e6673cf70441",
        "FileName": "SnoopVisualSelected_2.png",
        "DownloadUri": "./586882/8c7ced57-d7f1-4283-abe5-2673f2fd76ab"
      },
      {
        "Id": "7b22c6ab-5c52-4b71-be87-b672a78e3549",
        "FileName": "SnoopVisualSelected_thumb.png",
        "DownloadUri": "./586882/98b4dc64-d6a4-4304-8bca-7040cc4ce00c"
      },
      {
        "Id": "a6c5737d-cd6f-43a2-92cf-bf4fa134291b",
        "FileName": "SnoopPropertyEdited_2.png",
        "DownloadUri": "./586882/56753ad4-d25f-4faf-9b74-9bcbe3db89d3"
      },
      {
        "Id": "b49b671d-c9f5-4189-bb3a-a548a725865d",
        "FileName": "SnoopPropertyEdited_thumb.png",
        "DownloadUri": "./586882/6d063490-82dc-49e1-89dc-794ad7b6bbec"
      }
    ]
  },
  {
    "Title": "Archived",
    "Id": "585709",
    "ParentWikiTitle": "Documentation",
    "FileExtension": "html",
    "UpdatedDate": "2012-06-07T19:28:13.11-07:00",
    "FileAttachments": []
  },
  {
    "Title": "Building Snoop",
    "Id": "585701",
    "ParentWikiTitle": "Troubleshooting",
    "FileExtension": "html",
    "UpdatedDate": "2012-06-07T18:41:12.857-07:00",
    "FileAttachments": []
  }
]
